,SAAP,BP,AAS,AAS index,Positional probability,charge,TMT set,Dataset,saap_b_left_frag,saap_b_left_frag_mass,saap_b_right_frag,saap_b_right_frag_mass,saap_y_left_frag,saap_y_left_frag_mass,saap_y_right_frag,saap_y_right_frag_mass,bp_b_left_frag,bp_b_left_frag_mass,bp_b_right_frag,bp_b_right_frag_mass,bp_y_left_frag,bp_y_left_frag_mass,bp_y_right_frag,bp_y_right_frag_mass
0,VGGHAGEYGAEALER,VGAHAGEYGAEALER,A to G,2,0.33,3,S2,fcb2,b2,b3,y14,y13,b2,b3,y14,y13,,443.256958007813,,,386.236480712891,457.355987548828,,
1,LCDFGVSGQLIDSMAMSFVGTR,LCDFGVSGQLIDSMANSFVGTR,N to M,3,0.249,3,S2,fcb2,b3,b4,y20,y19,b3,b4,y20,y19,,765.432006835938,,,,765.247619628906,,1986.43090820313
2,KAEGVALTNATGVVESTSQAGDR,KAEGVALTNATGAVESTSQAGDR,A to V,1,0.937,3,S2,fcb2,b1,b2,y23,y22,b1,b2,y23,y22,,,,,,,,
3,AHIDLGCAADVEAVQTGLDLLEILR,AHITLGCAADVEAVQTGLDLLEILR,T to D,3,0.166,3,S2,fcb2,b3,b4,y23,y22,b3,b4,y23,y22,,,,,551.252075195313,,,
4,AGQQAEAER,AQQQAEAER,Q to G,1,0.013,2,S2,fcb2,b1,b2,y9,y8,b1,b2,y9,y8,,358.096740722656,,888.431945800781,,429.337554931641,,959.320678710938
5,AGLADSFHLQQFFR,AQLADSFHLQQFFR,Q to G,1,0.49,3,S2,fcb2,b1,b2,y14,y13,b1,b2,y14,y13,,358.184204101563,,,,429.281433105469,,
6,ILTITGPTDAIFK,IVTITGPTDAIFK,V to L,0,0.991,2,S2,fcb2,b0,b1,y14,y13,b0,b1,y14,y13,,,,,,,,
7,VPITWVSGTSASTPVFGGILSLINEHR,VPIPWVSGTSASTPVFGGILSLINEHR,P to T,1,0.313,3,S2,fcb2,b1,b2,y27,y26,b1,b2,y27,y26,,426.395812988281,,,,426.262268066406,,
8,EANALAAGHPAQAAAINAR,EANALAAGHPAQAVAINAR,V to A,0,1.0,3,S2,fcb2,b0,b1,y20,y19,b0,b1,y20,y19,,,,,,,,
9,AGDSELER,ASDSELER,S to G,1,0.5,2,S2,fcb2,b1,b2,y8,y7,b1,b2,y8,y7,,358.152404785156,,,,388.238098144531,,835.384765625
10,LLEGEEDR,LLEGEEER,E to D,0,1.0,2,S2,fcb2,b0,b1,y9,y8,b0,b1,y9,y8,,,,,,,,
11,AEDEENEK,AEAEENEK,A to D,0,1.0,2,S2,fcb2,b0,b1,y9,y8,b0,b1,y9,y8,,,,,,,,
12,DSPETEESPAPEPR,DSPETEENPAPEPR,N to S,0,0.998,2,S2,fcb2,b0,b1,y15,y14,b0,b1,y15,y14,,,,,,,,
13,DVEMGNSTIEENEMK,DVEMGNSVIEENEMK,V to T,1,0.174,2,S2,fcb2,b1,b2,y15,y14,b1,b2,y15,y14,,444.16748046875,,,,444.171600341797,,1837.763671875
14,ADGNNQDGVVASQPAR,AWGNNQDGVVASQPAR,W to D,1,0.022,3,S2,fcb2,b1,b2,y16,y15,b1,b2,y16,y15,,,,,,487.284851074219,,1598.86376953125
15,EGGQTAPASSR,EGGQTAPASTR,T to S,0,0.996,2,S2,fcb2,b0,b1,y12,y11,b0,b1,y12,y11,,,,,,,,
16,AYHEQLSVAEITNACFEPAMQMVK,AYHEQLSVAEITNACFEPANQMVK,N to M,3,0.018,4,S2,fcb2,b3,b4,y22,y21,b3,b4,y22,y21,601.36474609375,,,,,730.178833007813,,
17,FFESFGMLSTPDAVMGNPK,FFESFGDLSTPDAVMGNPK,D to M,2,0.03,3,S2,fcb2,b2,b3,y18,y17,b2,b3,y18,y17,,,,,524.344299316406,653.170043945313,,
18,ASGNNQDGVVASQPAR,AWGNNQDGVVASQPAR,W to S,1,0.982,2,S2,fcb2,b1,b2,y16,y15,b1,b2,y16,y15,,388.267517089844,,1499.66479492188,,487.284851074219,,1598.86376953125
19,GILVDLEPGTMDSVR,AILVDLEPGTMDSVR,A to G,0,0.5,2,S2,fcb2,b0,b1,y16,y15,b0,b1,y16,y15,,,,,,,,
20,QYTWGVVQVENENHCDFVK,QYPWGVVQVENENHCDFVK,P to T,0,0.463,3,S2,fcb2,b0,b1,y20,y19,b0,b1,y20,y19,,,,,,,,
21,YCTFMDDIQGTAAVALAGLLAAQK,YCTFNDDIQGTAAVALAGLLAAQK,N to M,4,0.099,3,S2,fcb2,b4,b5,y21,y20,b4,b5,y21,y20,,,,,800.883422851563,,,
22,SLGQNPTEAELQDMINEVDADGNGTIDFNEFLTMMAR,SLGQNPTEAELQDMINEVDADGNGTIDFPEFLTMMAR,P to N,0,0.014,4,S2,fcb2,b0,b1,y38,y37,b0,b1,y38,y37,,,,,,,,
23,LGFSEVELVQTVVDGVK,LGFSEVELVQMVVDGVK,M to T,0,0.485,3,S2,fcb2,b0,b1,y18,y17,b0,b1,y18,y17,,,,,,,,
24,HSQTDQEPMCPVGMMK,HSQTDQEPMCPVGMNK,N to M,2,0.012,3,S2,fcb2,b2,b3,y15,y14,b2,b3,y15,y14,,,,,,,,
25,AGALQEECGYLR,AQALQEECGYLR,Q to G,1,0.014,2,S2,fcb2,b1,b2,y12,y11,b1,b2,y12,y11,,358.052612304688,,,,429.197875976563,,1366.53674316406
26,IVGTAGTEEGQK,ILGTAGTEEGQK,L to V,1,0.017,2,S2,fcb2,b1,b2,y12,y11,b1,b2,y12,y11,,442.240692138672,,,,456.305786132813,,1319.56872558594
27,GILAADESVGNMAK,GILAADESVGSMAK,S to N,1,0.332,2,S2,fcb2,b1,b2,y14,y13,b1,b2,y14,y13,,400.297790527344,,1563.91174316406,,400.345825195313,,1520.80419921875
28,DSGSSSGSQGR,DWGSSSGSQGR,W to S,1,0.983,2,S2,fcb2,b1,b2,y11,y10,b1,b2,y11,y10,,432.205505371094,,909.295288085938,,531.182495117188,,1008.30139160156
29,EALQDPEDENQ,EALQDVEDENQ,V to P,1,0.5,2,S2,fcb2,b1,b2,y11,y10,b1,b2,y11,y10,,430.300415039063,,1158.22192382813,,430.158386230469,,1160.37084960938
30,RHPYFYAPDLLFFAK,RHPYFYAPELLFFAK,E to D,1,0.5,3,S2,fcb2,b1,b2,y15,y14,b1,b2,y15,y14,,523.325500488281,,,,523.365966796875,,
31,LLGNVLVCVLAHNFGK,LLGNVLVCVLAHHFGK,H to N,0,0.996,3,S2,fcb2,b0,b1,y17,y16,b0,b1,y17,y16,,,,,,,,
32,MYGVLTWNAFPGK,MYGVLPWNAFPGK,P to T,0,0.495,2,S2,fcb2,b0,b1,y14,y13,b0,b1,y14,y13,,,,,,,,
33,NLSTFAMDGK,NLSTFAVDGK,V to M,0,1.0,2,S2,fcb2,b0,b1,y11,y10,b0,b1,y11,y10,,,,,,,,
34,EQLYTTASLK,EQLYTPASLK,P to T,0,0.996,2,S2,fcb2,b0,b1,y11,y10,b0,b1,y11,y10,,,,,,,,
35,LSGSNSGNTATLTISR,FSGSNSGNTATLTISR,F to L,0,0.984,2,S2,fcb2,b0,b1,y17,y16,b0,b1,y17,y16,,,,,,,,
36,SIQFVDSCPTGFK,SIQFVDWCPTGFK,W to S,0,0.99,2,S2,fcb2,b0,b1,y14,y13,b0,b1,y14,y13,,,,,,,,
37,NSTIVFPLPIDTLQGIIGAK,NSTIVFPLPIDMLQGIIGAK,M to T,4,0.199,3,S2,fcb2,b4,b5,y17,y16,b4,b5,y17,y16,645.205322265625,744.295654296875,,,645.332214355469,744.576538085938,,
38,AGIHDLVLVGGSTR,AQIHDLVLVGGSTR,Q to G,1,0.248,3,S2,fcb2,b1,b2,y14,y13,b1,b2,y14,y13,,,,,,,,
39,AGLGGPEAAK,AQLGGPEAAK,Q to G,1,0.858,2,S2,fcb2,b1,b2,y10,y9,b1,b2,y10,y9,,358.028686523438,,1028.76416015625,,429.213195800781,,1099.39465332031
40,YISVIYTNYEAGK,YISLIYTNYEAGK,L to V,1,0.326,3,S2,fcb2,b1,b2,y13,y12,b1,b2,y13,y12,,506.359161376953,,,,506.194488525391,,
41,LEQGQAIDDLTPAQK,LEQGQAIDDLMPAQK,M to T,0,0.983,3,S2,fcb2,b0,b1,y16,y15,b0,b1,y16,y15,,,,,,,,
42,ILITWLLSPESLDIK,ILIPWLLSPESLDIK,P to T,0,0.494,3,S2,fcb2,b0,b1,y16,y15,b0,b1,y16,y15,,,,,,,,
43,ILAAQGQVSAQGGAQPSVEAPAAPRPTATQLTR,ILAAQGQLSAQGGAQPSVEAPAAPRPTATQLTR,L to V,0,0.999,4,S2,fcb2,b0,b1,y34,y33,b0,b1,y34,y33,,,,,,,,
44,KSEAPAAPAAQETK,KTEAPAAPAAQETK,T to S,1,0.496,3,S2,fcb2,b1,b2,y14,y13,b1,b2,y14,y13,,674.677124023438,,,,688.408935546875,,1513.74975585938
45,VVGAFSDGLAHLDNLK,VLGAFSDGLAHLDNLK,L to V,1,0.248,3,S2,fcb2,b1,b2,y16,y15,b1,b2,y16,y15,,428.103576660156,,,,442.262878417969,,
46,VLGAFSDGLAHLDNVK,VLGAFSDGLAHLDNLK,L to V,0,0.022,3,S2,fcb2,b0,b1,y17,y16,b0,b1,y17,y16,,,,,,,,
47,VGINYQPPSVVPGGDLAK,VGINYQPPTVVPGGDLAK,T to S,1,0.331,3,S2,fcb2,b1,b2,y18,y17,b1,b2,y18,y17,,,,,,386.172760009766,,1954.83666992188
48,WLTLEANPEVTNQFLK,WLPLEANPEVTNQFLK,P to T,2,0.161,3,S2,fcb2,b2,b3,y15,y14,b2,b3,y15,y14,529.16162109375,,,,529.194641113281,,,
49,TTWGIIEVENLNHCEFALLR,TPWGIIEVENLNHCEFALLR,P to T,1,0.198,3,S2,fcb2,b1,b2,y20,y19,b1,b2,y20,y19,,,,,,,,
50,TCDPGMTAFEPEALGNLVEGLDFHR,MCDPGMTAFEPEALGNLVEGLDFHR,M to T,0,0.333,3,S2,fcb2,b0,b1,y26,y25,b0,b1,y26,y25,,,,,,,,
51,QIVWNGTVGVFEWEAFAR,QIVWNGPVGVFEWEAFAR,P to T,3,0.197,3,S2,fcb2,b3,b4,y16,y15,b3,b4,y16,y15,570.289794921875,,,,570.281066894531,756.3095703125,,
52,ILITWLLSPESLDIK,ILIPWLLSPESLDIK,P to T,0,0.496,3,S2,fcb2,b0,b1,y16,y15,b0,b1,y16,y15,,,,,,,,
53,GDSAPAAAK,GDSAPATAK,T to A,0,0.999,2,S2,fcb2,b0,b1,y10,y9,b0,b1,y10,y9,,,,,,,,
54,AEGAPNQGK,AEGTPNQGK,T to A,0,1.0,2,S2,fcb2,b0,b1,y10,y9,b0,b1,y10,y9,,,,,,,,
55,AGGENISVSK,AGQENISVSK,Q to G,2,0.053,2,S2,fcb2,b2,b3,y9,y8,b2,b3,y9,y8,,415.318664550781,,1062.35021972656,358.133483886719,486.179290771484,1190.50341796875,1133.38854980469
56,DCEQAENSMAAR,DCEQAENWMAAR,W to S,1,0.333,2,S2,fcb2,b1,b2,y12,y11,b1,b2,y12,y11,,505.052307128906,,1266.33142089844,,505.16796875,,1365.46154785156
57,GDSAPAAAK,GDSAPATAK,T to A,0,0.993,2,S2,fcb2,b0,b1,y10,y9,b0,b1,y10,y9,,,,,,,,
58,SSQESGEEAGSQENHPQESK,SSQESGEETGSQENHPQESK,T to A,0,1.0,4,S2,fcb2,b0,b1,y21,y20,b0,b1,y21,y20,,,,,,,,
59,ALLVTASGCQQPAENK,ALLVTASQCQQPAENK,Q to G,7,0.019,3,S2,fcb2,b7,b8,y10,y9,b7,b8,y10,y9,,942.277099609375,,,885.348205566406,1013.36853027344,,
60,SDSELNNEVAAR,SDSELNSEVAAR,S to N,2,0.435,2,S2,fcb2,b2,b3,y11,y10,b2,b3,y11,y10,432.201599121094,519.1796875,1217.46057128906,1102.34741210938,432.110168457031,519.197265625,1190.39245605469,1075.28662109375
61,NTSSAGSWNSGSSGPGSTGNR,NPSSAGSWNSGSSGPGSTGNR,P to T,1,0.311,3,S2,fcb2,b1,b2,y21,y20,b1,b2,y21,y20,,,,,,441.2080078125,,1849.716796875
62,VPTANVSVVDLTCF,VPTANVSVVDLTCR,R to F,2,0.333,2,S2,fcb2,b2,b3,y13,y12,b2,b3,y13,y12,426.332305908203,527.34326171875,1422.63977050781,1325.60900878906,,,,
63,LYTWGIVEVENQAHCDFVK,LYPWGIVEVENQAHCDFVK,P to T,0,0.031,3,S2,fcb2,b0,b1,y20,y19,b0,b1,y20,y19,,,,,,,,
64,QTAASAGLVDAPAAAPAAAR,QTAASAGLVDAPAPAPAAAR,P to A,0,0.143,3,S2,fcb2,b0,b1,y21,y20,b0,b1,y21,y20,,,,,,,,
65,GSYTEVEDNR,GSYMEVEDNR,M to T,0,0.985,2,S2,fcb2,b0,b1,y11,y10,b0,b1,y11,y10,,,,,,,,
66,TLANLTWIVEPGQEAK,TLANLPWIVEPGQEAK,P to T,1,0.32,3,S2,fcb2,b1,b2,y16,y15,b1,b2,y16,y15,,,,,,444.280426025391,,1894.02270507813
67,DSDVGDEAQSK,DSYVGDEAQSK,Y to D,0,1.0,2,S2,fcb2,b0,b1,y12,y11,b0,b1,y12,y11,,,,,,,,
68,TTTTGWTLDQCIQTGVDNPGHPFIK,TTPTGWTLDQCIQTGVDNPGHPFIK,P to T,2,0.164,4,S2,fcb2,b2,b3,y24,y23,b2,b3,y24,y23,432.139892578125,,,,432.193725585938,,,
69,DLYANDVLSGGTTMYPGIADR,DLYANTVLSGGTTMYPGIADR,T to D,2,0.243,3,S2,fcb2,b2,b3,y20,y19,b2,b3,y20,y19,,621.310241699219,,,458.291839599609,621.379272460938,,1986.59130859375
70,HLGGITWTYAEDAVPTLTPCR,HLGGIPWTYAEDAVPTLTPCR,P to T,0,0.242,3,S2,fcb2,b0,b1,y22,y21,b0,b1,y22,y21,,,,,,,,
71,GSASIGSLCADAR,TSASIGSLCADAR,T to G,0,0.997,2,S2,fcb2,b0,b1,y14,y13,b0,b1,y14,y13,,,,,,,,
72,LYTWGVVEVENPEHNDFLK,LYPWGVVEVENPEHNDFLK,P to T,0,0.48,3,S2,fcb2,b0,b1,y20,y19,b0,b1,y20,y19,,,,,,,,
73,AATYWITAPQNLVLSPGEDGTLICR,AAPYWITAPQNLVLSPGEDGTLICR,P to T,0,0.022,3,S2,fcb2,b0,b1,y26,y25,b0,b1,y26,y25,,,,,,,,
74,MPNAMLVNLEEPLASTYQDILYQAK,NPNAMLVNLEEPLASTYQDILYQAK,N to M,0,0.12,3,S2,fcb2,b0,b1,y26,y25,b0,b1,y26,y25,,,,,,,,
75,QSASQLQK,QPASQLQK,P to S,0,0.997,2,S2,fcb2,b0,b1,y9,y8,b0,b1,y9,y8,,,,,,,,
0,AETMELNDR,AEMMELNDR,M to T,0,1.0,2,S3,fcb3,b0,b1,y10,y9,b0,b1,y10,y9,,,,,,,,
1,ETWLNENQR,ETWLSENQR,S to N,1,0.988,2,S3,fcb3,b1,b2,y9,y8,b1,b2,y9,y8,,460.279663085938,,1060.28137207031,,460.250457763672,,1033.2509765625
2,FQMPDQGMQSADDFFQGTK,FQMPDQGMTSADDFFQGTK,T to Q,2,0.019,3,S3,fcb3,b2,b3,y18,y17,b2,b3,y18,y17,505.293640136719,636.238647460938,,,505.317016601563,636.244750976563,,
3,VVAQVANALAHK,VVAGVANALAHK,G to Q,1,0.328,3,S3,fcb3,b1,b2,y12,y11,b1,b2,y12,y11,,,,,,428.189666748047,,
4,ITSEAGDGATK,ITSEGGDGATK,G to A,0,0.991,2,S3,fcb3,b0,b1,y12,y11,b0,b1,y12,y11,,,,,,,,
5,GTVAGWINALEAYQK,GPVAGWINALEAYQK,P to T,1,0.092,3,S3,fcb3,b1,b2,y15,y14,b1,b2,y15,y14,,,,,,,,
6,EANALAAGHPAQAAAINAR,EANALAAGHPAQAVAINAR,V to A,3,0.871,3,S3,fcb3,b3,b4,y17,y16,b3,b4,y17,y16,544.297973632813,615.229064941406,,,544.13134765625,615.200805664063,,
7,VLEAFSDGLAHLDNLK,VLGAFSDGLAHLDNLK,G to E,2,0.143,3,S3,fcb3,b2,b3,y15,y14,b2,b3,y15,y14,,,,,442.223449707031,,,
8,VFIMDMCEELIPEYLNFIR,VFIMDNCEELIPEYLNFIR,N to M,5,0.125,3,S3,fcb3,b5,b6,y15,y14,b5,b6,y15,y14,,,,,,965.3193359375,,
9,ALTFWNEEIVPQIK,ALPFWNEEIVPQIK,P to T,0,0.247,3,S3,fcb3,b0,b1,y15,y14,b0,b1,y15,y14,,,,,,,,
10,AILVDLEPGQMDSVR,AILVDLEPGTMDSVR,T to Q,2,0.268,2,S3,fcb3,b2,b3,y14,y13,b2,b3,y14,y13,414.184204101563,527.279052734375,1587.80908203125,1474.6982421875,414.275268554688,527.190124511719,1544.74169921875,1431.53601074219
11,GQDENPVVHFFK,TQDENPVVHFFK,T to G,0,0.332,3,S3,fcb3,b0,b1,y13,y12,b0,b1,y13,y12,,,,,,,,
12,LLVSASQDNK,LLVSASQDGK,G to N,0,0.994,2,S3,fcb3,b0,b1,y11,y10,b0,b1,y11,y10,,,,,,,,
13,LSPQGQQPLNPQSGSPQQQR,LSPQGQQPLSPQSGSPQQQR,S to N,0,1.0,3,S3,fcb3,b0,b1,y21,y20,b0,b1,y21,y20,,,,,,,,
14,VIISAPSADAPMFVTGVNHEK,VIISAPSADAPMFVMGVNHEK,M to T,0,0.985,3,S3,fcb3,b0,b1,y22,y21,b0,b1,y22,y21,,,,,,,,
15,NMTEAEQQQLIDDHFLFDK,SMTEAEQQQLIDDHFLFDK,S to N,0,0.489,3,S3,fcb3,b0,b1,y20,y19,b0,b1,y20,y19,,,,,,,,
16,GDSAPAAAK,GDSAPATAK,T to A,0,1.0,2,S3,fcb3,b0,b1,y10,y9,b0,b1,y10,y9,,,,,,,,
17,AEGAPNQGK,AEGTPNQGK,T to A,0,1.0,2,S3,fcb3,b0,b1,y10,y9,b0,b1,y10,y9,,,,,,,,
18,ADVPLPLDLLTSFWK,ADVPLPLDLLPSFWK,P to T,0,0.496,3,S3,fcb3,b0,b1,y16,y15,b0,b1,y16,y15,,,,,,,,
19,IGDTNPWLQIDLMK,IGDPNPWLQIDLMK,P to T,3,0.031,3,S3,fcb3,b3,b4,y12,y11,b3,b4,y12,y11,515.260009765625,,,,,,,
20,DVTWGVDSLITLAFQDQR,DVPWGVDSLITLAFQDQR,P to T,2,0.165,3,S3,fcb3,b2,b3,y17,y16,b2,b3,y17,y16,444.164916992188,544.892211914063,,,444.138977050781,,,
21,FQMPDQGTTSADDFFQGTK,FQMPDQGMTSADDFFQGTK,M to T,4,0.891,3,S3,fcb3,b4,b5,y16,y15,b4,b5,y16,y15,,848.703430175781,,,,848.40185546875,,
22,GMYGIENEVFLSFPCILNAR,GMYGIENEVFLSLPCILNAR,L to F,0,0.995,3,S3,fcb3,b0,b1,y21,y20,b0,b1,y21,y20,,,,,,,,
23,RIDNLMDEISFLK,RIDSLMDEISFLK,S to N,0,0.247,3,S3,fcb3,b0,b1,y14,y13,b0,b1,y14,y13,,,,,,,,
24,VVVAENFDMIVNNENK,VVVAENFDEIVNNENK,E to M,0,0.988,3,S3,fcb3,b0,b1,y17,y16,b0,b1,y17,y16,,,,,,,,
25,WGDAGAEYPVESTGVFTTMEK,WGDAGAEYVVESTGVFTTMEK,V to P,0,0.053,3,S3,fcb3,b0,b1,y22,y21,b0,b1,y22,y21,,,,,,,,
26,LGVENCYFNMFVSQSALEK,LGVENCYFPMFVSQSALEK,P to N,0,0.493,3,S3,fcb3,b0,b1,y20,y19,b0,b1,y20,y19,,,,,,,,
27,RLSLESEGAAEGAAASPELSALEEAFR,RLSLESEGAGEGAAASPELSALEEAFR,G to A,0,0.999,3,S3,fcb3,b0,b1,y28,y27,b0,b1,y28,y27,,,,,,,,
28,GVDAQGTSSK,GVDAQGTLSK,L to S,0,0.999,2,S3,fcb3,b0,b1,y11,y10,b0,b1,y11,y10,,,,,,,,
29,ALTVPELTQQDFDAK,ALTVPELTQQVFDAK,V to D,0,0.5,3,S3,fcb3,b0,b1,y16,y15,b0,b1,y16,y15,,,,,,,,
30,ELVDDSLNNVR,ELVDDSVNNVR,V to L,0,0.996,2,S3,fcb3,b0,b1,y12,y11,b0,b1,y12,y11,,,,,,,,
31,TSASIGSVCADAR,TSASIGSLCADAR,L to V,2,0.198,2,S3,fcb3,b2,b3,y12,y11,b2,b3,y12,y11,418.191040039063,489.344940185547,1193.33471679688,1106.40246582031,418.265533447266,489.212219238281,1207.48193359375,1120.32250976563
32,DSDVGDEAQSK,DSYVGDEAQSK,Y to D,0,1.0,2,S3,fcb3,b0,b1,y12,y11,b0,b1,y12,y11,,,,,,,,
33,VNFHFILFNNTDGHLYELDGR,VNFHFILFNNVDGHLYELDGR,V to T,1,0.936,3,S3,fcb3,b1,b2,y21,y20,b1,b2,y21,y20,,,,,,443.044708251953,,
34,LLEGEEDR,LLEGEEER,E to D,0,1.0,2,S3,fcb3,b0,b1,y9,y8,b0,b1,y9,y8,,,,,,,,
35,AEDEENEK,AEAEENEK,A to D,0,1.0,2,S3,fcb3,b0,b1,y9,y8,b0,b1,y9,y8,,,,,,,,
36,ESDTEVITVEK,EPDTEVITVEK,P to S,1,0.979,2,S3,fcb3,b1,b2,y11,y10,b1,b2,y11,y10,,446.105865478516,,1349.70654296875,,456.344604492188,,1359.65588378906
37,SEMEETLTAITEELAVSMK,SEMEEALTAITEELAVSMK,A to T,2,0.018,3,S3,fcb3,b2,b3,y18,y17,b2,b3,y18,y17,,577.231079101563,,,446.272094726563,593.21630859375,,
38,LSLESEGAGEAAAASPELSALEEAFR,LSLESEGAGEGAAASPELSALEEAFR,G to A,0,0.327,3,S3,fcb3,b0,b1,y27,y26,b0,b1,y27,y26,,,,,,,,
39,QYTWGVVQVENENHCDFVK,QYPWGVVQVENENHCDFVK,P to T,0,0.995,3,S3,fcb3,b0,b1,y20,y19,b0,b1,y20,y19,,,,,,,,
40,AILVDLEPGQMDSVR,AILVDLEPGTMDSVR,T to Q,2,0.189,2,S3,fcb3,b2,b3,y14,y13,b2,b3,y14,y13,414.184204101563,527.279052734375,1587.80908203125,1474.6982421875,414.275268554688,527.190124511719,1544.74169921875,1431.53601074219
41,DNPLLAQLIQDK,DNALLAQLIQDK,A to P,2,0.25,3,S3,fcb3,b2,b3,y11,y10,b2,b3,y11,y10,,,,,459.25244140625,530.224914550781,1455.89721679688,1341.65844726563
42,AGPTVTLFPPSSEELQANK,ANPTVTLFPPSSEELQANK,N to G,1,0.199,3,S3,fcb3,b1,b2,y19,y18,b1,b2,y19,y18,,,,,,,,
43,ATSMVFAMFDQSQIQEFK,ATSNVFAMFDQSQIQEFK,N to M,3,0.019,3,S3,fcb3,b3,b4,y16,y15,b3,b4,y16,y15,,,,,,603.295227050781,,
44,ATSWFDTGLSEMR,APSWFDTGLSEMR,P to T,1,0.249,3,S3,fcb3,b1,b2,y13,y12,b1,b2,y13,y12,,402.711303710938,,,,,,1425.62890625
45,GIQEEDEALVK,GIQEEMEALVK,M to D,0,1.0,2,S3,fcb3,b0,b1,y12,y11,b0,b1,y12,y11,,,,,,,,
46,LLTQDEGPALVPSGR,LLTQDEGPALVPGGR,G to S,1,0.25,2,S3,fcb3,b1,b2,y15,y14,b1,b2,y15,y14,,456.213439941406,,1439.6884765625,,456.296142578125,,1409.80676269531
47,EPLQDVEDENQ,EALQDVEDENQ,A to P,1,0.331,2,S3,fcb3,b1,b2,y11,y10,b1,b2,y11,y10,,456.296447753906,,,,430.188903808594,,1160.60473632813
48,VGAHAGEDGAEALER,VGAHAGEYGAEALER,Y to D,0,1.0,3,S3,fcb3,b0,b1,y16,y15,b0,b1,y16,y15,,,,,,,,
49,EAASDQEALAR,EAASYQEALAR,Y to D,0,1.0,2,S3,fcb3,b0,b1,y12,y11,b0,b1,y12,y11,,,,,,,,
50,LQMPVLGDTPADDFCQGTK,LQMPVLGMTPADDFCQGTK,M to D,0,0.999,3,S3,fcb3,b0,b1,y20,y19,b0,b1,y20,y19,,,,,,,,
51,LYTWGVVEVENPEHNDFLK,LYPWGVVEVENPEHNDFLK,P to T,0,0.466,3,S3,fcb3,b0,b1,y20,y19,b0,b1,y20,y19,,,,,,,,
52,AAPYWITAPQMLVLSPGEDGTLICR,AAPYWITAPQNLVLSPGEDGTLICR,N to M,4,0.045,3,S3,fcb3,b4,b5,y22,y21,b4,b5,y22,y21,632.057983398438,,,,632.2666015625,818.309020996094,,
53,AATYWITAPQNLVLSPGEDGTLICR,AAPYWITAPQNLVLSPGEDGTLICR,P to T,2,0.025,3,S3,fcb3,b2,b3,y24,y23,b2,b3,y24,y23,372.218048095703,,,,372.137176513672,,,
54,QVTSTASTFVK,QATSTASTFVK,A to V,0,0.992,2,S3,fcb3,b0,b1,y12,y11,b0,b1,y12,y11,,,,,,,,
55,MYGVLPWMAFPGK,MYGVLPWNAFPGK,N to M,2,0.947,2,S3,fcb3,b2,b3,y12,y11,b2,b3,y12,y11,524.240600585938,581.279663085938,1594.85302734375,1431.75598144531,540.366088867188,597.292114257813,1577.90307617188,1414.73583984375
56,AGAYQTGK,AQAYQTGK,Q to G,1,0.166,2,S3,fcb3,b1,b2,y8,y7,b1,b2,y8,y7,,358.073669433594,,,,429.154113769531,,1024.34594726563
57,AGVAAPATQVVQVTLQSVQR,AGVAAPATQVAQVTLQSVQR,A to V,0,1.0,3,S3,fcb3,b0,b1,y21,y20,b0,b1,y21,y20,,,,,,,,
58,DGGADGTEQR,DGGAWGTEQR,W to D,1,0.104,2,S3,fcb3,b1,b2,y10,y9,b1,b2,y10,y9,,402.233337402344,,890.307678222656,,402.296752929688,,961.212951660156
59,AVCMLSMTTAIAEAWAR,AVCMLSNTTAIAEAWAR,N to M,6,0.015,3,S3,fcb3,b6,b7,y12,y11,b6,b7,y12,y11,,,,,891.470458984375,1005.37365722656,1290.53210449219,1203.65979003906
60,AQEALLQLSQALSLMETVK,AQEALLQLSQVLSLMETVK,V to A,1,0.978,3,S3,fcb3,b1,b2,y19,y18,b1,b2,y19,y18,,,,,,,,
61,YLATASTMDHQR,YLATASTMDHAR,A to Q,0,0.981,3,S3,fcb3,b0,b1,y13,y12,b0,b1,y13,y12,,,,,,,,
62,ILITWLLSPESLDIK,ILIPWLLSPESLDIK,P to T,0,0.482,3,S3,fcb3,b0,b1,y16,y15,b0,b1,y16,y15,,,,,,,,
63,QIVWMGPVGVFEWEAFAR,QIVWNGPVGVFEWEAFAR,N to M,2,0.026,3,S3,fcb3,b2,b3,y17,y16,b2,b3,y17,y16,471.067626953125,570.064025878906,,,471.263732910156,570.352966308594,,
64,ILAAQGQVSAQGGAQPSVEAPAAPRPTATQLTR,ILAAQGQLSAQGGAQPSVEAPAAPRPTATQLTR,L to V,0,0.999,4,S3,fcb3,b0,b1,y34,y33,b0,b1,y34,y33,,,,,,,,
65,TTWGIIEVENLNHCEFALLR,TPWGIIEVENLNHCEFALLR,P to T,0,0.245,3,S3,fcb3,b0,b1,y21,y20,b0,b1,y21,y20,,,,,,,,
0,VGAHANEYGAEALER,VGAHAGEYGAEALER,G to N,0,0.984,3,S4,fcb4,b0,b1,y16,y15,b0,b1,y16,y15,,,,,,,,
1,VQAHAGEYGAEALER,VGAHAGEYGAEALER,G to Q,1,0.248,3,S4,fcb4,b1,b2,y15,y14,b1,b2,y15,y14,,457.244689941406,,,,386.205688476563,,
2,SADDLWDIQK,SADTLWDIQK,T to D,0,0.333,2,S4,fcb4,b0,b1,y11,y10,b0,b1,y11,y10,,,,,,,,
3,ASWTWGTEGQGAILLVNCDR,ASWTWGPEGQGAILLVNCDR,P to T,3,0.142,3,S4,fcb4,b3,b4,y18,y17,b3,b4,y18,y17,574.194091796875,,,,574.23828125,675.321838378906,,
4,MQVNNEEVVVGDLVEIK,MQVNAEEVVVGDLVEIK,A to N,2,0.143,3,S4,fcb4,b2,b3,y16,y15,b2,b3,y16,y15,489.265380859375,,,,505.347564697266,604.262573242188,1970.12243652344,1841.86938476563
5,LYTWGVVEVENPEHNDFLK,LYPWGVVEVENPEHNDFLK,P to T,0,0.247,3,S4,fcb4,b0,b1,y20,y19,b0,b1,y20,y19,,,,,,,,
6,TLNEADCATLPPAIR,TLNEADCATVPPAIR,V to L,0,1.0,2,S4,fcb4,b0,b1,y16,y15,b0,b1,y16,y15,,,,,,,,
7,HCAENFTEYWTCIDYTGQQLFR,HCAEPFTEYWTCIDYTGQQLFR,P to N,4,0.124,3,S4,fcb4,b4,b5,y19,y18,b4,b5,y19,y18,,,,,727.222351074219,,,
8,NEAIQAAHDAVAQETQCR,NEAIQAAHDAVAQEGQCR,G to T,0,0.012,3,S4,fcb4,b0,b1,y19,y18,b0,b1,y19,y18,,,,,,,,
9,DLYAMTVLSGGTTMYPGIADR,DLYANTVLSGGTTMYPGIADR,N to M,2,0.246,3,S4,fcb4,b2,b3,y20,y19,b2,b3,y20,y19,458.15771484375,,,,458.024658203125,621.177368164063,,
10,AFVHWYVGEGTEEGEFSEAR,AFVHWYVGEGMEEGEFSEAR,M to T,0,1.0,3,S4,fcb4,b0,b1,y21,y20,b0,b1,y21,y20,,,,,,,,
11,ILTITGPTDAIFK,IVTITGPTDAIFK,V to L,0,0.992,2,S4,fcb4,b0,b1,y14,y13,b0,b1,y14,y13,,,,,,,,
12,YLATASTTDHAR,YLATASTMDHAR,M to T,0,0.985,3,S4,fcb4,b0,b1,y13,y12,b0,b1,y13,y12,,,,,,,,
13,SILSLLDK,SILSALDK,A to L,1,0.987,2,S4,fcb4,b1,b2,y8,y7,b1,b2,y8,y7,,430.23046875,,1030.2734375,,430.185485839844,,988.597534179688
14,GTVAGWINALEAYQK,GPVAGWINALEAYQK,P to T,1,0.142,3,S4,fcb4,b1,b2,y15,y14,b1,b2,y15,y14,,,,,,,,
15,QDEVNASWQR,QDEVNAAWQR,A to S,0,0.993,2,S4,fcb4,b0,b1,y11,y10,b0,b1,y11,y10,,,,,,,,
16,SAVENCQDSSR,SAVENCQDSWR,W to S,1,0.801,2,S4,fcb4,b1,b2,y11,y10,b1,b2,y11,y10,,388.144958496094,,1165.1748046875,,388.135528564453,,1264.19018554688
17,SGPFGQIFRPDNFVFGQSGAGNNSAK,SGPFGQIFRPDNFVFGQSGAGNNWAK,W to S,1,0.923,3,S4,fcb4,b1,b2,y26,y25,b1,b2,y26,y25,,374.195861816406,,,,374.106903076172,,
18,SGPFGQIFRPDNFTFGQSGAGNNWAK,SGPFGQIFRPDNFVFGQSGAGNNWAK,V to T,0,0.022,3,S4,fcb4,b0,b1,y27,y26,b0,b1,y27,y26,,,,,,,,
19,TMQGSEVVSVLK,TMQGSEVVNVLK,N to S,0,0.998,2,S4,fcb4,b0,b1,y13,y12,b0,b1,y13,y12,,,,,,,,
20,AGIHDLVLVGGSTR,AQIHDLVLVGGSTR,Q to G,1,0.329,3,S4,fcb4,b1,b2,y14,y13,b1,b2,y14,y13,,,,,,,,
21,YISVIYTNYEAGK,YISLIYTNYEAGK,L to V,3,0.196,3,S4,fcb4,b3,b4,y11,y10,b3,b4,y11,y10,,,,,,,,
22,LDEHQGEGTTPCTSSILQEK,LDEHQGEGTAPCTSSILQEK,A to T,0,0.996,3,S4,fcb4,b0,b1,y21,y20,b0,b1,y21,y20,,,,,,,,
23,NSSYFPEWIPNNVK,NSSYFVEWIPNNVK,V to P,0,0.324,2,S4,fcb4,b0,b1,y15,y14,b0,b1,y15,y14,,,,,,,,
24,YLADASTMDHAR,YLATASTMDHAR,T to D,3,0.249,3,S4,fcb4,b3,b4,y10,y9,b3,b4,y10,y9,,692.262878417969,,,577.395263671875,678.349243164063,1060.18994140625,989.169799804688
25,AGIHDLVLVGGSTR,AQIHDLVLVGGSTR,Q to G,1,0.248,3,S4,fcb4,b1,b2,y14,y13,b1,b2,y14,y13,,,,,,,,
26,AGYESLAAK,AQYESLAAK,Q to G,1,0.046,2,S4,fcb4,b1,b2,y9,y8,b1,b2,y9,y8,,358.231994628906,,,,429.259399414063,,1138.29125976563
27,YISVIYTNYEAGK,YISLIYTNYEAGK,L to V,1,0.329,3,S4,fcb4,b1,b2,y13,y12,b1,b2,y13,y12,,506.33935546875,,,,506.295928955078,,
28,AVCALSNTTAIAEAWAR,AVCMLSNTTAIAEAWAR,M to A,1,0.166,3,S4,fcb4,b1,b2,y17,y16,b1,b2,y17,y16,,,,,,400.177185058594,,1793.76879882813
29,GLTSIVNEK,GLTSIQNEK,Q to V,0,0.992,2,S4,fcb4,b0,b1,y10,y9,b0,b1,y10,y9,,,,,,,,
30,VLEAFSDGLAHLDNLK,VLGAFSDGLAHLDNLK,G to E,2,0.143,3,S4,fcb4,b2,b3,y15,y14,b2,b3,y15,y14,442.196350097656,,,,442.40478515625,499.360412597656,,1686.91418457031
31,LIISDSYTTNK,LIIWDSYTTNK,W to S,0,0.999,2,S4,fcb4,b0,b1,y12,y11,b0,b1,y12,y11,,,,,,,,
32,NTGQGCVCSNQFLVQR,NTGQTCVCSNQFLVQR,T to G,0,0.999,2,S4,fcb4,b0,b1,y17,y16,b0,b1,y17,y16,,,,,,,,
33,TDEFQLHTNVNDGTMFGGSIYQK,TDEFQLHTNVNDGTEFGGSIYQK,E to M,6,0.016,3,S4,fcb4,b6,b7,y18,y17,b6,b7,y18,y17,963.19091796875,,,,963.282348632813,1100.14978027344,,
34,TGTAEMNSILEER,TGTAEMSSILEER,S to N,1,0.497,2,S4,fcb4,b1,b2,y13,y12,b1,b2,y13,y12,,388.391662597656,,1365.60876464844,,388.208312988281,,1322.4052734375
35,AILVDLEPGQMDSVR,AILVDLEPGTMDSVR,T to Q,2,0.198,2,S4,fcb4,b2,b3,y14,y13,b2,b3,y14,y13,414.325317382813,527.3271484375,1587.82727050781,1474.65209960938,414.227172851563,527.336303710938,1544.83447265625,1431.60327148438
36,YLADASTMDHAR,YLATASTMDHAR,T to D,3,0.25,3,S4,fcb4,b3,b4,y10,y9,b3,b4,y10,y9,,692.262878417969,,,577.395263671875,678.349243164063,1060.18994140625,989.169799804688
37,AVLVDLEPGQMDSVR,AVLVDLEPGTMDSVR,T to Q,0,0.033,3,S4,fcb4,b0,b1,y16,y15,b0,b1,y16,y15,,,,,,,,
38,VLQAFSDGLAHLDNLK,VLGAFSDGLAHLDNLK,G to Q,2,0.143,3,S4,fcb4,b2,b3,y15,y14,b2,b3,y15,y14,,,,,442.40478515625,499.360412597656,,1686.91418457031
39,TGTAEMNSILEER,TGTAEMSSILEER,S to N,1,0.496,2,S4,fcb4,b1,b2,y13,y12,b1,b2,y13,y12,,388.391662597656,,1365.60876464844,,388.208312988281,,1322.4052734375
40,ILAAQGQVSAQGGAQPSVEAPAAPRPTATQLTR,ILAAQGQLSAQGGAQPSVEAPAAPRPTATQLTR,L to V,0,1.0,4,S4,fcb4,b0,b1,y34,y33,b0,b1,y34,y33,,,,,,,,
41,SDTEAEQQQLIDDHFLFDK,SMTEAEQQQLIDDHFLFDK,M to D,1,0.486,3,S4,fcb4,b1,b2,y19,y18,b1,b2,y19,y18,,432.244354248047,,,,448.338134765625,,
42,VGINYQPPTVVPQGDLAK,VGINYQPPTVVPGGDLAK,G to Q,5,0.013,2,S4,fcb4,b5,b6,y14,y13,b5,b6,y14,y13,776.540893554688,904.294189453125,1742.19848632813,1579.05090332031,776.258911132813,904.293518066406,1671.00952148438,1507.87707519531
43,YLATASQMDHAR,YLATASTMDHAR,T to Q,0,0.018,3,S4,fcb4,b0,b1,y13,y12,b0,b1,y13,y12,,,,,,,,
44,GDSAPAAAK,GDSAPATAK,T to A,2,0.973,2,S4,fcb4,b2,b3,y8,y7,b2,b3,y8,y7,402.151458740234,489.293273925781,959.1689453125,844.311584472656,402.135711669922,489.262451171875,989.213134765625,874.353332519531
45,EDTAALEK,EDMAALEK,M to T,0,1.0,2,S4,fcb4,b0,b1,y9,y8,b0,b1,y9,y8,,,,,,,,
46,TCSFDFTGAVEDISK,TCGFDFTGAVEDISK,G to S,0,0.25,3,S4,fcb4,b0,b1,y16,y15,b0,b1,y16,y15,,,,,,,,
47,QLAEEDAAQQR,QLAEEDLAQQR,L to A,0,1.0,2,S4,fcb4,b0,b1,y12,y11,b0,b1,y12,y11,,,,,,,,
48,DCEQAENSMAAR,DCEQAENWMAAR,W to S,1,0.5,2,S4,fcb4,b1,b2,y12,y11,b1,b2,y12,y11,,505.292236328125,,1266.31359863281,,505.250366210938,,1365.43872070313
49,INVYYNEATGGMYVPR,INVYYNEATGGNYVPR,N to M,1,0.327,2,S4,fcb4,b1,b2,y16,y15,b1,b2,y16,y15,,457.364379882813,,1733.94348144531,,,,
50,ENSMMEYVLYPLDLYNDSAYYALTK,EPSMMEYVLYPLDLYNDSAYYALTK,P to N,1,0.243,3,S4,fcb4,b1,b2,y25,y24,b1,b2,y25,y24,,,,,,,,
51,ENTDLAGELR,ENADLAGELR,A to T,0,0.99,2,S4,fcb4,b0,b1,y11,y10,b0,b1,y11,y10,,,,,,,,
52,AGTEWNTGTWR,AQTEWNTGTWR,Q to G,1,0.5,2,S4,fcb4,b1,b2,y11,y10,b1,b2,y11,y10,,358.166748046875,,,,429.229553222656,,1278.35302734375
53,DNFFIELGQTQWLK,DNFFIELGQPQWLK,P to T,0,0.026,3,S4,fcb4,b0,b1,y15,y14,b0,b1,y15,y14,,,,,,,,
54,DCEQAENSMAAR,DCEQAENWMAAR,W to S,1,0.494,2,S4,fcb4,b1,b2,y12,y11,b1,b2,y12,y11,,505.292236328125,,1266.31359863281,,505.250366210938,,1365.43872070313
55,SSQESGEEAGSQENHPQESK,SSQESGEETGSQENHPQESK,T to A,0,0.249,3,S4,fcb4,b0,b1,y21,y20,b0,b1,y21,y20,,,,,,,,
56,AFVHWYVGEGTEEGEFSEAR,AFVHWYVGEGMEEGEFSEAR,M to T,1,0.5,3,S4,fcb4,b1,b2,y20,y19,b1,b2,y20,y19,,448.139617919922,,,,448.302185058594,,
57,IGAADYQPDEQDILR,IGAADYQPTEQDILR,T to D,1,0.493,2,S4,fcb4,b1,b2,y15,y14,b1,b2,y15,y14,,400.22216796875,,1590.9267578125,,400.280120849609,,1576.82922363281
58,NMNCIEMGGMPLENSGFEPGAFDGLK,NMNCIEMGGNPLENSGFEPGAFDGLK,N to M,4,0.033,3,S4,fcb4,b4,b5,y23,y22,b4,b5,y23,y22,,878.135986328125,,,749.403930664063,862.195068359375,,
59,AGEGDATIHLK,AGEQDATIHLK,Q to G,3,0.2,3,S4,fcb4,b3,b4,y9,y8,b3,b4,y9,y8,,,,1083.81677246094,487.268432617188,,,1154.42993164063
60,NRPTSISSDGLDSGK,NRPTSISWDGLDSGK,W to S,0,0.499,3,S4,fcb4,b0,b1,y16,y15,b0,b1,y16,y15,,,,,,,,
61,QTAASAGLVDAAAPAPAAAR,QTAASAGLVDAPAPAPAAAR,P to A,0,0.016,3,S4,fcb4,b0,b1,y21,y20,b0,b1,y21,y20,,,,,,,,
62,AAATSPDSGAK,ATATSPDSGAK,T to A,0,0.997,2,S4,fcb4,b0,b1,y12,y11,b0,b1,y12,y11,,,,,,,,
63,LPSTLVHLGEYQAAVDGAR,LASTLVHLGEYQAAVDGAR,A to P,1,0.198,3,S4,fcb4,b1,b2,y19,y18,b1,b2,y19,y18,,,,,,414.222320556641,,
64,SDSELNNEVAAR,SDSELNSEVAAR,S to N,2,0.96,2,S4,fcb4,b2,b3,y11,y10,b2,b3,y11,y10,432.196655273438,519.295349121094,1217.29638671875,1102.22900390625,432.191345214844,519.281005859375,1190.24365234375,1075.25427246094
65,TQSIYDDTK,TQSIYDDMK,M to T,0,1.0,2,S4,fcb4,b0,b1,y10,y9,b0,b1,y10,y9,,,,,,,,
66,AGGTTYSGVIDCFR,AGQTTYSGVIDCFR,Q to G,2,0.011,2,S4,fcb4,b2,b3,y13,y12,b2,b3,y13,y12,,415.232727050781,1432.72290039063,,358.043212890625,486.250305175781,1503.75305175781,1446.31628417969
67,LYTWGIVEVENQAHCDFVK,LYPWGIVEVENQAHCDFVK,P to T,0,0.486,3,S4,fcb4,b0,b1,y20,y19,b0,b1,y20,y19,,,,,,,,
68,VAVAIPNRPPDTVLTDTTSLNQAALYR,VAVAIPNRPPDAVLTDTTSLNQAALYR,A to T,0,0.967,3,S4,fcb4,b0,b1,y28,y27,b0,b1,y28,y27,,,,,,,,
69,NRPTSISSDGLDSGK,NRPTSISWDGLDSGK,W to S,5,0.317,3,S4,fcb4,b5,b6,y11,y10,b5,b6,y11,y10,,,,1207.85070800781,,898.327026367188,1393.56616210938,
70,GVDAQGTSSK,GVDAQGTLSK,L to S,0,0.996,2,S4,fcb4,b0,b1,y11,y10,b0,b1,y11,y10,,,,,,,,
71,ALTVPELTQQDFDAK,ALTVPELTQQVFDAK,V to D,0,0.5,3,S4,fcb4,b0,b1,y16,y15,b0,b1,y16,y15,,,,,,,,
72,EIEETQSQAQALSQEGK,EIEELQSQAQALSQEGK,L to T,4,0.195,3,S4,fcb4,b4,b5,y14,y13,b4,b5,y14,y13,,831.202453613281,,,,843.331359863281,,
73,SQGGEPDYNVAVGR,SQGGEPTYNVAVGR,T to D,1,0.333,2,S4,fcb4,b1,b2,y14,y13,b1,b2,y14,y13,,445.225341796875,,1361.47412109375,,445.283630371094,,1347.51721191406
74,NMQNAEESFK,NMQNAEEWFK,W to S,0,0.999,2,S4,fcb4,b0,b1,y11,y10,b0,b1,y11,y10,,,,,,,,
75,TTTTGWTLDQCIQTGVDNPGHPFIK,TTPTGWTLDQCIQTGVDNPGHPFIK,P to T,0,0.196,4,S4,fcb4,b0,b1,y26,y25,b0,b1,y26,y25,,,,,,,,
76,TTGIVMDSGDGVQHTVPIYEGYALPHAILR,TTGIVMDSGDGVTHTVPIYEGYALPHAILR,T to Q,4,0.036,4,S4,fcb4,b4,b5,y27,y26,b4,b5,y27,y26,,,,,602.196350097656,701.341857910156,,
77,FSSACDMGGCTGALAR,FSSACDVGGCTGALAR,V to M,0,0.961,2,S4,fcb4,b0,b1,y17,y16,b0,b1,y17,y16,,,,,,,,
78,ENAEQGEVDVESHR,ENAEQGEVDMESHR,M to V,0,0.974,3,S4,fcb4,b0,b1,y15,y14,b0,b1,y15,y14,,,,,,,,
79,GCEENLDEAR,GSEENLDEAR,S to C,1,0.5,2,S4,fcb4,b1,b2,y10,y9,b1,b2,y10,y9,,447.23046875,,1135.05065917969,,374.160217285156,,1062.06018066406
80,GSASIGSLCADAR,TSASIGSLCADAR,T to G,0,0.858,2,S4,fcb4,b0,b1,y14,y13,b0,b1,y14,y13,,,,,,,,
81,EAATSNTNTLNR,EAAASNTNTLNR,A to T,0,0.999,2,S4,fcb4,b0,b1,y13,y12,b0,b1,y13,y12,,,,,,,,
82,ELVDDSLNNVR,ELVDDSVNNVR,V to L,0,0.997,2,S4,fcb4,b0,b1,y12,y11,b0,b1,y12,y11,,,,,,,,
83,AGFEGIVTDLIR,AQFEGIVTDLIR,Q to G,1,0.023,2,S4,fcb4,b1,b2,y12,y11,b1,b2,y12,y11,,358.039794921875,,,,429.221252441406,,1290.44494628906
84,TQTDSEAQESTATSDETK,TQTDSEVQESTATSDETK,V to A,6,0.442,3,S4,fcb4,b6,b7,y13,y12,b6,b7,y13,y12,891.111145019531,,,,891.262023925781,990.065490722656,,
85,AVEEELDTEDRPAWNSK,AVEEELDAEDRPAWNSK,A to T,0,0.016,3,S4,fcb4,b0,b1,y18,y17,b0,b1,y18,y17,,,,,,,,
86,DSPETEESPAPEPR,DSPETEENPAPEPR,N to S,0,0.999,2,S4,fcb4,b0,b1,y15,y14,b0,b1,y15,y14,,,,,,,,
87,EEIPEEELDEDVEEIDHAER,EEIPEEELAEDVEEIDHAER,A to D,0,1.0,3,S4,fcb4,b0,b1,y21,y20,b0,b1,y21,y20,,,,,,,,
88,VLMEDDDLYSQMVENPISQGR,VLMEDDDLYSCMVENPISQGR,C to Q,0,0.021,3,S4,fcb4,b0,b1,y22,y21,b0,b1,y22,y21,,,,,,,,
89,GCEENLDEAR,GSEENLDEAR,S to C,1,0.479,2,S4,fcb4,b1,b2,y10,y9,b1,b2,y10,y9,,447.23046875,,1135.05065917969,,374.160217285156,,1062.06018066406
90,DTEEEDFHVDQATTVK,DTEEEDFHVDQVTTVK,V to A,0,1.0,3,S4,fcb4,b0,b1,y17,y16,b0,b1,y17,y16,,,,,,,,
91,FFESFGDLSTPDAVTGNPK,FFESFGDLSTPDAVMGNPK,M to T,0,0.999,3,S4,fcb4,b0,b1,y20,y19,b0,b1,y20,y19,,,,,,,,
92,LFEEDPAVGAIVLTGGDK,TFEEDPAVGAIVLTGGDK,T to L,0,0.2,3,S4,fcb4,b0,b1,y19,y18,b0,b1,y19,y18,,,,,,,,
93,ESDTEVITVEK,EPDTEVITVEK,P to S,1,0.472,2,S4,fcb4,b1,b2,y11,y10,b1,b2,y11,y10,,446.204528808594,,1349.48583984375,,456.109924316406,,1359.53894042969
94,DSPETEESPAPEPR,DSPETEENPAPEPR,N to S,0,0.999,2,S4,fcb4,b0,b1,y15,y14,b0,b1,y15,y14,,,,,,,,
95,ASGNNQDGVVASQPAR,AWGNNQDGVVASQPAR,W to S,0,0.456,2,S4,fcb4,b0,b1,y17,y16,b0,b1,y17,y16,,,,,,,,
96,GYPGVQGPEDLEWER,GYPGVQAPEDLEWER,A to G,0,0.624,2,S4,fcb4,b0,b1,y16,y15,b0,b1,y16,y15,,,,,,,,
97,PAWLWGAEMGAMEHGVCIANEAINTR,PAWLWGAEMGANEHGVCIANEAINTR,N to M,7,0.094,3,S4,fcb4,b7,b8,y20,y19,b7,b8,y20,y19,1011.25634765625,1140.20861816406,,,1011.07019042969,1141.08056640625,,
98,DNPLLAQLIQDK,DNALLAQLIQDK,A to P,2,0.249,3,S4,fcb4,b2,b3,y11,y10,b2,b3,y11,y10,,,,,,,1455.96044921875,
99,DGPNALTPPPTTTEWVK,DGPNALTPPPTTPEWVK,P to T,0,0.925,3,S4,fcb4,b0,b1,y18,y17,b0,b1,y18,y17,,,,,,,,
100,AVLVDLEPGTEDSVR,AVLVDLEPGTMDSVR,M to E,3,0.2,2,S4,fcb4,b3,b4,y13,y12,b3,b4,y13,y12,513.219116210938,612.357543945313,1429.61608886719,1316.400390625,513.348937988281,612.457702636719,1431.6474609375,1318.42077636719
101,AILVDLEPGTTDSVR,AILVDLEPGTMDSVR,M to T,3,0.232,2,S4,fcb4,b3,b4,y13,y12,b3,b4,y13,y12,527.248352050781,626.444213867188,1401.49572753906,1288.34008789063,527.336303710938,626.463562011719,1431.60327148438,1318.42431640625
102,QYTWGVVQVENENHCDFVK,QYPWGVVQVENENHCDFVK,P to T,0,0.438,3,S4,fcb4,b0,b1,y20,y19,b0,b1,y20,y19,,,,,,,,
103,AYHEQLSVAEITNACFEPAMQMVK,AYHEQLSVAEITNACFEPANQMVK,N to M,2,0.247,3,S4,fcb4,b2,b3,y23,y22,b2,b3,y23,y22,464.203125,,,,464.091644287109,601.258666992188,,
104,DFENSLNQVK,DFENSMNQVK,M to L,3,0.246,2,S4,fcb4,b3,b4,y8,y7,b3,b4,y8,y7,621.169372558594,735.150268554688,,1031.26416015625,621.499389648438,735.064697265625,1178.22216796875,1049.17431640625
105,GIQEEDEALVK,GIQEEMEALVK,M to D,0,0.99,2,S4,fcb4,b0,b1,y12,y11,b0,b1,y12,y11,,,,,,,,
106,NECDPALALLSDYVLHNSMTMR,NECDPALALLSDYVLHNSNTMR,N to M,1,0.028,3,S4,fcb4,b1,b2,y22,y21,b1,b2,y22,y21,,473.295928955078,,,,,,
107,SAVTALSGK,SAVTALWGK,W to S,0,1.0,2,S4,fcb4,b0,b1,y10,y9,b0,b1,y10,y9,,,,,,,,
108,MYGVLTWNAFPGK,MYGVLPWNAFPGK,P to T,0,0.027,3,S4,fcb4,b0,b1,y14,y13,b0,b1,y14,y13,,,,,,,,
109,FAGLHFFNPVNVMK,FAGLHFFNPVPVMK,P to N,0,0.333,3,S4,fcb4,b0,b1,y15,y14,b0,b1,y15,y14,,,,,,,,
110,MYQVLPWNAFPGK,MYGVLPWNAFPGK,G to Q,2,0.233,3,S4,fcb4,b2,b3,y12,y11,b2,b3,y12,y11,,,,,524.220153808594,581.18359375,1577.79626464844,1414.67358398438
111,MPLFGLHLWLPK,MPLYGLHLWLPK,Y to F,1,0.332,3,S4,fcb4,b1,b2,y12,y11,b1,b2,y12,y11,,474.203735351563,,,,,,
112,TFLSFPTTK,MFLSFPTTK,M to T,0,0.997,2,S4,fcb4,b0,b1,y10,y9,b0,b1,y10,y9,,,,,,,,
113,DFTPVGTTELGR,DFTPVCTTELGR,C to G,0,0.985,2,S4,fcb4,b0,b1,y13,y12,b0,b1,y13,y12,,,,,,,,
114,NQSQLSADDLK,NQWQLSADDLK,W to S,0,0.993,2,S4,fcb4,b0,b1,y12,y11,b0,b1,y12,y11,,,,,,,,
115,LSGDSGIQECFNR,LWGDSGIQECFNR,W to S,1,0.976,2,S4,fcb4,b1,b2,y13,y12,b1,b2,y13,y12,,430.200256347656,,1369.41040039063,,529.234619140625,,1468.52941894531
116,KAEGVALTNATGVVESTSQAGDR,KAEGVALTNATGAVESTSQAGDR,A to V,1,0.979,3,S4,fcb4,b1,b2,y23,y22,b1,b2,y23,y22,,,,,,,,
117,MYGPLPWNAFPGK,MYGVLPWNAFPGK,V to P,1,0.07,2,S4,fcb4,b1,b2,y13,y12,b1,b2,y13,y12,,524.05126953125,,,,524.220153808594,,1577.79626464844
118,VYCEMQPMLPIGLSDIPGEAMVK,VYCENQPMLPIGLSDIPGEAMVK,N to M,4,0.111,3,S4,fcb4,b4,b5,y20,y19,b4,b5,y20,y19,,,,,,,,
119,AHIDLGCAADVEAVQTGLDLLEILR,AHITLGCAADVEAVQTGLDLLEILR,T to D,3,0.166,3,S4,fcb4,b3,b4,y23,y22,b3,b4,y23,y22,,,,,551.364196777344,652.386596679688,,
120,ESESCDCLQGFQLTHSLGGGTGSGTGTLLISK,ESESCDCLQGFQLTHSLGGGTGSGMGTLLISK,M to T,7,0.139,3,S4,fcb4,b7,b8,y26,y25,b7,b8,y26,y25,1097.30480957031,1210.0498046875,,,1096.97631835938,,,
121,AGLEEASSAR,AQLEEASSAR,Q to G,1,0.016,2,S4,fcb4,b1,b2,y10,y9,b1,b2,y10,y9,,358.091369628906,,,,429.155212402344,,990.184509277344
122,AGPHLQGGAK,AGAHLQGGAK,A to P,1,0.957,2,S4,fcb4,b1,b2,y10,y9,b1,b2,y10,y9,,,,1093.32397460938,,358.203979492188,,1067.380859375
123,AGQMNPTIK,AGQVNPTIK,V to M,0,1.0,2,S4,fcb4,b0,b1,y10,y9,b0,b1,y10,y9,,,,,,,,
124,QVTSTASTFVK,QATSTASTFVK,A to V,1,0.989,2,S4,fcb4,b1,b2,y11,y10,b1,b2,y11,y10,,457.236663818359,,1269.3271484375,,429.175262451172,,1241.32885742188
125,CICNQLSLTTK,CICSQLSLTTK,S to N,0,1.0,2,S4,fcb4,b0,b1,y12,y11,b0,b1,y12,y11,,,,,,,,
126,TMNLTSTSLTIGSLALAGMPFLTGFYSK,TMPLTSTSLTIGSLALAGMPFLTGFYSK,P to N,2,0.014,3,S4,fcb4,b2,b3,y27,y26,b2,b3,y27,y26,,,,,462.06494140625,,,
127,EDTAALEK,EDMAALEK,M to T,0,0.997,2,S4,fcb4,b0,b1,y9,y8,b0,b1,y9,y8,,,,,,,,
128,VVGAFSDGLAHLDNLK,VLGAFSDGLAHLDNLK,L to V,1,0.015,3,S4,fcb4,b1,b2,y16,y15,b1,b2,y16,y15,,428.469299316406,,,,442.40478515625,,
129,SSEEAETQCR,SWEEAETQCR,W to S,1,0.989,2,S4,fcb4,b1,b2,y10,y9,b1,b2,y10,y9,,404.193084716797,,1109.25805664063,,503.270660400391,,1208.19311523438
130,VLQAFSDGLAHLDNLK,VLGAFSDGLAHLDNLK,G to Q,2,0.204,3,S4,fcb4,b2,b3,y15,y14,b2,b3,y15,y14,,,,,442.40478515625,499.360412597656,,1686.91418457031
131,FCNTGWDAFQGACYK,FCNPGWDAFQGACYK,P to T,1,0.165,3,S4,fcb4,b1,b2,y15,y14,b1,b2,y15,y14,,537.22998046875,,,,,,
132,ILITWLLSPESLDIK,ILIPWLLSPESLDIK,P to T,0,0.495,3,S4,fcb4,b0,b1,y16,y15,b0,b1,y16,y15,,,,,,,,
133,SSMSPTTNVLLSPLSVATALSALSLGAEQR,SSTSPTTNVLLSPLSVATALSALSLGAEQR,T to M,0,0.011,3,S4,fcb4,b0,b1,y31,y30,b0,b1,y31,y30,,,,,,,,
0,EDTAALEK,EDMAALEK,M to T,0,1.0,2,S5,fcb5,b0,b1,y9,y8,b0,b1,y9,y8,,,,,,,,
1,MDEMQFVAVTSTNAAK,MDENQFVAVTSTNAAK,N to M,3,0.019,2,S5,fcb5,b3,b4,y14,y13,b3,b4,y14,y13,,,,,621.189575195313,735.305419921875,1709.06372070313,1579.92944335938
2,VVAQVANALAHK,VVAGVANALAHK,G to Q,1,0.014,3,S5,fcb5,b1,b2,y12,y11,b1,b2,y12,y11,,,,,,,,
3,GILFVGSGVSGGMEGAR,GILFVGSGVSGGEEGAR,E to M,3,0.03,2,S5,fcb5,b3,b4,y15,y14,b3,b4,y15,y14,513.335693359375,660.380249023438,1423.67114257813,1310.52758789063,513.332885742188,660.357543945313,1421.69677734375,1308.556640625
4,MYGVLTWNAFPGK,MYGVLPWNAFPGK,P to T,0,0.496,2,S5,fcb5,b0,b1,y14,y13,b0,b1,y14,y13,,,,,,,,
5,MYGVLTWNAFPGK,MYGVLPWNAFPGK,P to T,0,0.49,2,S5,fcb5,b0,b1,y14,y13,b0,b1,y14,y13,,,,,,,,
6,LYTWGVVEVENPEHNDFLK,LYPWGVVEVENPEHNDFLK,P to T,0,0.444,3,S5,fcb5,b0,b1,y20,y19,b0,b1,y20,y19,,,,,,,,
7,MLEMIFLPLFK,MLENIFLPLFK,N to M,3,0.25,3,S5,fcb5,b3,b4,y9,y8,b3,b4,y9,y8,603.351379394531,734.365356445313,,,,,,
8,ALQASALSAWR,ALQASALNAWR,N to S,0,0.927,2,S5,fcb5,b0,b1,y12,y11,b0,b1,y12,y11,,,,,,,,
9,QASVSGPAPPK,QTSVSGPAPPK,T to A,0,0.992,2,S5,fcb5,b0,b1,y12,y11,b0,b1,y12,y11,,,,,,,,
10,LLVVYTWTQR,LLVVYPWTQR,P to T,0,0.324,2,S5,fcb5,b0,b1,y11,y10,b0,b1,y11,y10,,,,,,,,
11,QVTSTASTFVK,QATSTASTFVK,A to V,1,0.959,2,S5,fcb5,b1,b2,y11,y10,b1,b2,y11,y10,,457.197662353516,,1269.58374023438,,429.251678466797,,1241.55688476563
12,AHIDLGCAADVEAVQTGLDLLEILR,AHITLGCAADVEAVQTGLDLLEILR,T to D,3,0.165,3,S5,fcb5,b3,b4,y23,y22,b3,b4,y23,y22,,,,,551.38720703125,,,
13,AGIWDTAGQER,AQIWDTAGQER,Q to G,1,0.5,2,S5,fcb5,b1,b2,y11,y10,b1,b2,y11,y10,,358.062866210938,,1132.36157226563,,429.143646240234,,1203.31396484375
14,VAVDALSGLK,VVVDALSGLK,V to A,0,0.996,2,S5,fcb5,b0,b1,y11,y10,b0,b1,y11,y10,,,,,,,,
15,SMFCMLEPVLVQLIHSVNR,SMFCNLEPVLVQLIHSVNR,N to M,4,0.018,3,S5,fcb5,b4,b5,y16,y15,b4,b5,y16,y15,,,,,,869.291137695313,,
16,PTAIIGVAAITGAFTEQILR,PTAIIGVAAIAGAFTEQILR,A to T,0,1.0,3,S5,fcb5,b0,b1,y21,y20,b0,b1,y21,y20,,,,,,,,
17,GADIMYTGTPDCWR,GADIMYTGTVDCWR,V to P,1,0.016,2,S5,fcb5,b1,b2,y14,y13,b1,b2,y14,y13,,358.372039794922,,1585.69470214844,,358.026275634766,,1587.69970703125
18,LAAENGWGVMVSHR,LAQENGWGVMVSHR,Q to A,2,0.152,3,S5,fcb5,b2,b3,y13,y12,b2,b3,y13,y12,,,,,,,,
19,LAAENGWGVMVSHR,LAQENGWGVMVSHR,Q to A,2,0.166,3,S5,fcb5,b2,b3,y13,y12,b2,b3,y13,y12,,,,,,,,
20,LAAENGWGVMVSHR,LAQENGWGVMVSHR,Q to A,2,0.166,3,S5,fcb5,b2,b3,y13,y12,b2,b3,y13,y12,,,,,,,,
21,LAAENGWGVMVSHR,LAQENGWGVMVSHR,Q to A,1,0.199,3,S5,fcb5,b1,b2,y14,y13,b1,b2,y14,y13,,,,,,,,
22,DGGADGTEQR,DGGAWGTEQR,W to D,1,0.5,2,S5,fcb5,b1,b2,y10,y9,b1,b2,y10,y9,,402.190551757813,,890.304138183594,,402.233703613281,,961.315856933594
23,TINFVDWCPTGFK,TIQFVDWCPTGFK,Q to N,2,0.199,3,S5,fcb5,b2,b3,y12,y11,b2,b3,y12,y11,,,,,444.281066894531,572.280151367188,1726.9365234375,1613.8134765625
24,EQLYTTASLK,EQLYTPASLK,P to T,0,0.997,2,S5,fcb5,b0,b1,y11,y10,b0,b1,y11,y10,,,,,,,,
25,FFESFGDLSTPDAVDGNPK,FFESFGDLSTPDAVMGNPK,M to D,0,0.929,3,S5,fcb5,b0,b1,y20,y19,b0,b1,y20,y19,,,,,,,,
26,YLSTASTMDHAR,YLATASTMDHAR,A to S,0,0.981,3,S5,fcb5,b0,b1,y13,y12,b0,b1,y13,y12,,,,,,,,
27,AGGVFLEELGNHK,AGQVFLEELGNHK,Q to G,2,0.472,3,S5,fcb5,b2,b3,y12,y11,b2,b3,y12,y11,,,1528.4072265625,,358.303466796875,486.189086914063,1600.03991699219,1542.80358886719
28,YISVIYTNYEAGK,YISLIYTNYEAGK,L to V,1,0.249,3,S5,fcb5,b1,b2,y13,y12,b1,b2,y13,y12,,506.299682617188,,,,506.290283203125,,1600.98120117188
29,AGYESLAAK,AQYESLAAK,Q to G,1,0.84,2,S5,fcb5,b1,b2,y9,y8,b1,b2,y9,y8,,358.196594238281,,1067.82580566406,,429.1005859375,,1138.41784667969
30,TIQFTDWCPTGFK,TIQFVDWCPTGFK,V to T,4,0.166,3,S5,fcb5,b4,b5,y10,y9,b4,b5,y10,y9,,,,,719.336486816406,818.4921875,1485.6826171875,1338.54418945313
31,YISVIYTNYEAGK,YISLIYTNYEAGK,L to V,1,0.246,3,S5,fcb5,b1,b2,y13,y12,b1,b2,y13,y12,,506.299682617188,,,,506.290283203125,,1600.98120117188
32,EVDEQTLNVQNK,EVDEQMLNVQNK,M to T,0,0.985,3,S5,fcb5,b0,b1,y13,y12,b0,b1,y13,y12,,,,,,,,
33,EDTAALEK,EDMAALEK,M to T,0,1.0,2,S5,fcb5,b0,b1,y9,y8,b0,b1,y9,y8,,,,,,,,
34,ALPFWMEEIVPQIK,ALPFWNEEIVPQIK,N to M,3,0.199,3,S5,fcb5,b3,b4,y12,y11,b3,b4,y12,y11,,,,,,,,
35,ALTFWNEEIVPQIK,ALPFWNEEIVPQIK,P to T,0,0.199,3,S5,fcb5,b0,b1,y15,y14,b0,b1,y15,y14,,,,,,,,
36,QIDQFASEVER,QIDQFANEVER,N to S,0,0.981,2,S5,fcb5,b0,b1,y12,y11,b0,b1,y12,y11,,,,,,,,
37,AEGVALTNATGVVESTSQAGDR,AEGVALTNATGAVESTSQAGDR,A to V,1,0.019,3,S5,fcb5,b1,b2,y22,y21,b1,b2,y22,y21,,430.250244140625,,,,430.29541015625,,
38,STTEAEQQQLIDDHFLFDK,SMTEAEQQQLIDDHFLFDK,M to T,1,0.492,3,S5,fcb5,b1,b2,y19,y18,b1,b2,y19,y18,,418.248901367188,,,,448.230499267578,,
39,HLEGLSEEAIMNLNLPTGIPIVYELDK,HLEGLSEEAIMELNLPTGIPIVYELDK,E to N,2,0.023,3,S5,fcb5,b2,b3,y26,y25,b2,b3,y26,y25,480.378875732422,,,,,609.272827148438,,
40,EVAAFAQFGSDLDAATQQLLGR,EVAAFAQFGSDLDAATQQLLSR,S to G,1,0.043,3,S5,fcb5,b1,b2,y22,y21,b1,b2,y22,y21,,458.344299316406,,,,458.162200927734,,
41,GDSAPAAAK,GDSAPATAK,T to A,0,1.0,2,S5,fcb5,b0,b1,y10,y9,b0,b1,y10,y9,,,,,,,,
42,AEGAPNQGK,AEGTPNQGK,T to A,0,1.0,2,S5,fcb5,b0,b1,y10,y9,b0,b1,y10,y9,,,,,,,,
43,AEMEQGEQQR,AETEQGEQQR,T to M,0,1.0,2,S5,fcb5,b0,b1,y11,y10,b0,b1,y11,y10,,,,,,,,
44,GTPSEDETK,GTPSEDEAK,A to T,0,1.0,2,S5,fcb5,b0,b1,y10,y9,b0,b1,y10,y9,,,,,,,,
45,VLGAFSDGLAHLDNVK,VLGAFSDGLAHLDNLK,L to V,1,0.49,3,S5,fcb5,b1,b2,y16,y15,b1,b2,y16,y15,,,,,,442.125946044922,,
46,ETLEPLINAAQLLQVK,ETLEPLIQAAQLLQVK,Q to N,0,0.033,3,S5,fcb5,b0,b1,y17,y16,b0,b1,y17,y16,,,,,,,,
47,DVTWGVDSLITLAFQDQR,DVPWGVDSLITLAFQDQR,P to T,0,0.248,3,S5,fcb5,b0,b1,y19,y18,b0,b1,y19,y18,,,,,,,,
48,ILITWLLSPESLDIK,ILIPWLLSPESLDIK,P to T,0,0.481,3,S5,fcb5,b0,b1,y16,y15,b0,b1,y16,y15,,,,,,,,
49,VNDVVTWVLDVILNK,VNDVVPWVLDVILNK,P to T,0,0.474,3,S5,fcb5,b0,b1,y16,y15,b0,b1,y16,y15,,,,,,,,
50,QIVWNGTVGVFEWEAFAR,QIVWNGPVGVFEWEAFAR,P to T,3,0.199,3,S5,fcb5,b3,b4,y16,y15,b3,b4,y16,y15,570.142272949219,,,,570.330871582031,756.394470214844,,
51,SLSLCMMFLDEMAK,SLSLCNMFLDEMAK,N to M,5,0.142,3,S5,fcb5,b5,b6,y10,y9,b5,b6,y10,y9,,,,,,,,
52,NTSSAGSWNSGSSGPGSTGNR,NPSSAGSWNSGSSGPGSTGNR,P to T,0,0.031,3,S5,fcb5,b0,b1,y22,y21,b0,b1,y22,y21,,,,,,,,
53,ILITWLLSPESLDIK,ILIPWLLSPESLDIK,P to T,1,0.488,3,S5,fcb5,b1,b2,y15,y14,b1,b2,y15,y14,,456.42236328125,,,,456.382751464844,,
54,MPVPVNHGASSEDTLLK,MPFPVNHGASSEDTLLK,F to V,1,0.482,3,S5,fcb5,b1,b2,y17,y16,b1,b2,y17,y16,,,,,,,,
55,GALELEK,GNLELEK,N to A,1,0.5,2,S5,fcb5,b1,b2,y7,y6,,,,,,358.063842773438,,931.325439453125,,,,
56,TSASIGSLCGDAR,TSASIGSLCADAR,A to G,1,0.333,2,S5,fcb5,b1,b2,y13,y12,b1,b2,y13,y12,,418.173126220703,,1193.36474609375,,418.102783203125,,1207.38623046875
57,LGVENCYFNMFVSQSALEK,LGVENCYFPMFVSQSALEK,P to N,0,0.491,3,S5,fcb5,b0,b1,y20,y19,b0,b1,y20,y19,,,,,,,,
58,AQPVQVAEGSETDGFWEALGGK,AQPVQVAEGSEPDGFWEALGGK,P to T,0,0.033,3,S5,fcb5,b0,b1,y23,y22,b0,b1,y23,y22,,,,,,,,
59,ENAEQGEVDVESHR,ENAEQGEVDMESHR,M to V,0,0.974,3,S5,fcb5,b0,b1,y15,y14,b0,b1,y15,y14,,,,,,,,
60,QEYFVVASTLQDIIR,QEYFVVAATLQDIIR,A to S,0,1.0,3,S5,fcb5,b0,b1,y16,y15,b0,b1,y16,y15,,,,,,,,
61,GSASIGSLCADAR,TSASIGSLCADAR,T to G,0,0.986,2,S5,fcb5,b0,b1,y14,y13,b0,b1,y14,y13,,,,,,,,
62,VAPEEHPVLLTEAPVNPK,VAPEEHPVLLTEAPLNPK,L to V,1,0.021,3,S5,fcb5,b1,b2,y18,y17,b1,b2,y18,y17,,400.335632324219,,,,400.150939941406,,
63,VAPEEHPVLLTESPLNPK,VAPEEHPVLLTEAPLNPK,A to S,0,0.951,3,S5,fcb5,b0,b1,y19,y18,b0,b1,y19,y18,,,,,,,,
64,EGGQTAPASSR,EGGQTAPASTR,T to S,1,0.966,2,S5,fcb5,b1,b2,y11,y10,b1,b2,y11,y10,,416.077697753906,,931.332458496094,,416.11865234375,,945.267761230469
65,EAGEGGEPEAPAAEGGK,EAGEGGEAEAPAAEGGK,A to P,5,0.856,3,S5,fcb5,b5,b6,y13,y12,b5,b6,y13,y12,,,,,,,,
66,AEDEENEK,AEAEENEK,A to D,0,1.0,2,S5,fcb5,b0,b1,y9,y8,b0,b1,y9,y8,,,,,,,,
67,TQTDSEAQESTATSDETK,TQTDSEVQESTATSDETK,V to A,6,0.873,3,S5,fcb5,b6,b7,y13,y12,b6,b7,y13,y12,891.102294921875,962.299926757813,,,891.252746582031,990.249572753906,,
68,DGPNALTPPPTTSEWIK,DGPNALTPPPTTPEWIK,P to S,1,0.325,3,S5,fcb5,b1,b2,y17,y16,b1,b2,y17,y16,,,,,,,,
69,LTQAQIFDYSEIPNFPR,LTQAQIFDYGEIPNFPR,G to S,0,0.997,3,S5,fcb5,b0,b1,y18,y17,b0,b1,y18,y17,,,,,,,,
70,GILAADESCGSIAK,GILAADESTGSIAK,T to C,0,0.249,2,S5,fcb5,b0,b1,y15,y14,b0,b1,y15,y14,,,,,,,,
71,LAQEGGWGVMVSHR,LAQENGWGVMVSHR,N to G,1,0.33,3,S5,fcb5,b1,b2,y14,y13,b1,b2,y14,y13,,414.278686523438,,,,,,
72,MSATFIGSNTAIQELFK,MSATFIGNNTAIQELFK,N to S,3,0.016,3,S5,fcb5,b3,b4,y15,y14,b3,b4,y15,y14,519.161010742188,620.499755859375,,,,636.380249023438,,
73,AGVAAPATQVVQVTLQSVQR,AGVAAPATQVAQVTLQSVQR,A to V,0,0.994,3,S5,fcb5,b0,b1,y21,y20,b0,b1,y21,y20,,,,,,,,
74,AHIDLGCAADVEAVQTGLDLLEILR,AHITLGCAADVEAVQTGLDLLEILR,T to D,3,0.165,3,S5,fcb5,b3,b4,y23,y22,b3,b4,y23,y22,,,,,551.38720703125,,,
75,EDDAALEK,EDMAALEK,M to D,0,1.0,2,S5,fcb5,b0,b1,y9,y8,b0,b1,y9,y8,,,,,,,,
76,EANALAAGHPAQAAAINAR,EANALAAGHPAQAVAINAR,V to A,0,0.998,3,S5,fcb5,b0,b1,y20,y19,b0,b1,y20,y19,,,,,,,,
77,AQEALLQLSQALSLMETVK,AQEALLQLSQVLSLMETVK,V to A,1,0.491,3,S5,fcb5,b1,b2,y19,y18,b1,b2,y19,y18,,,,,,,,
78,FDGALMVDLTEFQTNLVPYPR,FDGALNVDLTEFQTNLVPYPR,N to M,2,0.318,3,S5,fcb5,b2,b3,y20,y19,b2,b3,y20,y19,,,,,,,,
79,LCYVALDFENEMTTAASSSSLEK,LCYVALDFENEMATAASSSSLEK,A to T,1,0.448,3,S5,fcb5,b1,b2,y23,y22,b1,b2,y23,y22,,,,,,503.204772949219,,
80,AGEGDATIHLK,AGEQDATIHLK,Q to G,3,0.2,3,S5,fcb5,b3,b4,y9,y8,b3,b4,y9,y8,,,,,,,,
