AAS_type	n_saap	n_tissues	F	p	Significance	n_sig_pairs	Tukey_significant_pairs	fcb2_vs_fcb3	fcb2_vs_fcb4	fcb2_vs_fcb5	fcb3_vs_fcb4	fcb3_vs_fcb5	fcb4_vs_fcb5
P to N	6	4	35.663399669627395	5.259866236330919e-08	***	4	fcb2>fcb3 (Δ=1.436, q=0.00000e+00, ***); fcb2>fcb4 (Δ=1.002, q=0.00000e+00, ***); fcb2>fcb5 (Δ=2.058, q=0.00000e+00, ***); fcb4>fcb5 (Δ=1.056, q=0.00000e+00, ***)	fcb2>fcb3 (Δ=1.436, q=0.00000e+00, ***)	fcb2>fcb4 (Δ=1.002, q=0.00000e+00, ***)	fcb2>fcb5 (Δ=2.058, q=0.00000e+00, ***)	fcb4>fcb3 (Δ=0.434, q=1.27800e-01, ns)	fcb3>fcb5 (Δ=0.622, q=4.94000e-02, *)	fcb4>fcb5 (Δ=1.056, q=0.00000e+00, ***)
T to G	3	4	8.975530549448878	0.0010165907168220888	**	1	fcb3>fcb4 (Δ=1.448, q=8.00000e-04, ***)	fcb3>fcb2 (Δ=0.890, q=8.02000e-02, ns)	fcb2>fcb4 (Δ=0.558, q=2.71300e-01, ns)	fcb5>fcb2 (Δ=0.396, q=6.58400e-01, ns)	fcb3>fcb4 (Δ=1.448, q=8.00000e-04, ***)	fcb3>fcb5 (Δ=0.494, q=4.89200e-01, ns)	fcb5>fcb4 (Δ=0.954, q=2.43000e-02, *)
P to T	27	4	4.716111039395617	0.0035098548438688448	**	1	fcb4>fcb2 (Δ=0.369, q=4.60000e-03, **)	fcb3>fcb2 (Δ=0.199, q=2.87100e-01, ns)	fcb4>fcb2 (Δ=0.369, q=4.60000e-03, **)	fcb5>fcb2 (Δ=0.009, q=9.99800e-01, ns)	fcb4>fcb3 (Δ=0.171, q=4.77200e-01, ns)	fcb3>fcb5 (Δ=0.189, q=4.47600e-01, ns)	fcb4>fcb5 (Δ=0.360, q=2.24000e-02, *)
T to A	5	4	5.752285469115191	0.0035431449480699605	**	1	fcb5>fcb2 (Δ=1.213, q=5.20000e-03, **)	fcb3>fcb2 (Δ=0.681, q=3.07500e-01, ns)	fcb2>fcb4 (Δ=0.078, q=9.96400e-01, ns)	fcb5>fcb2 (Δ=1.213, q=5.20000e-03, **)	fcb3>fcb4 (Δ=0.758, q=3.25000e-01, ns)	fcb5>fcb3 (Δ=0.532, q=5.73600e-01, ns)	fcb5>fcb4 (Δ=1.291, q=1.31000e-02, *)
N to M	18	4	3.8646966307142754	0.013234995514937373	*	0		fcb3>fcb2 (Δ=0.752, q=2.31000e-02, *)	fcb4>fcb2 (Δ=0.230, q=7.57200e-01, ns)	fcb5>fcb2 (Δ=0.623, q=1.04600e-01, ns)	fcb3>fcb4 (Δ=0.522, q=8.77000e-02, ns)	fcb3>fcb5 (Δ=0.129, q=9.57900e-01, ns)	fcb5>fcb4 (Δ=0.393, q=3.37600e-01, ns)
V to P	5	4	3.8878774964731693	0.02909317883664706	*	0		fcb2>fcb3 (Δ=1.073, q=5.36000e-02, ns)	fcb2>fcb4 (Δ=0.644, q=2.44100e-01, ns)	fcb2>fcb5 (Δ=1.154, q=3.55000e-02, *)	fcb4>fcb3 (Δ=0.429, q=5.74000e-01, ns)	fcb3>fcb5 (Δ=0.081, q=9.96400e-01, ns)	fcb4>fcb5 (Δ=0.510, q=4.33200e-01, ns)
L to V	7	4	1.279042598105272	0.30230938618404485	ns	0		fcb3>fcb2 (Δ=0.935, q=5.58200e-01, ns)	fcb2>fcb4 (Δ=0.059, q=9.99300e-01, ns)	fcb2>fcb5 (Δ=0.642, q=6.90400e-01, ns)	fcb3>fcb4 (Δ=0.995, q=5.40900e-01, ns)	fcb3>fcb5 (Δ=1.578, q=2.31100e-01, ns)	fcb4>fcb5 (Δ=0.583, q=7.80900e-01, ns)
M to T	17	4	1.2100103124475585	0.31344460732770196	ns	0		fcb2>fcb3 (Δ=0.219, q=4.90300e-01, ns)	fcb2>fcb4 (Δ=0.166, q=5.12400e-01, ns)	fcb2>fcb5 (Δ=0.011, q=9.99800e-01, ns)	fcb4>fcb3 (Δ=0.053, q=9.79400e-01, ns)	fcb5>fcb3 (Δ=0.208, q=5.64100e-01, ns)	fcb5>fcb4 (Δ=0.155, q=6.14800e-01, ns)
A to P	4	3	116.86746744711552	1.1627587602285533e-10	***	2	fcb3>fcb5 (Δ=0.747, q=0.00000e+00, ***); fcb4>fcb5 (Δ=0.684, q=0.00000e+00, ***)				fcb3>fcb4 (Δ=0.063, q=3.97000e-01, ns)	fcb3>fcb5 (Δ=0.747, q=0.00000e+00, ***)	fcb4>fcb5 (Δ=0.684, q=0.00000e+00, ***)
V to T	3	3	305.47298275715343	5.351789476967165e-09	***	3	fcb4>fcb3 (Δ=0.493, q=0.00000e+00, ***); fcb3>fcb5 (Δ=0.364, q=0.00000e+00, ***); fcb4>fcb5 (Δ=0.857, q=0.00000e+00, ***)				fcb4>fcb3 (Δ=0.493, q=0.00000e+00, ***)	fcb3>fcb5 (Δ=0.364, q=0.00000e+00, ***)	fcb4>fcb5 (Δ=0.857, q=0.00000e+00, ***)
S to N	7	3	11.7248978446622	0.00028036431748339175	***	1	fcb3>fcb2 (Δ=1.182, q=2.00000e-04, ***)	fcb3>fcb2 (Δ=1.182, q=2.00000e-04, ***)	fcb4>fcb2 (Δ=0.605, q=9.60000e-02, ns)		fcb3>fcb4 (Δ=0.577, q=8.13000e-02, ns)		
M to D	5	3	8.542231029233966	0.0019295250720148297	**	2	fcb4>fcb3 (Δ=1.567, q=4.30000e-03, **); fcb5>fcb3 (Δ=1.527, q=5.40000e-03, **)				fcb4>fcb3 (Δ=1.567, q=4.30000e-03, **)	fcb5>fcb3 (Δ=1.527, q=5.40000e-03, **)	fcb4>fcb5 (Δ=0.041, q=9.95200e-01, ns)
V to L	3	3	5.016774638716191	0.019392765599936416	*	0		fcb3>fcb2 (Δ=1.659, q=4.40000e-02, *)	fcb4>fcb2 (Δ=1.547, q=2.06000e-02, *)		fcb3>fcb4 (Δ=0.112, q=9.74500e-01, ns)		
Q to G	15	3	2.141035758546535	0.12562602136486875	ns	0			fcb2>fcb4 (Δ=0.228, q=1.10900e-01, ns)	fcb2>fcb5 (Δ=0.076, q=8.36200e-01, ns)			fcb5>fcb4 (Δ=0.152, q=4.82700e-01, ns)
G to Q	5	3	0.752852751046589	0.4839082358218684	ns	0					fcb4>fcb3 (Δ=0.156, q=5.27300e-01, ns)	fcb5>fcb3 (Δ=0.046, q=9.63500e-01, ns)	fcb4>fcb5 (Δ=0.110, q=7.25500e-01, ns)
V to A	4	3	0.5817625196279771	0.5767574936702184	ns	0					fcb4>fcb3 (Δ=0.353, q=7.82800e-01, ns)	fcb3>fcb5 (Δ=0.123, q=9.70100e-01, ns)	fcb4>fcb5 (Δ=0.476, q=5.63800e-01, ns)
A to V	4	3	0.3470977694898529	0.7116293337706427	ns	0					fcb3>fcb4 (Δ=0.232, q=8.70200e-01, ns)	fcb5>fcb3 (Δ=0.039, q=9.95300e-01, ns)	fcb5>fcb4 (Δ=0.271, q=6.95100e-01, ns)
W to S	11	2	10.92800170816693	0.001945420425411322	**	1	fcb2>fcb4 (Δ=0.390, q=1.90000e-03, **)		fcb2>fcb4 (Δ=0.390, q=1.90000e-03, **)				
N to S	5	2	4.900858346428913	0.04394866197924517	*	0							fcb4>fcb5 (Δ=1.631, q=4.39000e-02, *)
T to D	6	2	4.051112534789496	0.05654068136061955	ns	0			fcb4>fcb2 (Δ=0.382, q=5.65000e-02, ns)				
A to T	7	2	2.902606859135977	0.10319100650515874	ns	0							fcb5>fcb4 (Δ=0.744, q=1.03200e-01, ns)
T to Q	5	2	2.473814854063047	0.13002889727081055	ns	0					fcb3>fcb4 (Δ=0.201, q=1.30000e-01, ns)		
A to G	4	2	2.1898000171570855	0.1771941158392616	ns	0				fcb5>fcb2 (Δ=0.900, q=1.77200e-01, ns)			
Y to D	3	2	0.4803464311848117	0.5014595177502718	ns	0		fcb2>fcb3 (Δ=0.045, q=5.01500e-01, ns)					
A to S	4	2	0.005464053101490014	0.9421204325529744	ns	0							fcb5>fcb4 (Δ=0.019, q=9.42100e-01, ns)
