AAS_type	n_saap	n_tissues	F	p	Significance	n_sig_pairs	Tukey_significant_pairs	Aorta_vs_Brain	Aorta_vs_Heart	Aorta_vs_Kidney	Aorta_vs_Liver	Aorta_vs_Muscle	Aorta_vs_Skin	Brain_vs_Heart	Brain_vs_Kidney	Brain_vs_Liver	Brain_vs_Muscle	Brain_vs_Skin	Heart_vs_Kidney	Heart_vs_Liver	Heart_vs_Muscle	Heart_vs_Skin	Kidney_vs_Liver	Kidney_vs_Muscle	Kidney_vs_Skin	Liver_vs_Muscle	Liver_vs_Skin	Muscle_vs_Skin
P to T	149	7	116.83462899002109	1.1102230246251565e-16	***	18	Brain>Aorta (Δ=1.356, q=0.00000e+00, ***); Kidney>Aorta (Δ=0.299, q=0.00000e+00, ***); Liver>Aorta (Δ=1.697, q=0.00000e+00, ***); Aorta>Muscle (Δ=0.358, q=0.00000e+00, ***); Skin>Aorta (Δ=0.552, q=0.00000e+00, ***); Brain>Heart (Δ=1.510, q=0.00000e+00, ***); Brain>Kidney (Δ=1.057, q=0.00000e+00, ***); Brain>Muscle (Δ=1.714, q=0.00000e+00, ***); Brain>Skin (Δ=0.804, q=0.00000e+00, ***); Kidney>Heart (Δ=0.453, q=0.00000e+00, ***); Liver>Heart (Δ=1.851, q=0.00000e+00, ***); Skin>Heart (Δ=0.706, q=0.00000e+00, ***); Liver>Kidney (Δ=1.398, q=0.00000e+00, ***); Kidney>Muscle (Δ=0.657, q=0.00000e+00, ***); Skin>Kidney (Δ=0.253, q=0.00000e+00, ***); Liver>Muscle (Δ=2.055, q=0.00000e+00, ***); Liver>Skin (Δ=1.145, q=0.00000e+00, ***); Skin>Muscle (Δ=0.910, q=0.00000e+00, ***)	Brain>Aorta (Δ=1.356, q=0.00000e+00, ***)	Aorta>Heart (Δ=0.154, q=3.12900e-01, ns)	Kidney>Aorta (Δ=0.299, q=0.00000e+00, ***)	Liver>Aorta (Δ=1.697, q=0.00000e+00, ***)	Aorta>Muscle (Δ=0.358, q=0.00000e+00, ***)	Skin>Aorta (Δ=0.552, q=0.00000e+00, ***)	Brain>Heart (Δ=1.510, q=0.00000e+00, ***)	Brain>Kidney (Δ=1.057, q=0.00000e+00, ***)	Liver>Brain (Δ=0.341, q=8.02000e-02, ns)	Brain>Muscle (Δ=1.714, q=0.00000e+00, ***)	Brain>Skin (Δ=0.804, q=0.00000e+00, ***)	Kidney>Heart (Δ=0.453, q=0.00000e+00, ***)	Liver>Heart (Δ=1.851, q=0.00000e+00, ***)	Heart>Muscle (Δ=0.204, q=1.85000e-01, ns)	Skin>Heart (Δ=0.706, q=0.00000e+00, ***)	Liver>Kidney (Δ=1.398, q=0.00000e+00, ***)	Kidney>Muscle (Δ=0.657, q=0.00000e+00, ***)	Skin>Kidney (Δ=0.253, q=0.00000e+00, ***)	Liver>Muscle (Δ=2.055, q=0.00000e+00, ***)	Liver>Skin (Δ=1.145, q=0.00000e+00, ***)	Skin>Muscle (Δ=0.910, q=0.00000e+00, ***)
W to D	145	7	99.18996744437689	1.1102230246251565e-16	***	18	Brain>Aorta (Δ=0.670, q=0.00000e+00, ***); Aorta>Heart (Δ=0.947, q=0.00000e+00, ***); Liver>Aorta (Δ=1.474, q=0.00000e+00, ***); Aorta>Muscle (Δ=0.685, q=0.00000e+00, ***); Skin>Aorta (Δ=1.195, q=0.00000e+00, ***); Brain>Heart (Δ=1.618, q=0.00000e+00, ***); Brain>Kidney (Δ=0.853, q=0.00000e+00, ***); Liver>Brain (Δ=0.803, q=3.90000e-03, **); Brain>Muscle (Δ=1.355, q=0.00000e+00, ***); Kidney>Heart (Δ=0.765, q=0.00000e+00, ***); Liver>Heart (Δ=2.421, q=0.00000e+00, ***); Muscle>Heart (Δ=0.262, q=7.00000e-04, ***); Skin>Heart (Δ=2.142, q=0.00000e+00, ***); Liver>Kidney (Δ=1.656, q=0.00000e+00, ***); Kidney>Muscle (Δ=0.503, q=0.00000e+00, ***); Skin>Kidney (Δ=1.377, q=0.00000e+00, ***); Liver>Muscle (Δ=2.158, q=0.00000e+00, ***); Skin>Muscle (Δ=1.880, q=0.00000e+00, ***)	Brain>Aorta (Δ=0.670, q=0.00000e+00, ***)	Aorta>Heart (Δ=0.947, q=0.00000e+00, ***)	Aorta>Kidney (Δ=0.182, q=3.71700e-01, ns)	Liver>Aorta (Δ=1.474, q=0.00000e+00, ***)	Aorta>Muscle (Δ=0.685, q=0.00000e+00, ***)	Skin>Aorta (Δ=1.195, q=0.00000e+00, ***)	Brain>Heart (Δ=1.618, q=0.00000e+00, ***)	Brain>Kidney (Δ=0.853, q=0.00000e+00, ***)	Liver>Brain (Δ=0.803, q=3.90000e-03, **)	Brain>Muscle (Δ=1.355, q=0.00000e+00, ***)	Skin>Brain (Δ=0.524, q=1.05400e-01, ns)	Kidney>Heart (Δ=0.765, q=0.00000e+00, ***)	Liver>Heart (Δ=2.421, q=0.00000e+00, ***)	Muscle>Heart (Δ=0.262, q=7.00000e-04, ***)	Skin>Heart (Δ=2.142, q=0.00000e+00, ***)	Liver>Kidney (Δ=1.656, q=0.00000e+00, ***)	Kidney>Muscle (Δ=0.503, q=0.00000e+00, ***)	Skin>Kidney (Δ=1.377, q=0.00000e+00, ***)	Liver>Muscle (Δ=2.158, q=0.00000e+00, ***)	Liver>Skin (Δ=0.279, q=9.06100e-01, ns)	Skin>Muscle (Δ=1.880, q=0.00000e+00, ***)
E to D	13	7	16.133772081150695	2.8885893676999785e-11	***	7	Aorta>Brain (Δ=3.736, q=0.00000e+00, ***); Aorta>Liver (Δ=1.771, q=6.70000e-03, **); Heart>Brain (Δ=3.001, q=0.00000e+00, ***); Kidney>Brain (Δ=2.755, q=0.00000e+00, ***); Muscle>Brain (Δ=3.303, q=0.00000e+00, ***); Skin>Brain (Δ=3.866, q=0.00000e+00, ***); Skin>Liver (Δ=1.901, q=1.00000e-03, **)	Aorta>Brain (Δ=3.736, q=0.00000e+00, ***)	Aorta>Heart (Δ=0.735, q=3.10500e-01, ns)	Aorta>Kidney (Δ=0.981, q=1.35900e-01, ns)	Aorta>Liver (Δ=1.771, q=6.70000e-03, **)	Aorta>Muscle (Δ=0.434, q=9.68600e-01, ns)	Skin>Aorta (Δ=0.130, q=9.99300e-01, ns)	Heart>Brain (Δ=3.001, q=0.00000e+00, ***)	Kidney>Brain (Δ=2.755, q=0.00000e+00, ***)	Liver>Brain (Δ=1.965, q=1.93000e-02, *)	Muscle>Brain (Δ=3.303, q=0.00000e+00, ***)	Skin>Brain (Δ=3.866, q=0.00000e+00, ***)	Heart>Kidney (Δ=0.246, q=9.94400e-01, ns)	Heart>Liver (Δ=1.036, q=3.15500e-01, ns)	Muscle>Heart (Δ=0.302, q=9.95200e-01, ns)	Skin>Heart (Δ=0.865, q=4.78000e-02, *)	Kidney>Liver (Δ=0.790, q=6.98600e-01, ns)	Muscle>Kidney (Δ=0.547, q=9.28600e-01, ns)	Skin>Kidney (Δ=1.111, q=1.99000e-02, *)	Muscle>Liver (Δ=1.337, q=2.55800e-01, ns)	Skin>Liver (Δ=1.901, q=1.00000e-03, **)	Skin>Muscle (Δ=0.563, q=8.55800e-01, ns)
A to V	13	7	15.18118435483154	2.704397816799542e-10	***	8	Brain>Aorta (Δ=3.874, q=0.00000e+00, ***); Heart>Aorta (Δ=3.271, q=0.00000e+00, ***); Kidney>Aorta (Δ=4.548, q=0.00000e+00, ***); Liver>Aorta (Δ=2.272, q=1.10000e-03, **); Muscle>Aorta (Δ=4.056, q=0.00000e+00, ***); Skin>Aorta (Δ=3.480, q=0.00000e+00, ***); Kidney>Liver (Δ=2.276, q=1.10000e-03, **); Muscle>Liver (Δ=1.783, q=5.00000e-04, ***)	Brain>Aorta (Δ=3.874, q=0.00000e+00, ***)	Heart>Aorta (Δ=3.271, q=0.00000e+00, ***)	Kidney>Aorta (Δ=4.548, q=0.00000e+00, ***)	Liver>Aorta (Δ=2.272, q=1.10000e-03, **)	Muscle>Aorta (Δ=4.056, q=0.00000e+00, ***)	Skin>Aorta (Δ=3.480, q=0.00000e+00, ***)	Brain>Heart (Δ=0.603, q=8.67200e-01, ns)	Kidney>Brain (Δ=0.674, q=9.21700e-01, ns)	Brain>Liver (Δ=1.602, q=5.03000e-02, ns)	Muscle>Brain (Δ=0.181, q=9.99800e-01, ns)	Brain>Skin (Δ=0.394, q=9.81700e-01, ns)	Kidney>Heart (Δ=1.277, q=1.25900e-01, ns)	Heart>Liver (Δ=0.999, q=1.18900e-01, ns)	Muscle>Heart (Δ=0.784, q=2.18300e-01, ns)	Skin>Heart (Δ=0.209, q=9.92600e-01, ns)	Kidney>Liver (Δ=2.276, q=1.10000e-03, **)	Kidney>Muscle (Δ=0.492, q=9.53000e-01, ns)	Kidney>Skin (Δ=1.067, q=2.96600e-01, ns)	Muscle>Liver (Δ=1.783, q=5.00000e-04, ***)	Skin>Liver (Δ=1.208, q=2.95000e-02, *)	Muscle>Skin (Δ=0.575, q=5.80800e-01, ns)
S to G	9	7	11.54511485443576	2.991322488599124e-07	***	7	Muscle>Aorta (Δ=2.095, q=1.00000e-04, ***); Brain>Kidney (Δ=1.894, q=1.40000e-03, **); Brain>Liver (Δ=2.278, q=8.00000e-04, ***); Muscle>Heart (Δ=2.641, q=1.00000e-04, ***); Muscle>Kidney (Δ=2.844, q=0.00000e+00, ***); Muscle>Liver (Δ=3.228, q=0.00000e+00, ***); Muscle>Skin (Δ=2.149, q=2.00000e-04, ***)	Brain>Aorta (Δ=1.146, q=9.26000e-02, ns)	Aorta>Heart (Δ=0.545, q=8.21100e-01, ns)	Aorta>Kidney (Δ=0.749, q=2.46900e-01, ns)	Aorta>Liver (Δ=1.133, q=9.92000e-02, ns)	Muscle>Aorta (Δ=2.095, q=1.00000e-04, ***)	Aorta>Skin (Δ=0.053, q=1.00000e+00, ns)	Brain>Heart (Δ=1.691, q=2.29000e-02, *)	Brain>Kidney (Δ=1.894, q=1.40000e-03, **)	Brain>Liver (Δ=2.278, q=8.00000e-04, ***)	Muscle>Brain (Δ=0.950, q=4.75800e-01, ns)	Brain>Skin (Δ=1.199, q=1.00500e-01, ns)	Heart>Kidney (Δ=0.203, q=9.99000e-01, ns)	Heart>Liver (Δ=0.588, q=8.92700e-01, ns)	Muscle>Heart (Δ=2.641, q=1.00000e-04, ***)	Skin>Heart (Δ=0.492, q=9.06900e-01, ns)	Kidney>Liver (Δ=0.384, q=9.70300e-01, ns)	Muscle>Kidney (Δ=2.844, q=0.00000e+00, ***)	Skin>Kidney (Δ=0.695, q=4.34400e-01, ns)	Muscle>Liver (Δ=3.228, q=0.00000e+00, ***)	Skin>Liver (Δ=1.079, q=1.78400e-01, ns)	Muscle>Skin (Δ=2.149, q=2.00000e-04, ***)
A to S	40	7	3.7422423726579255	0.001396887211034481	**	1	Muscle>Aorta (Δ=0.815, q=3.60000e-03, **)	Brain>Aorta (Δ=0.927, q=1.59100e-01, ns)	Heart>Aorta (Δ=0.273, q=7.06200e-01, ns)	Kidney>Aorta (Δ=0.052, q=1.00000e+00, ns)	Aorta>Liver (Δ=0.142, q=1.00000e+00, ns)	Muscle>Aorta (Δ=0.815, q=3.60000e-03, **)	Skin>Aorta (Δ=0.097, q=9.99700e-01, ns)	Brain>Heart (Δ=0.654, q=5.14400e-01, ns)	Brain>Kidney (Δ=0.875, q=2.22800e-01, ns)	Brain>Liver (Δ=1.069, q=5.36200e-01, ns)	Brain>Muscle (Δ=0.111, q=9.99900e-01, ns)	Brain>Skin (Δ=0.830, q=3.44600e-01, ns)	Heart>Kidney (Δ=0.221, q=8.84100e-01, ns)	Heart>Liver (Δ=0.415, q=9.79500e-01, ns)	Muscle>Heart (Δ=0.542, q=6.23000e-02, ns)	Heart>Skin (Δ=0.176, q=9.84300e-01, ns)	Kidney>Liver (Δ=0.194, q=9.99700e-01, ns)	Muscle>Kidney (Δ=0.764, q=1.11000e-02, *)	Skin>Kidney (Δ=0.045, q=1.00000e+00, ns)	Muscle>Liver (Δ=0.958, q=4.86400e-01, ns)	Skin>Liver (Δ=0.239, q=9.99300e-01, ns)	Muscle>Skin (Δ=0.719, q=7.12000e-02, ns)
G to D	15	7	3.8145349438682774	0.0025611794198237003	**	1	Brain>Muscle (Δ=1.679, q=3.00000e-03, **)	Brain>Aorta (Δ=0.569, q=9.30700e-01, ns)	Heart>Aorta (Δ=0.417, q=9.90500e-01, ns)	Aorta>Kidney (Δ=0.184, q=1.00000e+00, ns)	Liver>Aorta (Δ=0.566, q=9.83800e-01, ns)	Aorta>Muscle (Δ=1.110, q=2.56900e-01, ns)	Aorta>Skin (Δ=0.460, q=9.67400e-01, ns)	Brain>Heart (Δ=0.152, q=9.99900e-01, ns)	Brain>Kidney (Δ=0.753, q=9.15300e-01, ns)	Brain>Liver (Δ=0.003, q=1.00000e+00, ns)	Brain>Muscle (Δ=1.679, q=3.00000e-03, **)	Brain>Skin (Δ=1.029, q=2.40200e-01, ns)	Heart>Kidney (Δ=0.601, q=9.78000e-01, ns)	Liver>Heart (Δ=0.148, q=1.00000e+00, ns)	Heart>Muscle (Δ=1.528, q=3.54000e-02, *)	Heart>Skin (Δ=0.878, q=5.78100e-01, ns)	Liver>Kidney (Δ=0.750, q=9.67700e-01, ns)	Kidney>Muscle (Δ=0.926, q=7.61400e-01, ns)	Kidney>Skin (Δ=0.276, q=9.99500e-01, ns)	Liver>Muscle (Δ=1.676, q=1.25500e-01, ns)	Liver>Skin (Δ=1.026, q=6.85600e-01, ns)	Skin>Muscle (Δ=0.650, q=6.28900e-01, ns)
V to L	9	7	1.5543988446695503	0.18271449671475448	ns	0		Aorta>Brain (Δ=0.110, q=1.00000e+00, ns)	Aorta>Heart (Δ=0.837, q=9.71600e-01, ns)	Kidney>Aorta (Δ=0.160, q=1.00000e+00, ns)	Liver>Aorta (Δ=0.209, q=9.99900e-01, ns)	Muscle>Aorta (Δ=1.654, q=5.77100e-01, ns)	Aorta>Skin (Δ=1.334, q=7.85600e-01, ns)	Brain>Heart (Δ=0.727, q=9.86100e-01, ns)	Kidney>Brain (Δ=0.270, q=9.99800e-01, ns)	Liver>Brain (Δ=0.320, q=9.99000e-01, ns)	Muscle>Brain (Δ=1.764, q=5.01400e-01, ns)	Brain>Skin (Δ=1.224, q=8.45000e-01, ns)	Kidney>Heart (Δ=0.997, q=9.35200e-01, ns)	Liver>Heart (Δ=1.047, q=8.81000e-01, ns)	Muscle>Heart (Δ=2.491, q=2.64900e-01, ns)	Heart>Skin (Δ=0.497, q=9.99200e-01, ns)	Liver>Kidney (Δ=0.050, q=1.00000e+00, ns)	Muscle>Kidney (Δ=1.494, q=6.85800e-01, ns)	Kidney>Skin (Δ=1.494, q=6.85900e-01, ns)	Muscle>Liver (Δ=1.444, q=6.26400e-01, ns)	Liver>Skin (Δ=1.544, q=5.51300e-01, ns)	Muscle>Skin (Δ=2.988, q=1.06200e-01, ns)
T to D	160	7			ns	0		Brain>Aorta (Δ=inf, q=nan, ns)	Heart>Aorta (Δ=inf, q=nan, ns)	Aorta>Kidney (Δ=0.368, q=nan, ns)	Aorta>Liver (Δ=0.041, q=nan, ns)	Aorta>Muscle (Δ=0.340, q=nan, ns)	Skin>Aorta (Δ=0.275, q=nan, ns)	Heart>Brain (Δ=nan, q=nan, ns)	Brain>Kidney (Δ=inf, q=nan, ns)	Brain>Liver (Δ=inf, q=nan, ns)	Brain>Muscle (Δ=inf, q=nan, ns)	Brain>Skin (Δ=inf, q=nan, ns)	Heart>Kidney (Δ=inf, q=nan, ns)	Heart>Liver (Δ=inf, q=nan, ns)	Heart>Muscle (Δ=inf, q=nan, ns)	Heart>Skin (Δ=inf, q=nan, ns)	Liver>Kidney (Δ=0.327, q=nan, ns)	Muscle>Kidney (Δ=0.029, q=nan, ns)	Skin>Kidney (Δ=0.643, q=nan, ns)	Liver>Muscle (Δ=0.299, q=nan, ns)	Skin>Liver (Δ=0.316, q=nan, ns)	Skin>Muscle (Δ=0.615, q=nan, ns)
T to N	29	7			ns	0		Brain>Aorta (Δ=0.292, q=nan, ns)	Heart>Aorta (Δ=0.975, q=nan, ns)	Kidney>Aorta (Δ=1.106, q=nan, ns)	Liver>Aorta (Δ=2.056, q=nan, ns)	Muscle>Aorta (Δ=inf, q=nan, ns)	Skin>Aorta (Δ=0.997, q=nan, ns)	Heart>Brain (Δ=0.683, q=nan, ns)	Kidney>Brain (Δ=0.814, q=nan, ns)	Liver>Brain (Δ=1.764, q=nan, ns)	Muscle>Brain (Δ=inf, q=nan, ns)	Skin>Brain (Δ=0.705, q=nan, ns)	Kidney>Heart (Δ=0.131, q=nan, ns)	Liver>Heart (Δ=1.081, q=nan, ns)	Muscle>Heart (Δ=inf, q=nan, ns)	Skin>Heart (Δ=0.022, q=nan, ns)	Liver>Kidney (Δ=0.950, q=nan, ns)	Muscle>Kidney (Δ=inf, q=nan, ns)	Kidney>Skin (Δ=0.109, q=nan, ns)	Muscle>Liver (Δ=inf, q=nan, ns)	Liver>Skin (Δ=1.059, q=nan, ns)	Muscle>Skin (Δ=inf, q=nan, ns)
V to P	60	7			ns	0		Aorta>Brain (Δ=inf, q=nan, ns)	Aorta>Heart (Δ=inf, q=nan, ns)	Aorta>Kidney (Δ=inf, q=nan, ns)	Aorta>Liver (Δ=inf, q=nan, ns)	Aorta>Muscle (Δ=inf, q=nan, ns)	Aorta>Skin (Δ=inf, q=nan, ns)	Brain>Heart (Δ=0.347, q=nan, ns)	Brain>Kidney (Δ=0.468, q=nan, ns)	Brain>Liver (Δ=0.051, q=nan, ns)	Brain>Muscle (Δ=0.485, q=nan, ns)	Brain>Skin (Δ=0.213, q=nan, ns)	Heart>Kidney (Δ=0.121, q=nan, ns)	Liver>Heart (Δ=0.296, q=nan, ns)	Heart>Muscle (Δ=0.138, q=nan, ns)	Skin>Heart (Δ=0.134, q=nan, ns)	Liver>Kidney (Δ=0.417, q=nan, ns)	Kidney>Muscle (Δ=0.017, q=nan, ns)	Skin>Kidney (Δ=0.256, q=nan, ns)	Liver>Muscle (Δ=0.434, q=nan, ns)	Liver>Skin (Δ=0.162, q=nan, ns)	Skin>Muscle (Δ=0.272, q=nan, ns)
S to N	9	6	13.106321813889192	6.013536579807521e-08	***	6	Brain>Aorta (Δ=3.937, q=0.00000e+00, ***); Heart>Aorta (Δ=2.347, q=1.00000e-04, ***); Muscle>Aorta (Δ=1.993, q=3.50000e-03, **); Brain>Liver (Δ=3.489, q=0.00000e+00, ***); Brain>Skin (Δ=2.923, q=3.00000e-04, ***); Heart>Liver (Δ=1.899, q=5.00000e-04, ***)	Brain>Aorta (Δ=3.937, q=0.00000e+00, ***)	Heart>Aorta (Δ=2.347, q=1.00000e-04, ***)		Liver>Aorta (Δ=0.448, q=9.24900e-01, ns)	Muscle>Aorta (Δ=1.993, q=3.50000e-03, **)	Skin>Aorta (Δ=1.014, q=3.55500e-01, ns)	Brain>Heart (Δ=1.590, q=9.00000e-02, ns)		Brain>Liver (Δ=3.489, q=0.00000e+00, ***)	Brain>Muscle (Δ=1.944, q=3.31000e-02, *)	Brain>Skin (Δ=2.923, q=3.00000e-04, ***)		Heart>Liver (Δ=1.899, q=5.00000e-04, ***)	Heart>Muscle (Δ=0.353, q=9.71900e-01, ns)	Heart>Skin (Δ=1.333, q=6.16000e-02, ns)				Muscle>Liver (Δ=1.545, q=1.92000e-02, *)	Skin>Liver (Δ=0.566, q=8.22100e-01, ns)	Muscle>Skin (Δ=0.979, q=3.94100e-01, ns)
A to L	6	6	6.530406648720494	0.00014138954446729635	***	4	Aorta>Liver (Δ=1.710, q=7.10000e-03, **); Muscle>Heart (Δ=1.862, q=9.40000e-03, **); Muscle>Liver (Δ=2.866, q=1.00000e-04, ***); Skin>Liver (Δ=1.731, q=6.20000e-03, **)		Aorta>Heart (Δ=0.705, q=4.92500e-01, ns)	Aorta>Kidney (Δ=0.584, q=9.01700e-01, ns)	Aorta>Liver (Δ=1.710, q=7.10000e-03, **)	Muscle>Aorta (Δ=1.156, q=3.29200e-01, ns)	Skin>Aorta (Δ=0.021, q=1.00000e+00, ns)						Kidney>Heart (Δ=0.121, q=9.99900e-01, ns)	Heart>Liver (Δ=1.005, q=1.39200e-01, ns)	Muscle>Heart (Δ=1.862, q=9.40000e-03, **)	Skin>Heart (Δ=0.726, q=4.60200e-01, ns)	Kidney>Liver (Δ=1.126, q=3.58000e-01, ns)	Muscle>Kidney (Δ=1.740, q=1.00600e-01, ns)	Skin>Kidney (Δ=0.605, q=8.87900e-01, ns)	Muscle>Liver (Δ=2.866, q=1.00000e-04, ***)	Skin>Liver (Δ=1.731, q=6.20000e-03, **)	Muscle>Skin (Δ=1.135, q=3.48800e-01, ns)
G to A	7	6	4.604892208160634	0.005021293836554808	**	1	Muscle>Liver (Δ=4.108, q=4.20000e-03, **)	Aorta>Brain (Δ=0.665, q=9.66700e-01, ns)		Aorta>Kidney (Δ=2.120, q=2.88000e-01, ns)	Aorta>Liver (Δ=2.699, q=1.00900e-01, ns)	Muscle>Aorta (Δ=1.409, q=7.00200e-01, ns)	Aorta>Skin (Δ=0.596, q=9.89000e-01, ns)		Brain>Kidney (Δ=1.455, q=5.31300e-01, ns)	Brain>Liver (Δ=2.034, q=1.95900e-01, ns)	Muscle>Brain (Δ=2.074, q=1.80300e-01, ns)	Skin>Brain (Δ=0.069, q=1.00000e+00, ns)					Kidney>Liver (Δ=0.579, q=9.90400e-01, ns)	Muscle>Kidney (Δ=3.529, q=1.66000e-02, *)	Skin>Kidney (Δ=1.524, q=6.29200e-01, ns)	Muscle>Liver (Δ=4.108, q=4.20000e-03, **)	Skin>Liver (Δ=2.103, q=2.96200e-01, ns)	Muscle>Skin (Δ=2.005, q=3.44300e-01, ns)
A to T	8	6	2.784790128428025	0.025393217425123793	*	0		Aorta>Brain (Δ=0.482, q=9.21700e-01, ns)	Aorta>Heart (Δ=0.878, q=4.81600e-01, ns)	Aorta>Kidney (Δ=1.326, q=1.42000e-02, *)	Aorta>Liver (Δ=0.949, q=8.39000e-02, ns)		Aorta>Skin (Δ=0.668, q=2.43600e-01, ns)	Brain>Heart (Δ=0.395, q=9.85800e-01, ns)	Brain>Kidney (Δ=0.843, q=5.89400e-01, ns)	Brain>Liver (Δ=0.467, q=9.31300e-01, ns)		Brain>Skin (Δ=0.186, q=9.98500e-01, ns)	Heart>Kidney (Δ=0.448, q=9.54300e-01, ns)	Heart>Liver (Δ=0.071, q=1.00000e+00, ns)		Skin>Heart (Δ=0.209, q=9.97400e-01, ns)	Liver>Kidney (Δ=0.377, q=9.25400e-01, ns)		Skin>Kidney (Δ=0.658, q=4.16100e-01, ns)		Skin>Liver (Δ=0.281, q=9.35900e-01, ns)	
T to S	5	6	1.8352725559015082	0.132208100554579	ns	0		Aorta>Brain (Δ=1.249, q=5.74200e-01, ns)	Aorta>Heart (Δ=1.006, q=5.54600e-01, ns)	Aorta>Kidney (Δ=1.192, q=6.21200e-01, ns)	Aorta>Liver (Δ=1.411, q=4.42500e-01, ns)		Skin>Aorta (Δ=0.154, q=9.99800e-01, ns)	Heart>Brain (Δ=0.243, q=9.99600e-01, ns)	Kidney>Brain (Δ=0.057, q=1.00000e+00, ns)	Brain>Liver (Δ=0.162, q=1.00000e+00, ns)		Skin>Brain (Δ=1.402, q=5.13500e-01, ns)	Heart>Kidney (Δ=0.186, q=9.99900e-01, ns)	Heart>Liver (Δ=0.405, q=9.95700e-01, ns)		Skin>Heart (Δ=1.159, q=4.99800e-01, ns)	Kidney>Liver (Δ=0.218, q=9.99900e-01, ns)		Skin>Kidney (Δ=1.346, q=5.57600e-01, ns)		Skin>Liver (Δ=1.564, q=3.93400e-01, ns)	
W to A	28	5	40.32800595043838	1.1102230246251565e-16	***	7	Aorta>Heart (Δ=0.813, q=0.00000e+00, ***); Aorta>Muscle (Δ=0.559, q=7.60000e-03, **); Skin>Aorta (Δ=1.401, q=0.00000e+00, ***); Brain>Heart (Δ=1.344, q=0.00000e+00, ***); Brain>Muscle (Δ=1.090, q=0.00000e+00, ***); Skin>Heart (Δ=2.214, q=0.00000e+00, ***); Skin>Muscle (Δ=1.960, q=0.00000e+00, ***)	Brain>Aorta (Δ=0.531, q=6.71000e-02, ns)	Aorta>Heart (Δ=0.813, q=0.00000e+00, ***)			Aorta>Muscle (Δ=0.559, q=7.60000e-03, **)	Skin>Aorta (Δ=1.401, q=0.00000e+00, ***)	Brain>Heart (Δ=1.344, q=0.00000e+00, ***)			Brain>Muscle (Δ=1.090, q=0.00000e+00, ***)	Skin>Brain (Δ=0.869, q=2.19000e-02, *)			Muscle>Heart (Δ=0.254, q=2.73800e-01, ns)	Skin>Heart (Δ=2.214, q=0.00000e+00, ***)						Skin>Muscle (Δ=1.960, q=0.00000e+00, ***)
Q to G	4	5	61.01743526412945	1.4103473944260259e-10	***	7	Aorta>Heart (Δ=2.050, q=0.00000e+00, ***); Aorta>Kidney (Δ=3.519, q=0.00000e+00, ***); Aorta>Liver (Δ=1.546, q=0.00000e+00, ***); Aorta>Skin (Δ=2.826, q=0.00000e+00, ***); Heart>Kidney (Δ=1.470, q=0.00000e+00, ***); Liver>Kidney (Δ=1.974, q=0.00000e+00, ***); Liver>Skin (Δ=1.280, q=4.00000e-04, ***)		Aorta>Heart (Δ=2.050, q=0.00000e+00, ***)	Aorta>Kidney (Δ=3.519, q=0.00000e+00, ***)	Aorta>Liver (Δ=1.546, q=0.00000e+00, ***)		Aorta>Skin (Δ=2.826, q=0.00000e+00, ***)						Heart>Kidney (Δ=1.470, q=0.00000e+00, ***)	Liver>Heart (Δ=0.504, q=1.59400e-01, ns)		Heart>Skin (Δ=0.776, q=1.19000e-02, *)	Liver>Kidney (Δ=1.974, q=0.00000e+00, ***)		Skin>Kidney (Δ=0.694, q=6.77000e-02, ns)		Liver>Skin (Δ=1.280, q=4.00000e-04, ***)	
M to L	7	5	5.580991947334285	0.0011895498408652783	**	2	Muscle>Liver (Δ=1.583, q=4.40000e-03, **); Skin>Liver (Δ=1.195, q=1.40000e-03, **)	Brain>Aorta (Δ=0.272, q=9.65600e-01, ns)			Aorta>Liver (Δ=0.712, q=2.46900e-01, ns)	Muscle>Aorta (Δ=0.871, q=2.47200e-01, ns)	Skin>Aorta (Δ=0.484, q=4.49100e-01, ns)			Brain>Liver (Δ=0.983, q=1.50300e-01, ns)	Muscle>Brain (Δ=0.599, q=7.27200e-01, ns)	Skin>Brain (Δ=0.212, q=9.79100e-01, ns)								Muscle>Liver (Δ=1.583, q=4.40000e-03, **)	Skin>Liver (Δ=1.195, q=1.40000e-03, **)	Muscle>Skin (Δ=0.387, q=8.37000e-01, ns)
H to N	20	5	4.440222011457614	0.0027390576699385383	**	1	Skin>Muscle (Δ=1.279, q=1.40000e-03, **)		Aorta>Heart (Δ=0.157, q=9.29600e-01, ns)	Aorta>Kidney (Δ=0.064, q=9.98900e-01, ns)		Aorta>Muscle (Δ=0.477, q=1.81700e-01, ns)	Skin>Aorta (Δ=0.802, q=1.35600e-01, ns)						Kidney>Heart (Δ=0.093, q=9.89400e-01, ns)		Heart>Muscle (Δ=0.320, q=2.97900e-01, ns)	Skin>Heart (Δ=0.959, q=2.20000e-02, *)		Kidney>Muscle (Δ=0.413, q=3.11900e-01, ns)	Skin>Kidney (Δ=0.866, q=8.92000e-02, ns)			Skin>Muscle (Δ=1.279, q=1.40000e-03, **)
T to A	6	5	2.685474811814713	0.04957147124584593	*	0		Brain>Aorta (Δ=0.742, q=9.06800e-01, ns)	Aorta>Heart (Δ=0.399, q=9.94100e-01, ns)		Aorta>Liver (Δ=0.769, q=8.73400e-01, ns)		Aorta>Skin (Δ=1.423, q=4.70800e-01, ns)	Brain>Heart (Δ=1.140, q=6.73500e-01, ns)		Brain>Liver (Δ=1.511, q=1.50900e-01, ns)		Brain>Skin (Δ=2.164, q=3.12000e-02, *)		Heart>Liver (Δ=0.371, q=9.90400e-01, ns)		Heart>Skin (Δ=1.024, q=7.53100e-01, ns)					Liver>Skin (Δ=0.653, q=8.42200e-01, ns)	
Q to A	3	4	6983.877035243993	1.1102230246251565e-16	***	6	Aorta>Brain (Δ=0.696, q=0.00000e+00, ***); Aorta>Kidney (Δ=0.304, q=0.00000e+00, ***); Muscle>Aorta (Δ=3.716, q=0.00000e+00, ***); Kidney>Brain (Δ=0.392, q=0.00000e+00, ***); Muscle>Brain (Δ=4.412, q=0.00000e+00, ***); Muscle>Kidney (Δ=4.020, q=0.00000e+00, ***)	Aorta>Brain (Δ=0.696, q=0.00000e+00, ***)		Aorta>Kidney (Δ=0.304, q=0.00000e+00, ***)		Muscle>Aorta (Δ=3.716, q=0.00000e+00, ***)			Kidney>Brain (Δ=0.392, q=0.00000e+00, ***)		Muscle>Brain (Δ=4.412, q=0.00000e+00, ***)							Muscle>Kidney (Δ=4.020, q=0.00000e+00, ***)				
W to N	37	4	24.89818461971436	3.682609772681644e-13	***	3	Aorta>Heart (Δ=0.947, q=0.00000e+00, ***); Kidney>Heart (Δ=1.731, q=0.00000e+00, ***); Muscle>Heart (Δ=1.060, q=0.00000e+00, ***)		Aorta>Heart (Δ=0.947, q=0.00000e+00, ***)	Kidney>Aorta (Δ=0.785, q=1.73600e-01, ns)		Muscle>Aorta (Δ=0.114, q=9.69500e-01, ns)							Kidney>Heart (Δ=1.731, q=0.00000e+00, ***)		Muscle>Heart (Δ=1.060, q=0.00000e+00, ***)			Kidney>Muscle (Δ=0.671, q=2.71600e-01, ns)				
T to G	4	4	533.8564215929382	4.946043574705072e-13	***	6	Heart>Aorta (Δ=0.717, q=0.00000e+00, ***); Kidney>Aorta (Δ=0.976, q=0.00000e+00, ***); Muscle>Aorta (Δ=0.518, q=0.00000e+00, ***); Kidney>Heart (Δ=0.260, q=0.00000e+00, ***); Heart>Muscle (Δ=0.199, q=0.00000e+00, ***); Kidney>Muscle (Δ=0.459, q=0.00000e+00, ***)		Heart>Aorta (Δ=0.717, q=0.00000e+00, ***)	Kidney>Aorta (Δ=0.976, q=0.00000e+00, ***)		Muscle>Aorta (Δ=0.518, q=0.00000e+00, ***)							Kidney>Heart (Δ=0.260, q=0.00000e+00, ***)		Heart>Muscle (Δ=0.199, q=0.00000e+00, ***)			Kidney>Muscle (Δ=0.459, q=0.00000e+00, ***)				
L to S	5	4	186.94348887858047	1.1552980794249379e-12	***	6	Brain>Kidney (Δ=1.646, q=0.00000e+00, ***); Muscle>Brain (Δ=1.602, q=0.00000e+00, ***); Brain>Skin (Δ=2.383, q=0.00000e+00, ***); Muscle>Kidney (Δ=3.248, q=0.00000e+00, ***); Kidney>Skin (Δ=0.737, q=5.70000e-03, **); Muscle>Skin (Δ=3.985, q=0.00000e+00, ***)								Brain>Kidney (Δ=1.646, q=0.00000e+00, ***)		Muscle>Brain (Δ=1.602, q=0.00000e+00, ***)	Brain>Skin (Δ=2.383, q=0.00000e+00, ***)						Muscle>Kidney (Δ=3.248, q=0.00000e+00, ***)	Kidney>Skin (Δ=0.737, q=5.70000e-03, **)			Muscle>Skin (Δ=3.985, q=0.00000e+00, ***)
V to T	8	4	31.210971482345055	4.047928658934552e-10	***	4	Aorta>Heart (Δ=1.253, q=6.00000e-04, ***); Aorta>Muscle (Δ=1.471, q=1.00000e-04, ***); Brain>Heart (Δ=1.468, q=0.00000e+00, ***); Brain>Muscle (Δ=1.687, q=0.00000e+00, ***)	Brain>Aorta (Δ=0.216, q=8.65400e-01, ns)	Aorta>Heart (Δ=1.253, q=6.00000e-04, ***)			Aorta>Muscle (Δ=1.471, q=1.00000e-04, ***)		Brain>Heart (Δ=1.468, q=0.00000e+00, ***)			Brain>Muscle (Δ=1.687, q=0.00000e+00, ***)				Heart>Muscle (Δ=0.219, q=7.72000e-01, ns)							
A to E	7	4	13.630206197116252	6.734393489971069e-06	***	3	Aorta>Skin (Δ=1.650, q=1.00000e-04, ***); Heart>Skin (Δ=0.988, q=6.00000e-04, ***); Muscle>Skin (Δ=1.208, q=2.00000e-04, ***)		Aorta>Heart (Δ=0.662, q=1.78300e-01, ns)			Aorta>Muscle (Δ=0.442, q=5.59500e-01, ns)	Aorta>Skin (Δ=1.650, q=1.00000e-04, ***)								Muscle>Heart (Δ=0.220, q=8.16900e-01, ns)	Heart>Skin (Δ=0.988, q=6.00000e-04, ***)						Muscle>Skin (Δ=1.208, q=2.00000e-04, ***)
D to S	6	4	2.3133299067983426	0.10147025834264767	ns	0		Brain>Aorta (Δ=0.049, q=9.98700e-01, ns)				Aorta>Muscle (Δ=0.258, q=7.06400e-01, ns)	Aorta>Skin (Δ=0.773, q=1.03600e-01, ns)				Brain>Muscle (Δ=0.307, q=7.44000e-01, ns)	Brain>Skin (Δ=0.821, q=1.48700e-01, ns)										Muscle>Skin (Δ=0.514, q=3.47300e-01, ns)
E to T	12	4	1.3949411549656738	0.254730745234403	ns	0													Kidney>Heart (Δ=0.213, q=7.10400e-01, ns)		Muscle>Heart (Δ=0.141, q=5.56900e-01, ns)	Skin>Heart (Δ=0.346, q=3.18300e-01, ns)		Kidney>Muscle (Δ=0.073, q=9.83300e-01, ns)	Skin>Kidney (Δ=0.132, q=9.57200e-01, ns)			Skin>Muscle (Δ=0.205, q=7.34200e-01, ns)
P to Q	11	3	42.19070301394488	4.788114349452144e-11	***	2	Aorta>Kidney (Δ=1.911, q=0.00000e+00, ***); Heart>Kidney (Δ=1.784, q=0.00000e+00, ***)		Aorta>Heart (Δ=0.127, q=9.15500e-01, ns)	Aorta>Kidney (Δ=1.911, q=0.00000e+00, ***)									Heart>Kidney (Δ=1.784, q=0.00000e+00, ***)									
V to Q	5	3	89.3821738014291	9.52972145640274e-10	***	2	Aorta>Heart (Δ=1.371, q=0.00000e+00, ***); Kidney>Heart (Δ=1.522, q=0.00000e+00, ***)		Aorta>Heart (Δ=1.371, q=0.00000e+00, ***)	Kidney>Aorta (Δ=0.151, q=5.55000e-01, ns)									Kidney>Heart (Δ=1.522, q=0.00000e+00, ***)									
Q to N	3	3	164.2441164392257	8.258999406596246e-08	***	3	Muscle>Heart (Δ=1.873, q=0.00000e+00, ***); Skin>Heart (Δ=1.376, q=0.00000e+00, ***); Muscle>Skin (Δ=0.497, q=3.10000e-03, **)														Muscle>Heart (Δ=1.873, q=0.00000e+00, ***)	Skin>Heart (Δ=1.376, q=0.00000e+00, ***)						Muscle>Skin (Δ=0.497, q=3.10000e-03, **)
F to L	3	3	22.813622098406633	0.0002990539054056329	***	2	Aorta>Skin (Δ=0.168, q=2.00000e-04, ***); Heart>Skin (Δ=0.109, q=4.80000e-03, **)		Aorta>Heart (Δ=0.058, q=1.05500e-01, ns)				Aorta>Skin (Δ=0.168, q=2.00000e-04, ***)									Heart>Skin (Δ=0.109, q=4.80000e-03, **)						
G to S	7	3	7.305700373146665	0.0031732011634373336	**	1	Brain>Skin (Δ=1.639, q=4.10000e-03, **)								Brain>Kidney (Δ=1.883, q=2.04000e-02, *)			Brain>Skin (Δ=1.639, q=4.10000e-03, **)							Skin>Kidney (Δ=0.244, q=9.11000e-01, ns)			
A to G	4	3	8.075776728732118	0.005252072609721603	**	1	Kidney>Heart (Δ=1.989, q=7.10000e-03, **)												Kidney>Heart (Δ=1.989, q=7.10000e-03, **)			Heart>Skin (Δ=0.147, q=9.60000e-01, ns)			Kidney>Skin (Δ=2.136, q=1.16000e-02, *)			
A to D	4	3	4.451461765058727	0.027883749499488464	*	0									Kidney>Brain (Δ=0.519, q=7.74300e-01, ns)	Liver>Brain (Δ=1.676, q=3.71000e-02, *)							Liver>Kidney (Δ=1.157, q=1.76300e-01, ns)					
H to D	26	3	2.7496092914031807	0.068561426100746	ns	0													Heart>Kidney (Δ=0.596, q=5.86000e-02, ns)		Muscle>Heart (Δ=0.001, q=1.00000e+00, ns)			Muscle>Kidney (Δ=0.597, q=8.46000e-02, ns)				
Y to V	3	2	90.02771614185117	2.5669978529485604e-06	***	1	Muscle>Kidney (Δ=1.034, q=0.00000e+00, ***)																	Muscle>Kidney (Δ=1.034, q=0.00000e+00, ***)				
V to E	6	2	2.188103711900197	0.15109543532946978	ns	0															Muscle>Heart (Δ=0.699, q=1.51100e-01, ns)							
M to N	3	2	1.7728431415505197	0.21258472954377838	ns	0												Brain>Skin (Δ=0.782, q=2.12600e-01, ns)										
Y to D	5	2	0.06583587151034337	0.8004089018260194	ns	0			Aorta>Heart (Δ=0.060, q=8.00400e-01, ns)																			
