AAS_type	n_saap	n_tissues	F	p	Significance	n_sig_pairs	Tukey_significant_pairs	Aorta_vs_Brain	Aorta_vs_Heart	Aorta_vs_Kidney	Aorta_vs_Liver	Aorta_vs_Lung	Aorta_vs_Muscle	Aorta_vs_Skin	Brain_vs_Heart	Brain_vs_Kidney	Brain_vs_Liver	Brain_vs_Lung	Brain_vs_Muscle	Brain_vs_Skin	Heart_vs_Kidney	Heart_vs_Liver	Heart_vs_Lung	Heart_vs_Muscle	Heart_vs_Skin	Kidney_vs_Liver	Kidney_vs_Lung	Kidney_vs_Muscle	Kidney_vs_Skin	Liver_vs_Lung	Liver_vs_Muscle	Liver_vs_Skin	Lung_vs_Muscle	Lung_vs_Skin	Muscle_vs_Skin
W to D	130	8	98.71129218373798	1.1102230246251565e-16	***	24	Brain>Aorta (Δ=0.531, q=4.90000e-03, **); Aorta>Heart (Δ=1.179, q=0.00000e+00, ***); Aorta>Kidney (Δ=0.433, q=2.00000e-04, ***); Liver>Aorta (Δ=1.398, q=0.00000e+00, ***); Aorta>Lung (Δ=1.202, q=0.00000e+00, ***); Aorta>Muscle (Δ=0.917, q=0.00000e+00, ***); Skin>Aorta (Δ=1.024, q=0.00000e+00, ***); Brain>Heart (Δ=1.711, q=0.00000e+00, ***); Brain>Kidney (Δ=0.964, q=0.00000e+00, ***); Liver>Brain (Δ=0.866, q=1.50000e-03, **); Brain>Lung (Δ=1.733, q=0.00000e+00, ***); Brain>Muscle (Δ=1.448, q=0.00000e+00, ***); Kidney>Heart (Δ=0.747, q=0.00000e+00, ***); Liver>Heart (Δ=2.577, q=0.00000e+00, ***); Muscle>Heart (Δ=0.263, q=3.90000e-03, **); Skin>Heart (Δ=2.203, q=0.00000e+00, ***); Liver>Kidney (Δ=1.830, q=0.00000e+00, ***); Kidney>Lung (Δ=0.769, q=0.00000e+00, ***); Kidney>Muscle (Δ=0.484, q=0.00000e+00, ***); Skin>Kidney (Δ=1.456, q=0.00000e+00, ***); Liver>Lung (Δ=2.599, q=0.00000e+00, ***); Liver>Muscle (Δ=2.314, q=0.00000e+00, ***); Skin>Lung (Δ=2.225, q=0.00000e+00, ***); Skin>Muscle (Δ=1.941, q=0.00000e+00, ***)	Brain>Aorta (Δ=0.531, q=4.90000e-03, **)	Aorta>Heart (Δ=1.179, q=0.00000e+00, ***)	Aorta>Kidney (Δ=0.433, q=2.00000e-04, ***)	Liver>Aorta (Δ=1.398, q=0.00000e+00, ***)	Aorta>Lung (Δ=1.202, q=0.00000e+00, ***)	Aorta>Muscle (Δ=0.917, q=0.00000e+00, ***)	Skin>Aorta (Δ=1.024, q=0.00000e+00, ***)	Brain>Heart (Δ=1.711, q=0.00000e+00, ***)	Brain>Kidney (Δ=0.964, q=0.00000e+00, ***)	Liver>Brain (Δ=0.866, q=1.50000e-03, **)	Brain>Lung (Δ=1.733, q=0.00000e+00, ***)	Brain>Muscle (Δ=1.448, q=0.00000e+00, ***)	Skin>Brain (Δ=0.492, q=1.84400e-01, ns)	Kidney>Heart (Δ=0.747, q=0.00000e+00, ***)	Liver>Heart (Δ=2.577, q=0.00000e+00, ***)	Heart>Lung (Δ=0.022, q=1.00000e+00, ns)	Muscle>Heart (Δ=0.263, q=3.90000e-03, **)	Skin>Heart (Δ=2.203, q=0.00000e+00, ***)	Liver>Kidney (Δ=1.830, q=0.00000e+00, ***)	Kidney>Lung (Δ=0.769, q=0.00000e+00, ***)	Kidney>Muscle (Δ=0.484, q=0.00000e+00, ***)	Skin>Kidney (Δ=1.456, q=0.00000e+00, ***)	Liver>Lung (Δ=2.599, q=0.00000e+00, ***)	Liver>Muscle (Δ=2.314, q=0.00000e+00, ***)	Liver>Skin (Δ=0.374, q=7.64600e-01, ns)	Muscle>Lung (Δ=0.285, q=2.20000e-02, *)	Skin>Lung (Δ=2.225, q=0.00000e+00, ***)	Skin>Muscle (Δ=1.941, q=0.00000e+00, ***)
P to T	111	8	67.53745512842563	1.1102230246251565e-16	***	21	Brain>Aorta (Δ=1.344, q=0.00000e+00, ***); Liver>Aorta (Δ=1.799, q=0.00000e+00, ***); Aorta>Lung (Δ=0.461, q=0.00000e+00, ***); Skin>Aorta (Δ=0.543, q=0.00000e+00, ***); Brain>Heart (Δ=1.526, q=0.00000e+00, ***); Brain>Kidney (Δ=1.107, q=0.00000e+00, ***); Brain>Lung (Δ=1.805, q=0.00000e+00, ***); Brain>Muscle (Δ=1.700, q=0.00000e+00, ***); Brain>Skin (Δ=0.801, q=0.00000e+00, ***); Kidney>Heart (Δ=0.419, q=9.00000e-04, ***); Liver>Heart (Δ=1.980, q=0.00000e+00, ***); Skin>Heart (Δ=0.724, q=0.00000e+00, ***); Liver>Kidney (Δ=1.562, q=0.00000e+00, ***); Kidney>Lung (Δ=0.698, q=0.00000e+00, ***); Kidney>Muscle (Δ=0.593, q=0.00000e+00, ***); Skin>Kidney (Δ=0.306, q=7.00000e-04, ***); Liver>Lung (Δ=2.259, q=0.00000e+00, ***); Liver>Muscle (Δ=2.155, q=0.00000e+00, ***); Liver>Skin (Δ=1.256, q=0.00000e+00, ***); Skin>Lung (Δ=1.003, q=0.00000e+00, ***); Skin>Muscle (Δ=0.898, q=0.00000e+00, ***)	Brain>Aorta (Δ=1.344, q=0.00000e+00, ***)	Aorta>Heart (Δ=0.182, q=6.17800e-01, ns)	Kidney>Aorta (Δ=0.237, q=2.57000e-02, *)	Liver>Aorta (Δ=1.799, q=0.00000e+00, ***)	Aorta>Lung (Δ=0.461, q=0.00000e+00, ***)	Aorta>Muscle (Δ=0.356, q=1.04000e-02, *)	Skin>Aorta (Δ=0.543, q=0.00000e+00, ***)	Brain>Heart (Δ=1.526, q=0.00000e+00, ***)	Brain>Kidney (Δ=1.107, q=0.00000e+00, ***)	Liver>Brain (Δ=0.455, q=1.37100e-01, ns)	Brain>Lung (Δ=1.805, q=0.00000e+00, ***)	Brain>Muscle (Δ=1.700, q=0.00000e+00, ***)	Brain>Skin (Δ=0.801, q=0.00000e+00, ***)	Kidney>Heart (Δ=0.419, q=9.00000e-04, ***)	Liver>Heart (Δ=1.980, q=0.00000e+00, ***)	Heart>Lung (Δ=0.279, q=1.87000e-01, ns)	Heart>Muscle (Δ=0.174, q=8.46600e-01, ns)	Skin>Heart (Δ=0.724, q=0.00000e+00, ***)	Liver>Kidney (Δ=1.562, q=0.00000e+00, ***)	Kidney>Lung (Δ=0.698, q=0.00000e+00, ***)	Kidney>Muscle (Δ=0.593, q=0.00000e+00, ***)	Skin>Kidney (Δ=0.306, q=7.00000e-04, ***)	Liver>Lung (Δ=2.259, q=0.00000e+00, ***)	Liver>Muscle (Δ=2.155, q=0.00000e+00, ***)	Liver>Skin (Δ=1.256, q=0.00000e+00, ***)	Muscle>Lung (Δ=0.105, q=9.81000e-01, ns)	Skin>Lung (Δ=1.003, q=0.00000e+00, ***)	Skin>Muscle (Δ=0.898, q=0.00000e+00, ***)
T to D	169	8	15.924866712524988	1.1102230246251565e-16	***	11	Brain>Aorta (Δ=1.074, q=0.00000e+00, ***); Aorta>Lung (Δ=0.506, q=1.00000e-04, ***); Brain>Heart (Δ=1.253, q=0.00000e+00, ***); Brain>Kidney (Δ=1.278, q=0.00000e+00, ***); Brain>Liver (Δ=1.208, q=0.00000e+00, ***); Brain>Lung (Δ=1.581, q=0.00000e+00, ***); Brain>Muscle (Δ=1.147, q=0.00000e+00, ***); Brain>Skin (Δ=0.923, q=1.20000e-03, **); Heart>Lung (Δ=0.327, q=4.00000e-03, **); Muscle>Lung (Δ=0.433, q=1.00000e-04, ***); Skin>Lung (Δ=0.657, q=6.50000e-03, **)	Brain>Aorta (Δ=1.074, q=0.00000e+00, ***)	Aorta>Heart (Δ=0.179, q=7.54700e-01, ns)	Aorta>Kidney (Δ=0.204, q=6.74100e-01, ns)	Aorta>Liver (Δ=0.135, q=9.92800e-01, ns)	Aorta>Lung (Δ=0.506, q=1.00000e-04, ***)	Aorta>Muscle (Δ=0.073, q=9.98400e-01, ns)	Skin>Aorta (Δ=0.151, q=9.94100e-01, ns)	Brain>Heart (Δ=1.253, q=0.00000e+00, ***)	Brain>Kidney (Δ=1.278, q=0.00000e+00, ***)	Brain>Liver (Δ=1.208, q=0.00000e+00, ***)	Brain>Lung (Δ=1.581, q=0.00000e+00, ***)	Brain>Muscle (Δ=1.147, q=0.00000e+00, ***)	Brain>Skin (Δ=0.923, q=1.20000e-03, **)	Heart>Kidney (Δ=0.025, q=1.00000e+00, ns)	Liver>Heart (Δ=0.045, q=1.00000e+00, ns)	Heart>Lung (Δ=0.327, q=4.00000e-03, **)	Muscle>Heart (Δ=0.106, q=9.51100e-01, ns)	Skin>Heart (Δ=0.330, q=6.05100e-01, ns)	Liver>Kidney (Δ=0.069, q=9.99900e-01, ns)	Kidney>Lung (Δ=0.303, q=2.89000e-02, *)	Muscle>Kidney (Δ=0.130, q=9.02400e-01, ns)	Skin>Kidney (Δ=0.354, q=5.38900e-01, ns)	Liver>Lung (Δ=0.372, q=2.08600e-01, ns)	Muscle>Liver (Δ=0.061, q=9.99900e-01, ns)	Skin>Liver (Δ=0.285, q=8.97700e-01, ns)	Muscle>Lung (Δ=0.433, q=1.00000e-04, ***)	Skin>Lung (Δ=0.657, q=6.50000e-03, **)	Skin>Muscle (Δ=0.224, q=9.24800e-01, ns)
V to P	49	8	13.63264556293936	5.10702591327572e-15	***	11	Brain>Aorta (Δ=0.709, q=0.00000e+00, ***); Liver>Aorta (Δ=0.967, q=0.00000e+00, ***); Skin>Aorta (Δ=0.667, q=0.00000e+00, ***); Brain>Lung (Δ=1.056, q=0.00000e+00, ***); Brain>Muscle (Δ=0.542, q=7.30000e-03, **); Liver>Heart (Δ=0.898, q=1.60000e-03, **); Liver>Lung (Δ=1.314, q=0.00000e+00, ***); Liver>Muscle (Δ=0.800, q=4.00000e-04, ***); Muscle>Lung (Δ=0.514, q=6.00000e-03, **); Skin>Lung (Δ=1.014, q=0.00000e+00, ***); Skin>Muscle (Δ=0.500, q=7.00000e-04, ***)	Brain>Aorta (Δ=0.709, q=0.00000e+00, ***)	Heart>Aorta (Δ=0.069, q=9.99900e-01, ns)	Kidney>Aorta (Δ=0.348, q=5.20100e-01, ns)	Liver>Aorta (Δ=0.967, q=0.00000e+00, ***)	Aorta>Lung (Δ=0.347, q=1.66800e-01, ns)	Muscle>Aorta (Δ=0.168, q=6.62400e-01, ns)	Skin>Aorta (Δ=0.667, q=0.00000e+00, ***)	Brain>Heart (Δ=0.640, q=2.39000e-02, *)	Brain>Kidney (Δ=0.361, q=6.79400e-01, ns)	Liver>Brain (Δ=0.258, q=9.24900e-01, ns)	Brain>Lung (Δ=1.056, q=0.00000e+00, ***)	Brain>Muscle (Δ=0.542, q=7.30000e-03, **)	Brain>Skin (Δ=0.042, q=1.00000e+00, ns)	Kidney>Heart (Δ=0.279, q=9.11200e-01, ns)	Liver>Heart (Δ=0.898, q=1.60000e-03, **)	Heart>Lung (Δ=0.415, q=3.39500e-01, ns)	Muscle>Heart (Δ=0.099, q=9.98700e-01, ns)	Skin>Heart (Δ=0.598, q=1.26000e-02, *)	Liver>Kidney (Δ=0.619, q=1.51900e-01, ns)	Kidney>Lung (Δ=0.695, q=1.77000e-02, *)	Kidney>Muscle (Δ=0.180, q=9.75400e-01, ns)	Skin>Kidney (Δ=0.319, q=7.01500e-01, ns)	Liver>Lung (Δ=1.314, q=0.00000e+00, ***)	Liver>Muscle (Δ=0.800, q=4.00000e-04, ***)	Liver>Skin (Δ=0.300, q=7.63700e-01, ns)	Muscle>Lung (Δ=0.514, q=6.00000e-03, **)	Skin>Lung (Δ=1.014, q=0.00000e+00, ***)	Skin>Muscle (Δ=0.500, q=7.00000e-04, ***)
T to N	29	8	9.343775343823873	1.8978043581086013e-09	***	11	Liver>Aorta (Δ=2.393, q=8.00000e-04, ***); Muscle>Aorta (Δ=2.192, q=0.00000e+00, ***); Liver>Brain (Δ=2.279, q=4.00000e-04, ***); Muscle>Brain (Δ=2.078, q=0.00000e+00, ***); Liver>Heart (Δ=2.246, q=5.00000e-04, ***); Muscle>Heart (Δ=2.044, q=0.00000e+00, ***); Liver>Kidney (Δ=2.082, q=3.90000e-03, **); Muscle>Kidney (Δ=1.881, q=1.00000e-04, ***); Liver>Lung (Δ=2.430, q=2.00000e-04, ***); Muscle>Lung (Δ=2.228, q=0.00000e+00, ***); Muscle>Skin (Δ=1.538, q=6.20000e-03, **)	Brain>Aorta (Δ=0.114, q=1.00000e+00, ns)	Heart>Aorta (Δ=0.147, q=9.99800e-01, ns)	Kidney>Aorta (Δ=0.311, q=9.89800e-01, ns)	Liver>Aorta (Δ=2.393, q=8.00000e-04, ***)	Aorta>Lung (Δ=0.037, q=1.00000e+00, ns)	Muscle>Aorta (Δ=2.192, q=0.00000e+00, ***)	Skin>Aorta (Δ=0.653, q=7.07100e-01, ns)	Heart>Brain (Δ=0.034, q=1.00000e+00, ns)	Kidney>Brain (Δ=0.198, q=9.97300e-01, ns)	Liver>Brain (Δ=2.279, q=4.00000e-04, ***)	Brain>Lung (Δ=0.150, q=9.98900e-01, ns)	Muscle>Brain (Δ=2.078, q=0.00000e+00, ***)	Skin>Brain (Δ=0.540, q=6.94400e-01, ns)	Kidney>Heart (Δ=0.164, q=9.99300e-01, ns)	Liver>Heart (Δ=2.246, q=5.00000e-04, ***)	Heart>Lung (Δ=0.184, q=9.96600e-01, ns)	Muscle>Heart (Δ=2.044, q=0.00000e+00, ***)	Skin>Heart (Δ=0.506, q=7.73200e-01, ns)	Liver>Kidney (Δ=2.082, q=3.90000e-03, **)	Kidney>Lung (Δ=0.348, q=9.50500e-01, ns)	Muscle>Kidney (Δ=1.881, q=1.00000e-04, ***)	Skin>Kidney (Δ=0.342, q=9.82100e-01, ns)	Liver>Lung (Δ=2.430, q=2.00000e-04, ***)	Liver>Muscle (Δ=0.201, q=1.00000e+00, ns)	Liver>Skin (Δ=1.740, q=4.17000e-02, *)	Muscle>Lung (Δ=2.228, q=0.00000e+00, ***)	Skin>Lung (Δ=0.690, q=4.61800e-01, ns)	Muscle>Skin (Δ=1.538, q=6.20000e-03, **)
A to V	11	8	9.649314175218809	1.980930461886743e-07	***	6	Kidney>Aorta (Δ=1.348, q=1.30000e-03, **); Lung>Aorta (Δ=1.343, q=1.40000e-03, **); Heart>Skin (Δ=0.978, q=1.00000e-04, ***); Kidney>Skin (Δ=1.581, q=0.00000e+00, ***); Lung>Skin (Δ=1.577, q=0.00000e+00, ***); Muscle>Skin (Δ=1.100, q=0.00000e+00, ***)	Brain>Aorta (Δ=0.692, q=3.30500e-01, ns)	Heart>Aorta (Δ=0.744, q=6.10000e-02, ns)	Kidney>Aorta (Δ=1.348, q=1.30000e-03, **)	Liver>Aorta (Δ=0.582, q=5.50400e-01, ns)	Lung>Aorta (Δ=1.343, q=1.40000e-03, **)	Muscle>Aorta (Δ=0.867, q=2.19000e-02, *)	Aorta>Skin (Δ=0.234, q=9.86000e-01, ns)	Heart>Brain (Δ=0.052, q=1.00000e+00, ns)	Kidney>Brain (Δ=0.656, q=3.97100e-01, ns)	Brain>Liver (Δ=0.110, q=1.00000e+00, ns)	Lung>Brain (Δ=0.651, q=4.06500e-01, ns)	Muscle>Brain (Δ=0.175, q=9.96500e-01, ns)	Brain>Skin (Δ=0.925, q=2.05000e-02, *)	Kidney>Heart (Δ=0.604, q=2.16900e-01, ns)	Heart>Liver (Δ=0.162, q=9.97400e-01, ns)	Lung>Heart (Δ=0.599, q=2.25200e-01, ns)	Muscle>Heart (Δ=0.123, q=9.94900e-01, ns)	Heart>Skin (Δ=0.978, q=1.00000e-04, ***)	Kidney>Liver (Δ=0.766, q=2.14700e-01, ns)	Kidney>Lung (Δ=0.005, q=1.00000e+00, ns)	Kidney>Muscle (Δ=0.481, q=5.35100e-01, ns)	Kidney>Skin (Δ=1.581, q=0.00000e+00, ***)	Lung>Liver (Δ=0.761, q=2.21300e-01, ns)	Muscle>Liver (Δ=0.284, q=9.43400e-01, ns)	Liver>Skin (Δ=0.816, q=6.03000e-02, ns)	Lung>Muscle (Δ=0.476, q=5.47700e-01, ns)	Lung>Skin (Δ=1.577, q=0.00000e+00, ***)	Muscle>Skin (Δ=1.100, q=0.00000e+00, ***)
A to S	48	8	6.2464880373895255	8.550459528189336e-07	***	3	Muscle>Aorta (Δ=0.895, q=1.30000e-03, **); Muscle>Kidney (Δ=1.050, q=1.00000e-04, ***); Muscle>Lung (Δ=1.066, q=0.00000e+00, ***)	Brain>Aorta (Δ=1.069, q=7.77000e-02, ns)	Heart>Aorta (Δ=0.343, q=5.88400e-01, ns)	Aorta>Kidney (Δ=0.155, q=9.97600e-01, ns)	Aorta>Liver (Δ=0.002, q=1.00000e+00, ns)	Aorta>Lung (Δ=0.171, q=9.92700e-01, ns)	Muscle>Aorta (Δ=0.895, q=1.30000e-03, **)	Skin>Aorta (Δ=0.053, q=1.00000e+00, ns)	Brain>Heart (Δ=0.726, q=4.27900e-01, ns)	Brain>Kidney (Δ=1.224, q=2.59000e-02, *)	Brain>Liver (Δ=1.072, q=5.85700e-01, ns)	Brain>Lung (Δ=1.241, q=1.67000e-02, *)	Brain>Muscle (Δ=0.174, q=9.99800e-01, ns)	Brain>Skin (Δ=1.017, q=1.71200e-01, ns)	Heart>Kidney (Δ=0.498, q=1.72700e-01, ns)	Heart>Liver (Δ=0.345, q=9.96500e-01, ns)	Heart>Lung (Δ=0.514, q=6.37000e-02, ns)	Muscle>Heart (Δ=0.552, q=4.62000e-02, *)	Heart>Skin (Δ=0.290, q=9.17300e-01, ns)	Liver>Kidney (Δ=0.153, q=1.00000e+00, ns)	Kidney>Lung (Δ=0.016, q=1.00000e+00, ns)	Muscle>Kidney (Δ=1.050, q=1.00000e-04, ***)	Skin>Kidney (Δ=0.207, q=9.94500e-01, ns)	Liver>Lung (Δ=0.169, q=1.00000e+00, ns)	Muscle>Liver (Δ=0.897, q=6.13800e-01, ns)	Skin>Liver (Δ=0.055, q=1.00000e+00, ns)	Muscle>Lung (Δ=1.066, q=0.00000e+00, ***)	Skin>Lung (Δ=0.224, q=9.87800e-01, ns)	Muscle>Skin (Δ=0.842, q=2.77000e-02, *)
E to D	11	7	19.85704734153467	5.3682613909700194e-12	***	7	Aorta>Brain (Δ=3.561, q=0.00000e+00, ***); Heart>Brain (Δ=3.671, q=0.00000e+00, ***); Kidney>Brain (Δ=2.755, q=0.00000e+00, ***); Lung>Brain (Δ=4.144, q=0.00000e+00, ***); Muscle>Brain (Δ=3.300, q=0.00000e+00, ***); Skin>Brain (Δ=3.983, q=0.00000e+00, ***); Skin>Kidney (Δ=1.228, q=1.60000e-03, **)	Aorta>Brain (Δ=3.561, q=0.00000e+00, ***)	Heart>Aorta (Δ=0.110, q=1.00000e+00, ns)	Aorta>Kidney (Δ=0.806, q=2.92200e-01, ns)		Lung>Aorta (Δ=0.583, q=8.38600e-01, ns)	Aorta>Muscle (Δ=0.262, q=9.96800e-01, ns)	Skin>Aorta (Δ=0.422, q=7.65700e-01, ns)	Heart>Brain (Δ=3.671, q=0.00000e+00, ***)	Kidney>Brain (Δ=2.755, q=0.00000e+00, ***)		Lung>Brain (Δ=4.144, q=0.00000e+00, ***)	Muscle>Brain (Δ=3.300, q=0.00000e+00, ***)	Skin>Brain (Δ=3.983, q=0.00000e+00, ***)	Heart>Kidney (Δ=0.916, q=3.79900e-01, ns)		Lung>Heart (Δ=0.473, q=9.66100e-01, ns)	Heart>Muscle (Δ=0.372, q=9.90100e-01, ns)	Skin>Heart (Δ=0.312, q=9.82900e-01, ns)		Lung>Kidney (Δ=1.389, q=4.00000e-02, *)	Muscle>Kidney (Δ=0.545, q=8.76900e-01, ns)	Skin>Kidney (Δ=1.228, q=1.60000e-03, **)				Lung>Muscle (Δ=0.844, q=6.45500e-01, ns)	Lung>Skin (Δ=0.161, q=9.99500e-01, ns)	Skin>Muscle (Δ=0.683, q=5.69600e-01, ns)
V to I/L	12	7	18.72513926479618	1.5063172931206736e-11	***	9	Aorta>Brain (Δ=1.726, q=1.40000e-03, **); Liver>Aorta (Δ=1.981, q=0.00000e+00, ***); Kidney>Brain (Δ=2.749, q=0.00000e+00, ***); Liver>Brain (Δ=3.707, q=0.00000e+00, ***); Muscle>Brain (Δ=1.611, q=3.60000e-03, **); Liver>Heart (Δ=1.944, q=6.30000e-03, **); Kidney>Skin (Δ=2.610, q=2.00000e-04, ***); Liver>Muscle (Δ=2.096, q=0.00000e+00, ***); Liver>Skin (Δ=3.568, q=0.00000e+00, ***)	Aorta>Brain (Δ=1.726, q=1.40000e-03, **)	Heart>Aorta (Δ=0.037, q=1.00000e+00, ns)	Kidney>Aorta (Δ=1.023, q=1.67000e-01, ns)	Liver>Aorta (Δ=1.981, q=0.00000e+00, ***)		Aorta>Muscle (Δ=0.115, q=9.99900e-01, ns)	Aorta>Skin (Δ=1.587, q=4.43000e-02, *)	Heart>Brain (Δ=1.763, q=3.02000e-02, *)	Kidney>Brain (Δ=2.749, q=0.00000e+00, ***)	Liver>Brain (Δ=3.707, q=0.00000e+00, ***)		Muscle>Brain (Δ=1.611, q=3.60000e-03, **)	Skin>Brain (Δ=0.139, q=1.00000e+00, ns)	Kidney>Heart (Δ=0.986, q=5.39100e-01, ns)	Liver>Heart (Δ=1.944, q=6.30000e-03, **)		Heart>Muscle (Δ=0.152, q=9.99900e-01, ns)	Heart>Skin (Δ=1.624, q=1.46700e-01, ns)	Liver>Kidney (Δ=0.958, q=2.29500e-01, ns)		Kidney>Muscle (Δ=1.138, q=8.96000e-02, ns)	Kidney>Skin (Δ=2.610, q=2.00000e-04, ***)		Liver>Muscle (Δ=2.096, q=0.00000e+00, ***)	Liver>Skin (Δ=3.568, q=0.00000e+00, ***)			Muscle>Skin (Δ=1.472, q=7.73000e-02, ns)
A to T	5	7	3.4760309549970327	0.006583366775360977	**	0		Aorta>Brain (Δ=0.955, q=7.27600e-01, ns)	Aorta>Heart (Δ=1.347, q=3.40300e-01, ns)	Aorta>Kidney (Δ=1.739, q=2.20000e-02, *)	Aorta>Liver (Δ=1.441, q=9.32000e-02, ns)	Aorta>Lung (Δ=0.026, q=1.00000e+00, ns)		Aorta>Skin (Δ=0.658, q=7.93000e-01, ns)	Brain>Heart (Δ=0.392, q=9.98000e-01, ns)	Brain>Kidney (Δ=0.784, q=8.69000e-01, ns)	Brain>Liver (Δ=0.486, q=9.86000e-01, ns)	Lung>Brain (Δ=0.929, q=7.52100e-01, ns)		Skin>Brain (Δ=0.297, q=9.98700e-01, ns)	Heart>Kidney (Δ=0.392, q=9.95600e-01, ns)	Heart>Liver (Δ=0.094, q=1.00000e+00, ns)	Lung>Heart (Δ=1.321, q=3.63400e-01, ns)		Skin>Heart (Δ=0.689, q=9.02000e-01, ns)	Liver>Kidney (Δ=0.298, q=9.97000e-01, ns)	Lung>Kidney (Δ=1.713, q=2.52000e-02, *)		Skin>Kidney (Δ=1.081, q=2.57900e-01, ns)	Lung>Liver (Δ=1.415, q=1.04500e-01, ns)		Skin>Liver (Δ=0.783, q=6.32600e-01, ns)		Lung>Skin (Δ=0.632, q=8.22100e-01, ns)	
T to S	4	7	1.7565646377597337	0.1389210774537455	ns	0		Aorta>Brain (Δ=1.154, q=4.61500e-01, ns)	Aorta>Heart (Δ=0.810, q=5.98500e-01, ns)	Aorta>Kidney (Δ=1.097, q=5.20600e-01, ns)	Aorta>Liver (Δ=1.326, q=3.00400e-01, ns)	Aorta>Lung (Δ=1.121, q=4.95100e-01, ns)		Aorta>Skin (Δ=1.307, q=3.15800e-01, ns)	Heart>Brain (Δ=0.344, q=9.97800e-01, ns)	Kidney>Brain (Δ=0.056, q=1.00000e+00, ns)	Brain>Liver (Δ=0.172, q=1.00000e+00, ns)	Lung>Brain (Δ=0.032, q=1.00000e+00, ns)		Brain>Skin (Δ=0.153, q=1.00000e+00, ns)	Heart>Kidney (Δ=0.287, q=9.99200e-01, ns)	Heart>Liver (Δ=0.516, q=9.80800e-01, ns)	Heart>Lung (Δ=0.311, q=9.98700e-01, ns)		Heart>Skin (Δ=0.497, q=9.84000e-01, ns)	Kidney>Liver (Δ=0.228, q=9.99900e-01, ns)	Kidney>Lung (Δ=0.024, q=1.00000e+00, ns)		Kidney>Skin (Δ=0.210, q=9.99900e-01, ns)	Lung>Liver (Δ=0.204, q=1.00000e+00, ns)		Skin>Liver (Δ=0.018, q=1.00000e+00, ns)		Lung>Skin (Δ=0.186, q=1.00000e+00, ns)	
W to A	21	6	16.38172208510395	3.518041413741457e-11	***	7	Brain>Aorta (Δ=1.536, q=4.00000e-04, ***); Skin>Aorta (Δ=2.110, q=0.00000e+00, ***); Brain>Heart (Δ=1.316, q=0.00000e+00, ***); Brain>Lung (Δ=1.531, q=0.00000e+00, ***); Skin>Heart (Δ=1.890, q=0.00000e+00, ***); Skin>Lung (Δ=2.104, q=0.00000e+00, ***); Skin>Muscle (Δ=1.395, q=5.00000e-04, ***)	Brain>Aorta (Δ=1.536, q=4.00000e-04, ***)	Heart>Aorta (Δ=0.220, q=9.75600e-01, ns)			Lung>Aorta (Δ=0.006, q=1.00000e+00, ns)	Muscle>Aorta (Δ=0.716, q=2.25000e-01, ns)	Skin>Aorta (Δ=2.110, q=0.00000e+00, ***)	Brain>Heart (Δ=1.316, q=0.00000e+00, ***)			Brain>Lung (Δ=1.531, q=0.00000e+00, ***)	Brain>Muscle (Δ=0.821, q=1.55000e-02, *)	Skin>Brain (Δ=0.574, q=5.67900e-01, ns)			Heart>Lung (Δ=0.214, q=9.20500e-01, ns)	Muscle>Heart (Δ=0.495, q=3.79000e-02, *)	Skin>Heart (Δ=1.890, q=0.00000e+00, ***)								Muscle>Lung (Δ=0.710, q=5.43000e-02, ns)	Skin>Lung (Δ=2.104, q=0.00000e+00, ***)	Skin>Muscle (Δ=1.395, q=5.00000e-04, ***)
H to N	17	6	7.06479833265208	1.7087249623126688e-05	***	3	Kidney>Muscle (Δ=1.094, q=2.60000e-03, **); Skin>Lung (Δ=1.506, q=6.00000e-04, ***); Skin>Muscle (Δ=1.679, q=2.00000e-04, ***)		Heart>Aorta (Δ=0.113, q=9.98100e-01, ns)	Kidney>Aorta (Δ=0.640, q=3.62400e-01, ns)		Aorta>Lung (Δ=0.280, q=8.94500e-01, ns)	Aorta>Muscle (Δ=0.454, q=5.87400e-01, ns)	Skin>Aorta (Δ=1.226, q=3.14000e-02, *)							Kidney>Heart (Δ=0.527, q=3.53200e-01, ns)		Heart>Lung (Δ=0.394, q=2.93200e-01, ns)	Heart>Muscle (Δ=0.567, q=8.33000e-02, ns)	Skin>Heart (Δ=1.112, q=2.44000e-02, *)		Kidney>Lung (Δ=0.921, q=1.00000e-02, *)	Kidney>Muscle (Δ=1.094, q=2.60000e-03, **)	Skin>Kidney (Δ=0.585, q=6.78600e-01, ns)				Lung>Muscle (Δ=0.173, q=9.61000e-01, ns)	Skin>Lung (Δ=1.506, q=6.00000e-04, ***)	Skin>Muscle (Δ=1.679, q=2.00000e-04, ***)
S to N	9	6	6.702132079112526	0.00014498566168841265	***	3	Brain>Liver (Δ=3.423, q=4.00000e-04, ***); Brain>Lung (Δ=3.680, q=1.10000e-03, **); Brain>Muscle (Δ=2.744, q=3.40000e-03, **)	Brain>Aorta (Δ=3.010, q=1.09000e-02, *)	Heart>Aorta (Δ=1.322, q=3.97200e-01, ns)		Aorta>Liver (Δ=0.413, q=9.92400e-01, ns)	Aorta>Lung (Δ=0.671, q=9.65400e-01, ns)	Muscle>Aorta (Δ=0.265, q=9.98800e-01, ns)		Brain>Heart (Δ=1.688, q=1.58600e-01, ns)		Brain>Liver (Δ=3.423, q=4.00000e-04, ***)	Brain>Lung (Δ=3.680, q=1.10000e-03, **)	Brain>Muscle (Δ=2.744, q=3.40000e-03, **)			Heart>Liver (Δ=1.735, q=2.97000e-02, *)	Heart>Lung (Δ=1.993, q=6.06000e-02, ns)	Heart>Muscle (Δ=1.057, q=2.66700e-01, ns)						Liver>Lung (Δ=0.258, q=9.99200e-01, ns)	Muscle>Liver (Δ=0.678, q=8.06300e-01, ns)		Muscle>Lung (Δ=0.936, q=7.43900e-01, ns)		
S to G	6	6	3.662716997994203	0.00929566916267277	**	0		Brain>Aorta (Δ=1.142, q=2.11700e-01, ns)	Aorta>Heart (Δ=0.575, q=8.46700e-01, ns)	Aorta>Kidney (Δ=0.745, q=4.08600e-01, ns)		Lung>Aorta (Δ=0.120, q=9.99600e-01, ns)		Skin>Aorta (Δ=0.733, q=6.70900e-01, ns)	Brain>Heart (Δ=1.717, q=7.22000e-02, ns)	Brain>Kidney (Δ=1.886, q=1.11000e-02, *)		Brain>Lung (Δ=1.022, q=3.83500e-01, ns)		Brain>Skin (Δ=0.409, q=9.82900e-01, ns)	Heart>Kidney (Δ=0.169, q=9.99500e-01, ns)		Lung>Heart (Δ=0.695, q=7.63700e-01, ns)		Skin>Heart (Δ=1.308, q=2.75000e-01, ns)		Lung>Kidney (Δ=0.864, q=3.45500e-01, ns)		Skin>Kidney (Δ=1.477, q=7.53000e-02, ns)					Skin>Lung (Δ=0.613, q=8.44300e-01, ns)	
G to D	9	6	1.9681634257894025	0.10572731931619339	ns	0		Brain>Aorta (Δ=0.791, q=5.95000e-01, ns)	Heart>Aorta (Δ=0.200, q=9.99200e-01, ns)			Lung>Aorta (Δ=0.578, q=9.08100e-01, ns)	Aorta>Muscle (Δ=0.273, q=9.91200e-01, ns)	Skin>Aorta (Δ=0.083, q=1.00000e+00, ns)	Brain>Heart (Δ=0.591, q=8.31100e-01, ns)			Brain>Lung (Δ=0.213, q=9.97900e-01, ns)	Brain>Muscle (Δ=1.064, q=6.17000e-02, ns)	Brain>Skin (Δ=0.708, q=3.96500e-01, ns)			Lung>Heart (Δ=0.378, q=9.84400e-01, ns)	Heart>Muscle (Δ=0.472, q=9.07800e-01, ns)	Heart>Skin (Δ=0.116, q=9.99800e-01, ns)								Lung>Muscle (Δ=0.850, q=4.53800e-01, ns)	Lung>Skin (Δ=0.494, q=8.90200e-01, ns)	Skin>Muscle (Δ=0.356, q=8.82900e-01, ns)
G to A	4	5	3000.6247531898357	1.1102230246251565e-16	***	10	Brain>Aorta (Δ=1.642, q=0.00000e+00, ***); Aorta>Kidney (Δ=2.124, q=0.00000e+00, ***); Aorta>Lung (Δ=1.222, q=0.00000e+00, ***); Muscle>Aorta (Δ=1.431, q=0.00000e+00, ***); Brain>Kidney (Δ=3.766, q=0.00000e+00, ***); Brain>Lung (Δ=2.864, q=0.00000e+00, ***); Brain>Muscle (Δ=0.211, q=1.30000e-03, **); Lung>Kidney (Δ=0.902, q=0.00000e+00, ***); Muscle>Kidney (Δ=3.555, q=0.00000e+00, ***); Muscle>Lung (Δ=2.653, q=0.00000e+00, ***)	Brain>Aorta (Δ=1.642, q=0.00000e+00, ***)		Aorta>Kidney (Δ=2.124, q=0.00000e+00, ***)		Aorta>Lung (Δ=1.222, q=0.00000e+00, ***)	Muscle>Aorta (Δ=1.431, q=0.00000e+00, ***)			Brain>Kidney (Δ=3.766, q=0.00000e+00, ***)		Brain>Lung (Δ=2.864, q=0.00000e+00, ***)	Brain>Muscle (Δ=0.211, q=1.30000e-03, **)								Lung>Kidney (Δ=0.902, q=0.00000e+00, ***)	Muscle>Kidney (Δ=3.555, q=0.00000e+00, ***)					Muscle>Lung (Δ=2.653, q=0.00000e+00, ***)		
Q to G	3	5	1305.1270534346168	1.1102230246251565e-16	***	9	Aorta>Kidney (Δ=3.506, q=0.00000e+00, ***); Aorta>Liver (Δ=1.533, q=0.00000e+00, ***); Aorta>Lung (Δ=3.443, q=0.00000e+00, ***); Aorta>Skin (Δ=2.813, q=0.00000e+00, ***); Liver>Kidney (Δ=1.973, q=0.00000e+00, ***); Skin>Kidney (Δ=0.693, q=0.00000e+00, ***); Liver>Lung (Δ=1.910, q=0.00000e+00, ***); Liver>Skin (Δ=1.280, q=0.00000e+00, ***); Skin>Lung (Δ=0.629, q=0.00000e+00, ***)			Aorta>Kidney (Δ=3.506, q=0.00000e+00, ***)	Aorta>Liver (Δ=1.533, q=0.00000e+00, ***)	Aorta>Lung (Δ=3.443, q=0.00000e+00, ***)		Aorta>Skin (Δ=2.813, q=0.00000e+00, ***)												Liver>Kidney (Δ=1.973, q=0.00000e+00, ***)	Lung>Kidney (Δ=0.064, q=8.07900e-01, ns)		Skin>Kidney (Δ=0.693, q=0.00000e+00, ***)	Liver>Lung (Δ=1.910, q=0.00000e+00, ***)		Liver>Skin (Δ=1.280, q=0.00000e+00, ***)		Skin>Lung (Δ=0.629, q=0.00000e+00, ***)	
W to N	38	5	13.270149098277496	2.542111743331077e-09	***	3	Aorta>Heart (Δ=0.951, q=1.00000e-04, ***); Kidney>Heart (Δ=1.735, q=0.00000e+00, ***); Kidney>Lung (Δ=1.386, q=8.00000e-04, ***)		Aorta>Heart (Δ=0.951, q=1.00000e-04, ***)	Kidney>Aorta (Δ=0.784, q=2.37700e-01, ns)		Aorta>Lung (Δ=0.602, q=4.62000e-02, *)	Aorta>Muscle (Δ=0.295, q=8.04500e-01, ns)								Kidney>Heart (Δ=1.735, q=0.00000e+00, ***)		Lung>Heart (Δ=0.349, q=4.41000e-02, *)	Muscle>Heart (Δ=0.655, q=1.19000e-02, *)			Kidney>Lung (Δ=1.386, q=8.00000e-04, ***)	Kidney>Muscle (Δ=1.080, q=3.91000e-02, *)					Muscle>Lung (Δ=0.307, q=6.15100e-01, ns)		
I to V	5	5	14.023111417113858	1.222150575963532e-06	***	4	Aorta>Muscle (Δ=1.871, q=4.10000e-03, **); Heart>Liver (Δ=2.436, q=2.10000e-03, **); Heart>Muscle (Δ=3.857, q=0.00000e+00, ***); Lung>Muscle (Δ=2.775, q=0.00000e+00, ***)		Heart>Aorta (Δ=1.986, q=1.57000e-02, *)		Aorta>Liver (Δ=0.450, q=8.79600e-01, ns)	Lung>Aorta (Δ=0.904, q=3.46400e-01, ns)	Aorta>Muscle (Δ=1.871, q=4.10000e-03, **)									Heart>Liver (Δ=2.436, q=2.10000e-03, **)	Heart>Lung (Δ=1.082, q=3.69000e-01, ns)	Heart>Muscle (Δ=3.857, q=0.00000e+00, ***)						Lung>Liver (Δ=1.354, q=5.87000e-02, ns)	Liver>Muscle (Δ=1.421, q=4.28000e-02, *)		Lung>Muscle (Δ=2.775, q=0.00000e+00, ***)		
Q to A	4	4	1017.627559804992	1.1102230246251565e-16	***	4	Lung>Aorta (Δ=0.294, q=2.80000e-03, **); Muscle>Aorta (Δ=3.606, q=0.00000e+00, ***); Muscle>Liver (Δ=3.550, q=0.00000e+00, ***); Muscle>Lung (Δ=3.311, q=0.00000e+00, ***)				Liver>Aorta (Δ=0.056, q=8.93600e-01, ns)	Lung>Aorta (Δ=0.294, q=2.80000e-03, **)	Muscle>Aorta (Δ=3.606, q=0.00000e+00, ***)																	Lung>Liver (Δ=0.239, q=1.47000e-02, *)	Muscle>Liver (Δ=3.550, q=0.00000e+00, ***)		Muscle>Lung (Δ=3.311, q=0.00000e+00, ***)		
T to G	4	4	1392.067406494064	1.6653345369377348e-15	***	6	Kidney>Heart (Δ=1.933, q=0.00000e+00, ***); Lung>Heart (Δ=0.808, q=0.00000e+00, ***); Muscle>Heart (Δ=1.536, q=0.00000e+00, ***); Kidney>Lung (Δ=1.125, q=0.00000e+00, ***); Kidney>Muscle (Δ=0.397, q=0.00000e+00, ***); Muscle>Lung (Δ=0.728, q=0.00000e+00, ***)														Kidney>Heart (Δ=1.933, q=0.00000e+00, ***)		Lung>Heart (Δ=0.808, q=0.00000e+00, ***)	Muscle>Heart (Δ=1.536, q=0.00000e+00, ***)			Kidney>Lung (Δ=1.125, q=0.00000e+00, ***)	Kidney>Muscle (Δ=0.397, q=0.00000e+00, ***)					Muscle>Lung (Δ=0.728, q=0.00000e+00, ***)		
T to A	3	4	42.36153537780949	7.745019736660197e-08	***	4	Brain>Aorta (Δ=0.527, q=2.30000e-03, **); Liver>Aorta (Δ=0.679, q=0.00000e+00, ***); Brain>Heart (Δ=0.923, q=0.00000e+00, ***); Liver>Heart (Δ=1.075, q=0.00000e+00, ***)	Brain>Aorta (Δ=0.527, q=2.30000e-03, **)	Aorta>Heart (Δ=0.396, q=2.10000e-02, *)		Liver>Aorta (Δ=0.679, q=0.00000e+00, ***)				Brain>Heart (Δ=0.923, q=0.00000e+00, ***)		Liver>Brain (Δ=0.151, q=4.83200e-01, ns)					Liver>Heart (Δ=1.075, q=0.00000e+00, ***)													
A to I/L	6	4	24.536709319901203	1.729501918346088e-07	***	3	Heart>Liver (Δ=2.631, q=0.00000e+00, ***); Lung>Liver (Δ=2.652, q=0.00000e+00, ***); Muscle>Liver (Δ=3.783, q=0.00000e+00, ***)															Heart>Liver (Δ=2.631, q=0.00000e+00, ***)	Lung>Heart (Δ=0.021, q=9.99900e-01, ns)	Muscle>Heart (Δ=1.152, q=2.74000e-02, *)						Lung>Liver (Δ=2.652, q=0.00000e+00, ***)	Muscle>Liver (Δ=3.783, q=0.00000e+00, ***)		Muscle>Lung (Δ=1.131, q=4.49000e-02, *)		
A to E	8	4	19.35335757030044	2.431779090317221e-07	***	3	Aorta>Skin (Δ=1.734, q=0.00000e+00, ***); Heart>Skin (Δ=1.198, q=1.00000e-04, ***); Muscle>Skin (Δ=1.700, q=0.00000e+00, ***)		Aorta>Heart (Δ=0.537, q=3.67700e-01, ns)				Aorta>Muscle (Δ=0.035, q=9.99600e-01, ns)	Aorta>Skin (Δ=1.734, q=0.00000e+00, ***)										Muscle>Heart (Δ=0.502, q=2.28800e-01, ns)	Heart>Skin (Δ=1.198, q=1.00000e-04, ***)										Muscle>Skin (Δ=1.700, q=0.00000e+00, ***)
P to Q	10	4	13.300530878758613	3.6334184732034203e-06	***	2	Aorta>Kidney (Δ=1.579, q=0.00000e+00, ***); Aorta>Lung (Δ=1.419, q=8.00000e-04, ***)		Aorta>Heart (Δ=0.379, q=8.09500e-01, ns)	Aorta>Kidney (Δ=1.579, q=0.00000e+00, ***)		Aorta>Lung (Δ=1.419, q=8.00000e-04, ***)									Heart>Kidney (Δ=1.200, q=2.45000e-02, *)		Heart>Lung (Δ=1.040, q=1.13600e-01, ns)				Lung>Kidney (Δ=0.160, q=9.54200e-01, ns)								
H to D	29	4	7.47001604916655	0.00012893799007174245	***	2	Lung>Kidney (Δ=1.347, q=2.90000e-03, **); Muscle>Kidney (Δ=1.552, q=1.00000e-04, ***)														Heart>Kidney (Δ=1.005, q=1.32000e-02, *)		Lung>Heart (Δ=0.342, q=4.94200e-01, ns)	Muscle>Heart (Δ=0.547, q=3.02000e-02, *)			Lung>Kidney (Δ=1.347, q=2.90000e-03, **)	Muscle>Kidney (Δ=1.552, q=1.00000e-04, ***)					Muscle>Lung (Δ=0.205, q=8.75200e-01, ns)		
A to D	4	4	6.7935712536508115	0.002435385366958198	**	1	Liver>Brain (Δ=1.850, q=4.90000e-03, **)									Kidney>Brain (Δ=0.520, q=8.11600e-01, ns)	Liver>Brain (Δ=1.850, q=4.90000e-03, **)	Lung>Brain (Δ=0.585, q=7.52600e-01, ns)								Liver>Kidney (Δ=1.330, q=5.19000e-02, ns)	Lung>Kidney (Δ=0.065, q=9.99500e-01, ns)			Liver>Lung (Δ=1.266, q=6.82000e-02, ns)					
E to T	12	4	3.6605359723909507	0.018090593005382738	*	0															Kidney>Heart (Δ=0.066, q=9.90900e-01, ns)			Muscle>Heart (Δ=0.176, q=4.73900e-01, ns)	Skin>Heart (Δ=0.715, q=1.15000e-02, *)			Muscle>Kidney (Δ=0.111, q=9.61700e-01, ns)	Skin>Kidney (Δ=0.649, q=1.33900e-01, ns)						Skin>Muscle (Δ=0.539, q=9.64000e-02, ns)
D to S	5	4	3.263621645242962	0.04894825668095337	*	0		Aorta>Brain (Δ=0.453, q=7.14800e-01, ns)					Aorta>Muscle (Δ=0.744, q=2.21300e-01, ns)	Aorta>Skin (Δ=1.287, q=3.62000e-02, *)					Brain>Muscle (Δ=0.291, q=8.57300e-01, ns)	Brain>Skin (Δ=0.834, q=2.42700e-01, ns)															Muscle>Skin (Δ=0.543, q=4.74600e-01, ns)
G to S	4	4	0.8841468279221553	0.47025345781733685	ns	0		Brain>Aorta (Δ=1.117, q=4.84800e-01, ns)				Lung>Aorta (Δ=0.520, q=9.34400e-01, ns)		Skin>Aorta (Δ=0.227, q=9.93900e-01, ns)				Brain>Lung (Δ=0.597, q=8.63200e-01, ns)		Brain>Skin (Δ=0.890, q=6.59000e-01, ns)														Lung>Skin (Δ=0.293, q=9.87000e-01, ns)	
V to Q	4	3	273.11807933893425	2.4058199876719755e-11	***	3	Kidney>Heart (Δ=1.520, q=0.00000e+00, ***); Lung>Heart (Δ=0.757, q=0.00000e+00, ***); Kidney>Lung (Δ=0.763, q=0.00000e+00, ***)														Kidney>Heart (Δ=1.520, q=0.00000e+00, ***)		Lung>Heart (Δ=0.757, q=0.00000e+00, ***)				Kidney>Lung (Δ=0.763, q=0.00000e+00, ***)								
V to T	3	3	119.14945459122747	4.359060223890765e-09	***	2	Aorta>Heart (Δ=2.253, q=0.00000e+00, ***); Brain>Heart (Δ=2.407, q=0.00000e+00, ***)	Brain>Aorta (Δ=0.154, q=6.19700e-01, ns)	Aorta>Heart (Δ=2.253, q=0.00000e+00, ***)						Brain>Heart (Δ=2.407, q=0.00000e+00, ***)																				
V to E	7	3	0.5472617559703046	0.5853059927699866	ns	0																	Lung>Heart (Δ=0.565, q=5.99300e-01, ns)	Muscle>Heart (Δ=0.326, q=7.09600e-01, ns)									Lung>Muscle (Δ=0.239, q=8.94000e-01, ns)		
Y to D	6	3	0.22208804643312618	0.8021943093107599	ns	0			Heart>Aorta (Δ=0.062, q=9.61300e-01, ns)			Lung>Aorta (Δ=0.143, q=8.24800e-01, ns)											Lung>Heart (Δ=0.080, q=8.69400e-01, ns)												
A to G	3	2	10.349217557913779	0.009221617109637759	**	1	Kidney>Heart (Δ=1.979, q=9.20000e-03, **)														Kidney>Heart (Δ=1.979, q=9.20000e-03, **)														
M to I/L	3	2	1.9829982771449597	0.18939639562799437	ns	0																										Skin>Liver (Δ=0.844, q=1.89400e-01, ns)			
