query_id,dataset,mtp_seq,bp_seq,swap,position,protein_pos,bp_aa,mtp_aa,species,status,accession,gene,ambiguous,_af,_var,_pos_match,_any,_note,gnomad_variant,gnomad_af,aa_pos_match,aa_change_in_gene,polymorphism_flag,gnomad_note
fcb1_2,fcb1,NLHQSNFSLSGAQIDDNLPR,NLHQSNFSLSGAQIDDNNPR,NtoL,18,664,N,L,human,keep,Q14194-2,CRMP1,False,,,False,False,no_match,,,False,False,False,no_match
fcb1_3,fcb1,LRDEQLNSPYSCQAEGPCLTR,LRDEQLNAPYSCQAEGPCLTR,AtoS,8,39,A,S,human,keep,A2RTX5,TARSL2,False,,,,,gene_not_in_bed,,,False,False,False,gene_not_in_bed
fcb1_4,fcb1,LYPWGQVEVENPEHNDFLK,LYPWGVVEVENPEHNDFLK,VtoQ,6,297,V,Q,human,keep,Q15019-2,SEPT2,False,,,,,gene_not_in_bed,,,False,False,False,gene_not_in_bed
fcb1_5,fcb1,LYTWGVVEVENPEHNDFLK,LYPWGVVEVENPEHNDFLK,PtoT,3,294,P,T,human,keep,Q15019-2,SEPT2,False,,,,,gene_not_in_bed,,,False,False,False,gene_not_in_bed
fcb1_7,fcb1,AATYWITAPQNLVLSPGEDGTLICR,AAPYWITAPQNLVLSPGEDGTLICR,PtoT,3,361,P,T,human,keep,Q92823-5,NRCAM,False,,,False,True,no_match,,,False,True,False,no_match
fcb1_8,fcb1,TEYAITWLNEPSFVFADVIR,TEYAIPWLNEPSFVFADVIR,PtoT,6,204,P,T,human,keep,Q92854,SEMA4D,False,,,False,True,no_match,,,False,True,False,no_match
fcb1_9,fcb1,MYGVLTWNAFPGK,MYGVLPWNAFPGK,PtoT,6,211,P,T,human,keep,P60201,PLP1,False,,,False,False,no_match,,,False,False,False,no_match
fcb1_12,fcb1,TGQATVASGITAGWMGLDCGPESSK,TGQATVASGIPAGWMGLDCGPESSK,PtoT,11,308,P,T,human,keep,P00558,PGK1,False,,,False,True,no_match,,,False,True,False,no_match
fcb1_13,fcb1,MYGVLPWNQFPGK,MYGVLPWNAFPGK,AtoQ,9,214,A,Q,human,keep,P60201,PLP1,False,,,False,False,no_match,,,False,False,False,no_match
fcb1_16,fcb1,EIADLGEALATAVITQWQK,EIADLGEALATAVIPQWQK,PtoT,15,816,P,T,human,keep,P49588-2,AARS,False,,,,,gene_not_in_bed,,,False,False,False,gene_not_in_bed
fcb1_19,fcb1,WSGTLSLQEVDEQPQHPLHVTYAGAAVDELGK,WSGPLSLQEVDEQPQHPLHVTYAGAAVDELGK,PtoT,4,11,P,T,human,keep,P30086,PEBP1,False,,,False,True,no_match,,,False,True,False,no_match
fcb1_20,fcb1,ELTAWVSFPDVEK,ELPAWVSFPDVEK,PtoT,3,128,P,T,human,keep,Q9BSJ8-2,ESYT1,False,,,False,True,no_match,,,False,True,False,no_match
fcb1_22,fcb1,WLTAAATFPVQDPASGAALGMVADCGVR,WLPAAATFPVQDPASGAALGMVADCGVR,PtoT,3,71,P,T,human,keep,P51649-2,ALDH5A1,False,,,False,True,no_match,,,False,True,False,no_match
fcb1_23,fcb1,LAAENGWGVMVSHR,LAQENGWGVMVSHR,QtoA,3,361,Q,A,human,keep,P09104,ENO2,False,,,False,False,no_match,,,False,False,False,no_match
fcb1_25,fcb1,QYTWGVAEVENGEHCDFTILR,QYPWGVAEVENGEHCDFTILR,PtoT,3,268,P,T,human,keep,Q16181,SEPT7,False,,,,,gene_not_in_bed,,,False,False,False,gene_not_in_bed
fcb1_28,fcb1,MSATFIGSNTAIQELFK,MSATFIGNNTAIQELFK,NtoS,8,370,N,S,human,keep,Q3ZCM7,TUBB8,False,,,False,True,no_match,,,False,True,False,no_match
fcb1_30,fcb1,WQASSLTADDLCTENAIMLK,WQASSLPADDLCTENAIMLK,PtoT,7,3568,P,T,human,keep,Q14204,DYNC1H1,False,,,False,True,no_match,,,False,True,False,no_match
fcb1_35,fcb1,NNPETWNK,NNPEPWNK,PtoT,5,52,P,T,human,keep,O00483,NDUFA4,False,,,False,True,no_match,,,False,True,False,no_match
fcb1_37,fcb1,WVGGTEIELIAIATGGR,WVGGPEIELIAIATGGR,PtoT,5,328,P,T,human,keep,P48643,CCT5,False,,,False,True,no_match,,,False,True,False,no_match
fcb1_40,fcb1,ILAAQGNLSAQGGAQPSVEAPAAPRPTATQLTR,ILAAQGQLSAQGGAQPSVEAPAAPRPTATQLTR,QtoN,7,149,Q,N,human,keep,Q9H936,SLC25A22,False,,,False,False,no_match,,,False,False,False,no_match
fcb1_41,fcb1,TVASPGVTVDEAVEQIDIGGVTLLR,TVASPGVTVEEAVEQIDIGGVTLLR,EtoD,10,118,E,D,human,keep,P31939,ATIC,False,,,False,True,no_match,,,False,True,False,no_match
fcb1_42,fcb1,EQITWTLIDFYDNQPCINLIESK,EQIPWTLIDFYDNQPCINLIESK,PtoT,4,483,P,T,human,keep,Q9Y4I1-3,MYO5A,False,,,False,True,no_match,,,False,True,False,no_match
fcb1_43,fcb1,GVDAQTTLSK,GVDAQGTLSK,GtoT,6,282,G,T,human,keep,P02686,MBP,False,,,False,False,no_match,,,False,False,False,no_match
fcb1_45,fcb1,VLQAFSDGLAHLDNLK,VLGAFSDGLAHLDNLK,GtoQ,3,70,G,Q,human,keep,P68871,HBB,True,,,False,False,no_match,,,False,False,False,no_match
fcb1_46,fcb1,ILITWLLSPESLDIK,ILIPWLLSPESLDIK,PtoT,4,302,P,T,human,keep,Q8WXF7,ATL1,False,,,False,True,no_match,,,False,True,False,no_match
fcb1_48,fcb1,TTWGIIEVENLNHCEFALLR,TPWGIIEVENLNHCEFALLR,PtoT,2,283,P,T,human,keep,Q9UH03,SEPT3,False,,,,,gene_not_in_bed,,,False,False,False,gene_not_in_bed
fcb1_49,fcb1,AATITATSTGALWGLDR,AATITATSPGALWGLDR,PtoT,9,241,P,T,human,keep,P31323,PRKAR2B,False,,,False,True,no_match,,,False,True,False,no_match
fcb1_50,fcb1,AFVHWYDGEGMEEGEFSEAR,AFVHWYVGEGMEEGEFSEAR,VtoD,7,479,V,D,human,keep,F5H5D3,TUBA1C,True,,,False,False,no_match,,,False,False,False,no_match
fcb1_51,fcb1,GILSCEASAVTMAEFQWFK,GILSCEASAVPMAEFQWFK,PtoT,11,250,P,T,human,keep,Q14982-4,OPCML,False,,,False,True,no_match,,,False,True,False,no_match
fcb1_52,fcb1,DVTWGVDSLITLAFQDQR,DVPWGVDSLITLAFQDQR,PtoT,3,170,P,T,human,keep,Q16658,FSCN1,False,,,False,False,no_match,,,False,False,False,no_match
fcb1_55,fcb1,AQPVQVAEGSETDGFWEALGGK,AQPVQVAEGSEPDGFWEALGGK,PtoT,12,638,P,T,human,keep,P06396,GSN,False,,,False,True,no_match,,,False,True,False,no_match
fcb1_56,fcb1,TNPANIEGNAETAQVLGLTTWMDYEFR,TNPANIEGNAETAQVLGLTPWMDYEFR,PtoT,20,677,P,T,human,keep,Q02246,CNTN2,False,,,False,True,no_match,,,False,True,False,no_match
fcb1_57,fcb1,VDNSSLTGESEPQDR,VDNSSLTGESEPQTR,TtoD,14,234,T,D,human,keep,Q13733,ATP1A4,True,,,False,False,no_match,,,False,False,False,no_match
fcb1_58,fcb1,ESEPQPAAEPAEAK,ESEPQAAAEPAEAK,AtoP,6,44,A,P,human,keep,P80723,BASP1,False,,,False,True,no_match,,,False,True,False,no_match
fcb1_60,fcb1,DYEFMWNTHLGYILTCPSNLGTGLR,DYEFMWNPHLGYILTCPSNLGTGLR,PtoT,8,26,P,T,human,keep,H0YJK0,CKB,False,,,False,True,no_match,,,False,True,False,no_match
fcb1_61,fcb1,AVDDLNLHSYSNLTIWVNK,AVDDLNLHSYSNLPIWVNK,PtoT,14,897,P,T,human,keep,Q14204,DYNC1H1,False,,,False,True,no_match,,,False,True,False,no_match
fcb1_62,fcb1,LYTWGIVEVENQAHCDFVK,LYPWGIVEVENQAHCDFVK,PtoT,3,275,P,T,human,keep,G3XAH0,SEPT5,False,,,,,gene_not_in_bed,,,False,False,False,gene_not_in_bed
fcb1_63,fcb1,WWTDNTLGTEIAIEDQICQGLK,WNTDNTLGTEIAIEDQICQGLK,NtoW,2,102,N,W,human,keep,P45880-1,VDAC2,False,,,False,False,no_match,,,False,False,False,no_match
fcb1_64,fcb1,NRPTSISSDGLDSGK,NRPTSISWDGLDSGK,WtoS,8,55,W,S,human,keep,P30086,PEBP1,False,,,False,True,no_match,,,False,True,False,no_match
fcb1_65,fcb1,GVDAQGTSSK,GVDAQGTLSK,LtoS,8,284,L,S,human,keep,P02686,MBP,False,,,False,True,no_match,,,False,True,False,no_match
fcb1_66,fcb1,NTVWYQALTHGLNEEQR,NPVWYQALTHGLNEEQR,PtoT,2,974,P,T,human,keep,O95373,IPO7,False,,,False,True,no_match,,,False,True,False,no_match
fcb1_67,fcb1,TLANLTWIVEPGQEAK,TLANLPWIVEPGQEAK,PtoT,6,510,P,T,human,keep,H0YI72,ANKS1B,False,,,False,True,no_match,,,False,True,False,no_match
fcb1_68,fcb1,AATYWLDEPK,AAPYWLDEPK,PtoT,3,337,P,T,human,keep,O94856,NFASC,False,,,False,True,no_match,,,False,True,False,no_match
fcb1_69,fcb1,TTTTGWTLDQCIQTGVDNPGHPFIK,TTPTGWTLDQCIQTGVDNPGHPFIK,PtoT,3,81,P,T,human,keep,C9JJX8,CKMT1B,True,,,False,False,no_match,,,False,False,False,no_match
fcb1_70,fcb1,HLGGITWTYAEDAVPTLTPCR,HLGGIPWTYAEDAVPTLTPCR,PtoT,6,254,P,T,human,keep,P31930,UQCRC1,False,,,False,True,no_match,,,False,True,False,no_match
fcb1_76,fcb1,GDECQLVGPAQTSHWK,GDECQLVGPAQPSHWK,PtoT,12,973,P,T,human,keep,Q15149,PLEC,False,,,False,True,no_match,,,False,True,False,no_match
fcb1_77,fcb1,TIDWQAFAEIIPQNQK,TIDWVAFAEIIPQNQK,VtoQ,5,14,V,Q,human,keep,O75947,ATP5H,False,,,,,gene_not_in_bed,,,False,False,False,gene_not_in_bed
fcb1_80,fcb1,GTLQCEASAVTSAEFQWYK,GTLQCEASAVPSAEFQWYK,PtoT,11,249,P,T,human,keep,Q9P121-4,NTM,False,,,False,True,no_match,,,False,True,False,no_match
fcb1_82,fcb1,ETVVEVTQVTWEDIGGLEDVK,ETVVEVPQVTWEDIGGLEDVK,PtoT,7,472,P,T,human,keep,P55072,VCP,False,,,False,True,no_match,,,False,True,False,no_match
fcb1_83,fcb1,DNPLLAQLIQDK,DNALLAQLIQDK,AtoP,3,199,A,P,human,keep,P61764-2,STXBP1,False,,,False,False,no_match,,,False,False,False,no_match
fcb1_84,fcb1,VSSQAEVDDILAAVRPTTR,VSGQAEVDDILAAVRPTTR,GtoS,3,181,G,S,human,keep,A0A0A0MQU4,SCLY,False,,,False,True,no_match,,,False,True,False,no_match
fcb1_86,fcb1,MDENQVVAVTSTNAAK,MDENQFVAVTSTNAAK,FtoV,6,494,F,V,human,keep,Q14194-2,CRMP1,True,,,False,True,no_match,,,False,True,False,no_match
fcb1_87,fcb1,EALQDPEDENQ,EALQDVEDENQ,VtoP,6,33,V,P,human,keep,I3L0W5,YWHAE,False,,,False,False,no_match,,,False,False,False,no_match
fcb1_88,fcb1,DDDIAALVVDNGSGTCK,DDDIAALVVDNGSGMCK,MtoT,15,16,M,T,human,keep,P60709,ACTB,False,,,False,False,no_match,,,False,False,False,no_match
fcb2_2,fcb2,LYTWGVVEVENPEHNDFLK,LYPWGVVEVENPEHNDFLK,PtoT,3,294,P,T,human,keep,Q15019-2,SEPT2,False,,,,,gene_not_in_bed,,,False,False,False,gene_not_in_bed
fcb2_4,fcb2,AHIDLGCAADVEAVQTGLDLLEILR,AHITLGCAADVEAVQTGLDLLEILR,TtoD,4,332,T,D,human,keep,P09543,CNP,False,,,False,False,no_match,,,False,False,False,no_match
fcb2_6,fcb2,MYGVLTWNAFPGK,MYGVLPWNAFPGK,PtoT,6,211,P,T,human,keep,P60201,PLP1,False,,,False,False,no_match,,,False,False,False,no_match
fcb2_9,fcb2,ILTITGPTDAIFK,IVTITGPTDAIFK,VtoL,2,91,V,L,human,keep,P57721,PCBP3,False,,,False,True,no_match,,,False,True,False,no_match
fcb2_10,fcb2,LAAENGWGVMVSHR,LAQENGWGVMVSHR,QtoA,3,361,Q,A,human,keep,P09104,ENO2,False,,,False,False,no_match,,,False,False,False,no_match
fcb2_11,fcb2,NLSTFAMDGK,NLSTFAVDGK,VtoM,7,148,V,M,human,keep,P30042,C21orf33,True,,,,,gene_not_in_bed,,,False,False,False,gene_not_in_bed
fcb2_13,fcb2,SIQFVDSCPTGFK,SIQFVDWCPTGFK,WtoS,7,346,W,S,human,keep,P68363,TUBA1B,True,,,False,True,no_match,,,False,True,False,no_match
fcb2_15,fcb2,YISVIYTNYEAGK,YISLIYTNYEAGK,LtoV,4,107,L,V,human,keep,P09211,GSTP1,False,,,False,True,no_match,,,False,True,False,no_match
fcb2_17,fcb2,ILITWLLSPESLDIK,ILIPWLLSPESLDIK,PtoT,4,302,P,T,human,keep,Q8WXF7,ATL1,False,,,False,True,no_match,,,False,True,False,no_match
fcb2_19,fcb2,QIVWNGTVGVFEWEAFAR,QIVWNGPVGVFEWEAFAR,PtoT,7,339,P,T,human,keep,P00558,PGK1,False,,,False,True,no_match,,,False,True,False,no_match
fcb2_21,fcb2,AGGENISVSK,AGQENISVSK,QtoG,3,435,Q,G,human,keep,P50993,ATP1A2,False,,,False,False,no_match,,,False,False,False,no_match
fcb2_23,fcb2,GYGYGAGAGTLSTDK,GYGYGQGAGTLSTDK,QtoA,6,75,Q,A,human,keep,P21291,CSRP1,False,,,False,False,no_match,,,False,False,False,no_match
fcb2_25,fcb2,DSDVGDEAQSK,DSYVGDEAQSK,YtoD,3,55,Y,D,human,keep,P68133,ACTA1,True,,,False,False,no_match,,,False,False,False,no_match
fcb2_26,fcb2,TTTTGWTLDQCIQTGVDNPGHPFIK,TTPTGWTLDQCIQTGVDNPGHPFIK,PtoT,3,81,P,T,human,keep,C9JJX8,CKMT1B,True,,,False,False,no_match,,,False,False,False,no_match
fcb2_27,fcb2,DLYANDVLSGGTTMYPGIADR,DLYANTVLSGGTTMYPGIADR,TtoD,6,299,T,D,human,keep,P68032,ACTC1,True,,,False,False,no_match,,,False,False,False,no_match
fcb2_29,fcb2,AGDSELER,ASDSELER,StoG,2,2039,S,G,human,keep,Q15149,PLEC,False,,,False,True,no_match,,,False,True,False,no_match
fcb2_30,fcb2,LLEGEEDR,LLEGEEER,EtoD,7,385,E,D,human,keep,P02545,LMNA,True,,,False,True,no_match,,,False,True,False,no_match
fcb2_33,fcb2,DVEMGNSTIEENEMK,DVEMGNSVIEENEMK,VtoT,8,513,V,T,human,keep,P43003,SLC1A3,False,,,False,False,no_match,,,False,False,False,no_match
fcb2_34,fcb2,ASGNNQDGVVASQPAR,AWGNNQDGVVASQPAR,WtoS,2,105,W,S,human,keep,P60880-2,SNAP25,False,,,False,False,no_match,,,False,False,False,no_match
fcb2_35,fcb2,QYTWGVVQVENENHCDFVK,QYPWGVVQVENENHCDFVK,PtoT,3,281,P,T,human,keep,B5ME97,SEPT10,True,,,,,gene_not_in_bed,,,False,False,False,gene_not_in_bed
fcb2_36,fcb2,SLGQNPTEAELQDMINEVDADGNGTIDFNEFLTMMAR,SLGQNPTEAELQDMINEVDADGNGTIDFPEFLTMMAR,PtoN,29,31,P,N,human,keep,G3V226,CALM1,True,,,False,False,no_match,,,False,False,False,no_match
fcb2_39,fcb2,GILAADESCGSIAK,GILAADESTGSIAK,TtoC,9,91,T,C,human,keep,P04075-2,ALDOA,False,,,False,False,no_match,,,False,False,False,no_match
fcb2_40,fcb2,DNLTLWDSENQGDEGDAGEGEN,DNLTLWTSENQGDEGDAGEGEN,TtoD,7,231,T,D,human,keep,P31946,YWHAB,False,,,False,False,no_match,,,False,False,False,no_match
fcb3_1,fcb3,EAASDQEALAR,EAASYQEALAR,YtoD,5,324,Y,D,human,keep,P14136-2,GFAP,False,,,False,False,no_match,,,False,False,False,no_match
fcb3_2,fcb3,AETMELNDR,AEMMELNDR,MtoT,3,73,M,T,human,keep,P14136-2,GFAP,False,,,False,True,no_match,,,False,True,False,no_match
fcb3_3,fcb3,FQMPDQGMQSADDFFQGTK,FQMPDQGMTSADDFFQGTK,TtoQ,9,84,T,Q,human,keep,Q16555,DPYSL2,False,,,False,False,no_match,,,False,False,False,no_match
fcb3_7,fcb3,DGGADGTEQR,DGGAWGTEQR,WtoD,5,69,W,D,human,keep,P09382,LGALS1,False,,,False,False,no_match,,,False,False,False,no_match
fcb3_10,fcb3,VLEAFSDGLAHLDNLK,VLGAFSDGLAHLDNLK,GtoE,3,70,G,E,human,keep,P68871,HBB,True,,,False,True,no_match,,,False,True,False,no_match
fcb3_12,fcb3,AILVDLEPGQMDSVR,AILVDLEPGTMDSVR,TtoQ,10,419,T,Q,human,keep,A0A0B4J269,TUBB3,True,,,False,False,no_match,,,False,False,False,no_match
fcb3_13,fcb3,YLATASTMDHQR,YLATASTMDHAR,AtoQ,11,25,A,Q,human,keep,E9PLU9,MBP,False,,,False,False,no_match,,,False,False,False,no_match
fcb3_14,fcb3,ILITWLLSPESLDIK,ILIPWLLSPESLDIK,PtoT,4,302,P,T,human,keep,Q8WXF7,ATL1,False,,,False,True,no_match,,,False,True,False,no_match
fcb3_16,fcb3,TTWGIIEVENLNHCEFALLR,TPWGIIEVENLNHCEFALLR,PtoT,2,283,P,T,human,keep,Q9UH03,SEPT3,False,,,,,gene_not_in_bed,,,False,False,False,gene_not_in_bed
fcb3_17,fcb3,LLVSASQDNK,LLVSASQDGK,GtoN,9,77,G,N,human,keep,Q9HAV0,GNB4,True,,,False,False,no_match,,,False,False,False,no_match
fcb3_19,fcb3,AEGAPNQGK,AEGTPNQGK,TtoA,4,583,T,A,human,keep,Q9P2E9,RRBP1,False,,,False,True,no_match,,,False,True,False,no_match
fcb3_20,fcb3,INVYYNEAQGGK,INVYYNEATGGK,TtoQ,9,55,T,Q,human,keep,P68371,TUBB4B,False,,,False,False,no_match,,,False,False,False,no_match
fcb3_21,fcb3,DVTWGVDSLITLAFQDQR,DVPWGVDSLITLAFQDQR,PtoT,3,170,P,T,human,keep,Q16658,FSCN1,False,,,False,False,no_match,,,False,False,False,no_match
fcb3_23,fcb3,WGDAGAEYPVESTGVFTTMEK,WGDAGAEYVVESTGVFTTMEK,VtoP,9,95,V,P,human,keep,P04406,GAPDH,False,,,False,False,no_match,,,False,False,False,no_match
fcb3_24,fcb3,LGVENCYFNMFVSQSALEK,LGVENCYFPMFVSQSALEK,PtoN,9,1079,P,N,human,keep,P07814,EPRS,False,,,,,gene_not_in_bed,,,False,False,False,gene_not_in_bed
fcb3_28,fcb3,EYQLNDSAAYYLNDVER,EYQLNDSAAYYLNDLER,LtoV,15,160,L,V,human,keep,P04899-4,GNAI2,False,,,False,True,no_match,,,False,True,False,no_match
fcb3_29,fcb3,QYTWGVVQVENENHCDFVK,QYPWGVVQVENENHCDFVK,PtoT,3,281,P,T,human,keep,B5ME97,SEPT10,True,,,,,gene_not_in_bed,,,False,False,False,gene_not_in_bed
fcb3_30,fcb3,DDDIAALVPDNGSGMCK,DDDIAALVVDNGSGMCK,VtoP,9,10,V,P,human,keep,P60709,ACTB,False,,,False,False,no_match,,,False,False,False,no_match
fcb4_1,fcb4,VGAHANEYGAEALER,VGAHAGEYGAEALER,GtoN,6,23,G,N,human,keep,P69905,HBA1,False,,,False,False,no_match,,,False,False,False,no_match
fcb4_3,fcb4,SADDLWDIQK,SADTLWDIQK,TtoD,4,323,T,D,human,keep,P07195,LDHB,False,,,False,False,no_match,,,False,False,False,no_match
fcb4_4,fcb4,LYTWGVVEVENPEHNDFLK,LYPWGVVEVENPEHNDFLK,PtoT,3,294,P,T,human,keep,Q15019-2,SEPT2,False,,,,,gene_not_in_bed,,,False,False,False,gene_not_in_bed
fcb4_5,fcb4,SAVTALSGK,SAVTALWGK,WtoS,7,16,W,S,human,keep,P68871,HBB,False,,,False,True,no_match,,,False,True,False,no_match
fcb4_6,fcb4,MYGVLTWNAFPGK,MYGVLPWNAFPGK,PtoT,6,211,P,T,human,keep,P60201,PLP1,False,,,False,False,no_match,,,False,False,False,no_match
fcb4_7,fcb4,FAGLHFFNPVNVMK,FAGLHFFNPVPVMK,PtoN,11,235,P,N,human,keep,Q16836-2,HADH,False,,,False,False,no_match,,,False,False,False,no_match
fcb4_8,fcb4,LSGDSGIQECFNR,LWGDSGIQECFNR,WtoS,2,132,W,S,human,keep,P09471-2,GNAO1,False,,,False,True,no_match,,,False,True,False,no_match
fcb4_10,fcb4,MYGPLPWNAFPGK,MYGVLPWNAFPGK,VtoP,4,209,V,P,human,keep,P60201,PLP1,False,,,False,False,no_match,,,False,False,False,no_match
fcb4_11,fcb4,AHIDLGCAADVEAVQTGLDLLEILR,AHITLGCAADVEAVQTGLDLLEILR,TtoD,4,332,T,D,human,keep,P09543,CNP,False,,,False,False,no_match,,,False,False,False,no_match
fcb4_13,fcb4,AGPHLQGGAK,AGAHLQGGAK,AtoP,3,110,A,P,human,keep,P04406,GAPDH,False,,,False,True,no_match,,,False,True,False,no_match
fcb4_15,fcb4,MSATFIGANTAIQELFK,MSATFIGNNTAIQELFK,NtoA,8,370,N,A,human,keep,Q3ZCM7,TUBB8,False,,,False,False,no_match,,,False,False,False,no_match
fcb4_18,fcb4,ILTITGPTDAIFK,IVTITGPTDAIFK,VtoL,2,91,V,L,human,keep,P57721,PCBP3,False,,,False,True,no_match,,,False,True,False,no_match
fcb4_19,fcb4,SILSLLDK,SILSALDK,AtoL,5,588,A,L,human,keep,P21817,RYR1,True,,,False,False,no_match,,,False,False,False,no_match
fcb4_20,fcb4,SGPFGQIFRPDNFVFGQSGAGNNSAK,SGPFGQIFRPDNFVFGQSGAGNNWAK,WtoS,24,29,W,S,human,keep,M0R1I1,TUBB4A,True,,,False,True,no_match,,,False,True,False,no_match
fcb4_21,fcb4,SGPFGQIFRPDNFTFGQSGAGNNWAK,SGPFGQIFRPDNFVFGQSGAGNNWAK,VtoT,14,19,V,T,human,keep,M0R1I1,TUBB4A,True,,,False,False,no_match,,,False,False,False,no_match
fcb4_22,fcb4,LAAENGWGVMVSHR,LAQENGWGVMVSHR,QtoA,3,361,Q,A,human,keep,P09104,ENO2,False,,,False,False,no_match,,,False,False,False,no_match
fcb4_24,fcb4,NSSYFPEWIPNNVK,NSSYFVEWIPNNVK,VtoP,6,689,V,P,human,keep,A0A0B4J269,TUBB3,True,,,False,False,no_match,,,False,False,False,no_match
fcb4_27,fcb4,GLTSIVNEK,GLTSIQNEK,QtoV,6,92,Q,V,human,keep,Q7Z3T8,ZFYVE16,False,,,False,False,no_match,,,False,False,False,no_match
fcb4_28,fcb4,NTGQGCVCSNQFLVQR,NTGQTCVCSNQFLVQR,TtoG,5,352,T,G,human,keep,P51649-2,ALDH5A1,False,,,False,False,no_match,,,False,False,False,no_match
fcb4_30,fcb4,YLADASTMDHAR,YLATASTMDHAR,TtoD,4,18,T,D,human,keep,E9PLU9,MBP,False,,,False,False,no_match,,,False,False,False,no_match
fcb4_31,fcb4,AVLVDLEPGQMDSVR,AVLVDLEPGTMDSVR,TtoQ,10,72,T,Q,human,keep,P68371,TUBB4B,True,,,False,False,no_match,,,False,False,False,no_match
fcb4_33,fcb4,VGINYQPPTVVPQGDLAK,VGINYQPPTVVPGGDLAK,GtoQ,13,435,G,Q,human,keep,F5H5D3,TUBA1C,True,,,False,False,no_match,,,False,False,False,no_match
fcb4_34,fcb4,SSEEAETQCR,SWEEAETQCR,WtoS,2,709,W,S,human,keep,Q96GW7,BCAN,False,,,False,True,no_match,,,False,True,False,no_match
fcb4_36,fcb4,ILITWLLSPESLDIK,ILIPWLLSPESLDIK,PtoT,4,302,P,T,human,keep,Q8WXF7,ATL1,False,,,False,True,no_match,,,False,True,False,no_match
fcb4_37,fcb4,EGVVDGVATVAEK,EGVVHGVATVAEK,HtoD,5,50,H,D,human,keep,P37840,SNCA,False,,,False,False,no_match,,,False,False,False,no_match
fcb4_39,fcb4,YLATASQMDHAR,YLATASTMDHAR,TtoQ,7,21,T,Q,human,keep,E9PLU9,MBP,False,,,False,False,no_match,,,False,False,False,no_match
fcb4_42,fcb4,QLAEEDAAQQR,QLAEEDLAQQR,LtoA,7,1961,L,A,human,keep,Q15149,PLEC,False,,,False,False,no_match,,,False,False,False,no_match
fcb4_43,fcb4,DCEQAENSMAAR,DCEQAENWMAAR,WtoS,8,1460,W,S,human,keep,Q13813-2,SPTAN1,False,,,False,True,no_match,,,False,True,False,no_match
fcb4_48,fcb4,AGEGDATIHLK,AGEQDATIHLK,QtoG,4,296,Q,G,human,keep,A0A087WWD4,NCAM1,False,,,False,False,no_match,,,False,False,False,no_match
fcb4_52,fcb4,LYTWGIVEVENQAHCDFVK,LYPWGIVEVENQAHCDFVK,PtoT,3,275,P,T,human,keep,G3XAH0,SEPT5,False,,,,,gene_not_in_bed,,,False,False,False,gene_not_in_bed
fcb4_54,fcb4,NRPTSISSDGLDSGK,NRPTSISWDGLDSGK,WtoS,8,55,W,S,human,keep,P30086,PEBP1,False,,,False,True,no_match,,,False,True,False,no_match
fcb4_55,fcb4,GVDAQGTSSK,GVDAQGTLSK,LtoS,8,284,L,S,human,keep,P02686,MBP,False,,,False,True,no_match,,,False,True,False,no_match
fcb4_56,fcb4,ETEELQSQAQALSQEGK,EIEELQSQAQALSQEGK,ItoT,2,1438,I,T,human,keep,A0A087WUZ3,SPTBN1,False,,,False,True,no_match,,,False,True,False,no_match
fcb4_57,fcb4,SQGGEPDYNVAVGR,SQGGEPTYNVAVGR,TtoD,7,98,T,D,human,keep,G5E9Q6,PFN2,False,,,False,False,no_match,,,False,False,False,no_match
fcb4_58,fcb4,NMQNAEESFK,NMQNAEEWFK,WtoS,8,279,W,S,human,keep,P07196,NEFL,False,,,False,False,no_match,,,False,False,False,no_match
fcb4_59,fcb4,TTGIVMDSGDGVQHTVPIYEGYALPHAILR,TTGIVMDSGDGVTHTVPIYEGYALPHAILR,TtoQ,13,160,T,Q,human,keep,P63261,ACTG1,True,,,False,False,no_match,,,False,False,False,no_match
fcb4_68,fcb4,EEIPEEELDEDVEEIDHAER,EEIPEEELAEDVEEIDHAER,AtoD,9,1110,A,D,human,keep,Q01814,ATP2B2,True,,,False,True,no_match,,,False,True,False,no_match
fcb4_72,fcb4,ASGNNQDGVVASQPAR,AWGNNQDGVVASQPAR,WtoS,2,105,W,S,human,keep,P60880-2,SNAP25,False,,,False,False,no_match,,,False,False,False,no_match
fcb4_73,fcb4,DGPNALTPPPTTTEWVK,DGPNALTPPPTTPEWVK,PtoT,13,77,P,T,human,keep,A0A0A0MT26,ATP1A3,True,,,False,True,no_match,,,False,True,False,no_match
fcb4_74,fcb4,AYHEQLSVAEITNACFEPAMQMVK,AYHEQLSVAEITNACFEPANQMVK,NtoM,20,300,N,M,human,keep,Q71U36,TUBA1A,True,,,False,False,no_match,,,False,False,False,no_match
fcb4_75,fcb4,DFENSLNQVK,DFENSMNQVK,MtoL,6,47,M,L,human,keep,O75521,ECI2,False,,,False,True,no_match,,,False,True,False,no_match
fcb4_76,fcb4,GIQEEDEALVK,GIQEEMEALVK,MtoD,6,152,M,D,human,keep,Q16555,DPYSL2,False,,,False,False,no_match,,,False,False,False,no_match
fcb4_77,fcb4,EPLQDVEDENQ,EALQDVEDENQ,AtoP,2,29,A,P,human,keep,I3L0W5,YWHAE,False,,,False,False,no_match,,,False,False,False,no_match
fcb4_78,fcb4,DDDIAALVVDNGSGTCK,DDDIAALVVDNGSGMCK,MtoT,15,16,M,T,human,keep,P60709,ACTB,False,,,False,False,no_match,,,False,False,False,no_match
fcb5_1,fcb5,EDTAALEK,EDMAALEK,MtoT,3,495,M,T,human,keep,F5H5D3,TUBA1C,True,,,False,True,no_match,,,False,True,False,no_match
fcb5_2,fcb5,MDEMQFVAVTSTNAAK,MDENQFVAVTSTNAAK,NtoM,4,492,N,M,human,keep,Q14194-2,CRMP1,True,,,False,False,no_match,,,False,False,False,no_match
fcb5_5,fcb5,LLVVYTWTQR,LLVVYPWTQR,PtoT,6,37,P,T,human,keep,P69892,HBG2,True,,,False,False,no_match,,,False,False,False,no_match
fcb5_6,fcb5,AHIDLGCAADVEAVQTGLDLLEILR,AHITLGCAADVEAVQTGLDLLEILR,TtoD,4,332,T,D,human,keep,P09543,CNP,False,,,False,False,no_match,,,False,False,False,no_match
fcb5_8,fcb5,LAQEGGWGVMVSHR,LAQENGWGVMVSHR,NtoG,5,363,N,G,human,keep,P09104,ENO2,False,,,False,False,no_match,,,False,False,False,no_match
fcb5_9,fcb5,DGGADGTEQR,DGGAWGTEQR,WtoD,5,69,W,D,human,keep,P09382,LGALS1,False,,,False,False,no_match,,,False,False,False,no_match
fcb5_11,fcb5,YLSTASTMDHAR,YLATASTMDHAR,AtoS,3,17,A,S,human,keep,E9PLU9,MBP,False,,,False,True,no_match,,,False,True,False,no_match
fcb5_12,fcb5,YISVIYTNYEAGK,YISLIYTNYEAGK,LtoV,4,107,L,V,human,keep,P09211,GSTP1,False,,,False,True,no_match,,,False,True,False,no_match
fcb5_14,fcb5,LCYVALDFENEMTTAASSSSLEK,LCYVALDFENEMATAASSSSLEK,AtoT,13,230,A,T,human,keep,P68133,ACTA1,True,,,False,True,no_match,,,False,True,False,no_match
fcb5_15,fcb5,EVDEQTLNVQNK,EVDEQMLNVQNK,MtoT,6,330,M,T,human,keep,Q9BVA1,TUBB2B,True,,,False,True,no_match,,,False,True,False,no_match
fcb5_19,fcb5,DVTWGVDSLITLAFQDQR,DVPWGVDSLITLAFQDQR,PtoT,3,170,P,T,human,keep,Q16658,FSCN1,False,,,False,False,no_match,,,False,False,False,no_match
fcb5_20,fcb5,ILITWLLSPESLDIK,ILIPWLLSPESLDIK,PtoT,4,302,P,T,human,keep,Q8WXF7,ATL1,False,,,False,True,no_match,,,False,True,False,no_match
fcb5_21,fcb5,QIVWNGTVGVFEWEAFAR,QIVWNGPVGVFEWEAFAR,PtoT,7,339,P,T,human,keep,P00558,PGK1,False,,,False,True,no_match,,,False,True,False,no_match
fcb5_22,fcb5,AGEGDATIHLK,AGEQDATIHLK,QtoG,4,296,Q,G,human,keep,A0A087WWD4,NCAM1,False,,,False,False,no_match,,,False,False,False,no_match
fcb5_23,fcb5,TSASIGSLCGDAR,TSASIGSLCADAR,AtoG,10,202,A,G,human,keep,P60201,PLP1,False,,,False,True,no_match,,,False,True,False,no_match
fcb5_24,fcb5,QEYFVVASTLQDIIR,QEYFVVAATLQDIIR,AtoS,8,303,A,S,human,keep,P06737,PYGL,True,,,False,True,no_match,,,False,True,False,no_match
acgb1_1,acgb1,LLGMVLVCVLAHHFGK,LLGNVLVCVLAHHFGK,NtoM,4,109,N,M,human,keep,P68871,HBB,False,,,False,False,no_match,,,False,False,False,no_match
acgb1_2,acgb1,ASSSSLSMDEK,ASWSSLSMDEK,WtoS,3,70,W,S,human,keep,P13073,COX4I1,False,,,False,False,no_match,,,False,False,False,no_match
acgb1_4,acgb1,LISSYDNEFGYSNR,LISWYDNEFGYSNR,WtoS,4,313,W,S,human,keep,P04406,GAPDH,False,,,False,False,no_match,,,False,False,False,no_match
acgb1_5,acgb1,EPESCDCLQGFQLTHSLGGGTGSGMGTLLLSK,EAESCDCLQGFQLTHSLGGGTGSGMGTLLLSK,AtoP,2,124,A,P,human,keep,Q3ZCM7,TUBB8,False,,,False,True,no_match,,,False,True,False,no_match
acgb1_6,acgb1,AGMFVNK,AGMFVSK,StoN,6,662,S,N,human,keep,P56192,MARS,False,,,,,gene_not_in_bed,,,False,False,False,gene_not_in_bed
acgb1_7,acgb1,MYGVLTWNAFPGK,MYGVLPWNAFPGK,PtoT,6,211,P,T,human,keep,P60201,PLP1,False,,,False,False,no_match,,,False,False,False,no_match
acgb1_8,acgb1,YDDMSAAMK,YDDMAAAMK,AtoS,5,24,A,S,human,keep,P61981,YWHAG,True,,,False,True,no_match,,,False,True,False,no_match
acgb1_10,acgb1,DFTPVGTTELGR,DFTPVCTTELGR,CtoG,6,47,C,G,human,keep,P30041,PRDX6,False,,,False,False,no_match,,,False,False,False,no_match
acgb1_11,acgb1,LLVVYTWTQR,LLVVYPWTQR,PtoT,6,37,P,T,human,keep,P69892,HBG2,True,,,False,False,no_match,,,False,False,False,no_match
acgb1_16,acgb1,QPIGVAAVITTWNFPSAMITR,QPIGVAAVITPWNFPSAMITR,PtoT,11,203,P,T,human,keep,P51649-2,ALDH5A1,False,,,False,True,no_match,,,False,True,False,no_match
acgb1_19,acgb1,FQLGNSGPNSTIK,FQLSNSGPNSTIK,StoG,4,659,S,G,human,keep,A0FGR8-6,ESYT2,False,,,False,True,no_match,,,False,True,False,no_match
acgb1_21,acgb1,LYTWGVVEVENPEHNDFLK,LYPWGVVEVENPEHNDFLK,PtoT,3,294,P,T,human,keep,Q15019-2,SEPT2,False,,,,,gene_not_in_bed,,,False,False,False,gene_not_in_bed
acgb1_22,acgb1,VLMVEEPSMMLEWLYGCPPPYHTFEEPVYMK,VLMVEEPSMNLEWLYGCPPPYHTFEEPVYMK,NtoM,10,491,N,M,human,keep,P00395,MT-CO1,False,,,,,vcf_missing,,,False,False,False,vcf_missing
acgb1_24,acgb1,IISNAGCTTNCLAPLAK,IISNASCTTNCLAPLAK,StoG,6,151,S,G,human,keep,P04406,GAPDH,False,,,False,True,no_match,,,False,True,False,no_match
acgb1_27,acgb1,LFGGLLLDIK,LFGGLVLDIK,VtoL,6,595,V,L,human,keep,Q9Y6M7-7,SLC4A7,True,,,False,True,no_match,,,False,True,False,no_match
acgb1_29,acgb1,QLIMAMPQMQQLIQR,QLIMANPQMQQLIQR,NtoM,6,208,N,M,human,keep,Q9UHD9,UBQLN2,True,,,False,False,no_match,,,False,False,False,no_match
acgb1_34,acgb1,SGPFGQIFRPDNFTFGQSGAGNNWAK,SGPFGQIFRPDNFVFGQSGAGNNWAK,VtoT,14,19,V,T,human,keep,M0R1I1,TUBB4A,True,,,False,False,no_match,,,False,False,False,no_match
acgb1_37,acgb1,AGAGSATLNMAYAGAR,AGAGSATLSMAYAGAR,StoN,9,250,S,N,human,keep,P40926,MDH2,False,,,False,True,no_match,,,False,True,False,no_match
acgb1_38,acgb1,SGPFGQIFRPDNFVFGQSGAGNNSAK,SGPFGQIFRPDNFVFGQSGAGNNWAK,WtoS,24,29,W,S,human,keep,M0R1I1,TUBB4A,True,,,False,True,no_match,,,False,True,False,no_match
acgb1_39,acgb1,ILTITGPTDAIFK,IVTITGPTDAIFK,VtoL,2,91,V,L,human,keep,P57721,PCBP3,False,,,False,True,no_match,,,False,True,False,no_match
acgb1_40,acgb1,SGPFGQLFRPDNFTFGQTGAGNNWAK,SGPFGQLFRPDNFIFGQTGAGNNWAK,ItoT,14,19,I,T,human,keep,K7ES63,TUBB6,False,,,False,True,no_match,,,False,True,False,no_match
acgb1_41,acgb1,LAAENGWGVMVSHR,LAQENGWGVMVSHR,QtoA,3,361,Q,A,human,keep,P09104,ENO2,False,,,False,False,no_match,,,False,False,False,no_match
acgb1_44,acgb1,DVTNDVHYENYR,DVTCDVHYENYR,CtoN,4,302,C,N,human,keep,Q16181,SEPT7,True,,,,,gene_not_in_bed,,,False,False,False,gene_not_in_bed
acgb1_45,acgb1,LAQEGGWGVMVSHR,LAQENGWGVMVSHR,NtoG,5,363,N,G,human,keep,P09104,ENO2,False,,,False,False,no_match,,,False,False,False,no_match
acgb1_46,acgb1,YLSGEENGVLSPEK,YLSGEENGVVSPEK,VtoL,10,307,V,L,human,keep,Q9NQ66,PLCB1,False,,,False,True,no_match,,,False,True,False,no_match
acgb1_47,acgb1,FFESFGDLSGPDAVMGNPK,FFESFGDLSTPDAVMGNPK,TtoG,10,51,T,G,human,keep,P02042,HBD,True,,,False,False,no_match,,,False,False,False,no_match
acgb1_48,acgb1,MWSIEMIAFGSGGGLLQK,MWSIENIAFGSGGGLLQK,NtoM,6,377,N,M,human,keep,P43490,NAMPT,False,,,False,False,no_match,,,False,False,False,no_match
acgb1_49,acgb1,LTTPTYEDLNHLVSATMSGVTTCLR,LTTPTYGDLNHLVSATMSGVTTCLR,GtoE,7,223,G,E,human,keep,Q9BVA1,TUBB2B,True,,,False,False,no_match,,,False,False,False,no_match
acgb1_50,acgb1,AYHEQLSTAEITNACFEPANQMVK,AYHEQLSVAEITNACFEPANQMVK,VtoT,8,288,V,T,human,keep,Q71U36,TUBA1A,True,,,False,False,no_match,,,False,False,False,no_match
acgb1_52,acgb1,LASENGWGVMVSHR,LAQENGWGVMVSHR,QtoS,3,361,Q,S,human,keep,P09104,ENO2,False,,,False,False,no_match,,,False,False,False,no_match
acgb1_54,acgb1,FFESFQDLSTPDAVMGNPK,FFESFGDLSTPDAVMGNPK,GtoQ,6,47,G,Q,human,keep,P68871,HBB,False,,,False,False,no_match,,,False,False,False,no_match
acgb1_55,acgb1,SIQFVDSCPTGFK,SIQFVDWCPTGFK,WtoS,7,346,W,S,human,keep,P68363,TUBA1B,True,,,False,True,no_match,,,False,True,False,no_match
acgb1_56,acgb1,LLLAGYDDFNCNPWDALK,LLLAGYDDFNCNVWDALK,VtoP,13,296,V,P,human,keep,P62873,GNB1,False,,,False,False,no_match,,,False,False,False,no_match
acgb1_58,acgb1,AGGVFLEELGNHK,AGQVFLEELGNHK,QtoG,3,207,Q,G,human,keep,P09543,CNP,False,,,False,False,no_match,,,False,False,False,no_match
acgb1_59,acgb1,GLTSIVNEK,GLTSIQNEK,QtoV,6,92,Q,V,human,keep,Q7Z3T8,ZFYVE16,False,,,False,False,no_match,,,False,False,False,no_match
acgb1_61,acgb1,GMNLNLEPDNVGVVVFGNDK,GMSLNLEPDNVGVVVFGNDK,StoN,3,106,S,N,human,keep,P25705,ATP5A1,False,,,,,gene_not_in_bed,,,False,False,False,gene_not_in_bed
acgb1_62,acgb1,DLTTGYDSSQPNK,DVTTGYDSSQPNK,VtoL,2,531,V,L,human,keep,Q6PCE3,PGM2L1,False,,,False,True,no_match,,,False,True,False,no_match
acgb1_64,acgb1,EVDEQDLSVQSK,EVDEQMLSVQSK,MtoD,6,330,M,D,human,keep,P04350,TUBB4A,False,,,False,False,no_match,,,False,False,False,no_match
acgb1_65,acgb1,AVLVDLEPGQMDSVR,AVLVDLEPGTMDSVR,TtoQ,10,72,T,Q,human,keep,P68371,TUBB4B,True,,,False,False,no_match,,,False,False,False,no_match
acgb1_69,acgb1,VLEAFSDGLAHLDNLK,VLGAFSDGLAHLDNLK,GtoE,3,70,G,E,human,keep,P68871,HBB,True,,,False,True,no_match,,,False,True,False,no_match
acgb1_72,acgb1,AVCMLSNTTAIAESWAR,AVCMLSNTTAIAEAWAR,AtoS,14,411,A,S,human,keep,C9J2C0,TUBA8,True,,,False,True,no_match,,,False,True,False,no_match
acgb1_74,acgb1,YLSTASTMDHAR,YLATASTMDHAR,AtoS,3,17,A,S,human,keep,E9PLU9,MBP,False,,,False,True,no_match,,,False,True,False,no_match
acgb1_82,acgb1,VFEISPFETWITR,VFEISPFEPWITR,PtoT,9,312,P,T,human,keep,Q16795,NDUFA9,True,,,False,True,no_match,,,False,True,False,no_match
acgb1_83,acgb1,KDEAPAAPAAQETK,KTEAPAAPAAQETK,TtoD,2,151,T,D,human,keep,P80723,BASP1,False,,,False,False,no_match,,,False,False,False,no_match
acgb1_84,acgb1,GVDAQGTLGK,GVDAQGTLSK,StoG,9,285,S,G,human,keep,P02686,MBP,False,,,False,True,no_match,,,False,True,False,no_match
acgb1_86,acgb1,DCEQAENSMAAR,DCEQAENWMAAR,WtoS,8,1460,W,S,human,keep,Q13813-2,SPTAN1,False,,,False,True,no_match,,,False,True,False,no_match
acgb1_87,acgb1,WLTLEANPEVTNQFLK,WLPLEANPEVTNQFLK,PtoT,3,8,P,T,human,keep,P15374,UCHL3,False,,,False,True,no_match,,,False,True,False,no_match
acgb1_89,acgb1,TTWGIIEVENLNHCEFALLR,TPWGIIEVENLNHCEFALLR,PtoT,2,283,P,T,human,keep,Q9UH03,SEPT3,False,,,,,gene_not_in_bed,,,False,False,False,gene_not_in_bed
acgb1_90,acgb1,LVTSPCCIVTSTYGWTAMMER,LVTSPCCIVTSTYGWTANMER,NtoM,18,731,N,M,human,keep,P07900-2,HSP90AA1,False,,,False,False,no_match,,,False,False,False,no_match
acgb1_91,acgb1,NTGQGCVCSNQFLVQR,NTGQTCVCSNQFLVQR,TtoG,5,352,T,G,human,keep,P51649-2,ALDH5A1,False,,,False,False,no_match,,,False,False,False,no_match
acgb1_94,acgb1,VLQAFSDGLAHLDNLK,VLGAFSDGLAHLDNLK,GtoQ,3,70,G,Q,human,keep,P68871,HBB,True,,,False,False,no_match,,,False,False,False,no_match
acgb1_95,acgb1,DNFFIELGQTQWLK,DNFFIELGQPQWLK,PtoT,10,614,P,T,human,keep,Q9UPR5,SLC8A2,False,,,False,True,no_match,,,False,True,False,no_match
acgb1_97,acgb1,NRPTSISSDGLDSGK,NRPTSISWDGLDSGK,WtoS,8,55,W,S,human,keep,P30086,PEBP1,False,,,False,True,no_match,,,False,True,False,no_match
acgb1_98,acgb1,NRPTSISDDGLDSGK,NRPTSISWDGLDSGK,WtoD,8,55,W,D,human,keep,P30086,PEBP1,False,,,False,False,no_match,,,False,False,False,no_match
acgb1_101,acgb1,TTTTGWTLDQCIQTGVDNPGHPFIK,TTPTGWTLDQCIQTGVDNPGHPFIK,PtoT,3,81,P,T,human,keep,C9JJX8,CKMT1B,True,,,False,False,no_match,,,False,False,False,no_match
acgb1_102,acgb1,HLGGITWTYAEDAVPTLTPCR,HLGGIPWTYAEDAVPTLTPCR,PtoT,6,254,P,T,human,keep,P31930,UQCRC1,False,,,False,True,no_match,,,False,True,False,no_match
acgb1_103,acgb1,IVSAGEQQSPQPVSSALSWTITGGR,IVSAGEQQSPQPVSSALSWPITGGR,PtoT,20,431,P,T,human,keep,Q15334,LLGL1,False,,,False,True,no_match,,,False,True,False,no_match
acgb1_104,acgb1,LYTWGIVEVENQAHCDFVK,LYPWGIVEVENQAHCDFVK,PtoT,3,275,P,T,human,keep,G3XAH0,SEPT5,False,,,,,gene_not_in_bed,,,False,False,False,gene_not_in_bed
acgb1_105,acgb1,QTMTGHESDINAICFFPNGNAFATGSDDATCR,QTFTGHESDINAICFFPNGNAFATGSDDATCR,FtoM,3,222,F,M,human,keep,P62873,GNB1,False,,,False,False,no_match,,,False,False,False,no_match
acgb1_106,acgb1,DYEFMWNTHLGYILTCPSNLGTGLR,DYEFMWNPHLGYILTCPSNLGTGLR,PtoT,8,26,P,T,human,keep,H0YJK0,CKB,False,,,False,True,no_match,,,False,True,False,no_match
acgb1_107,acgb1,QFGIPTIGEEK,QFGIVTIGEEK,VtoP,5,183,V,P,human,keep,P51674,GPM6A,False,,,False,False,no_match,,,False,False,False,no_match
acgb1_109,acgb1,NMQNAEESFK,NMQNAEEWFK,WtoS,8,279,W,S,human,keep,P07196,NEFL,False,,,False,False,no_match,,,False,False,False,no_match
acgb1_116,acgb1,EIIEGAIR,EIIEGCIR,CtoA,6,459,C,A,human,keep,Q9H4A3-7,WNK1,True,,,False,False,no_match,,,False,False,False,no_match
acgb1_122,acgb1,ITEDLIEAINNGDFEAYTK,ITEQLIEAINNGDFEAYTK,QtoD,4,466,Q,D,human,keep,Q13555-6,CAMK2G,False,,,False,False,no_match,,,False,False,False,no_match
acgb1_125,acgb1,LLEGEEDR,LLEGEEER,EtoD,7,385,E,D,human,keep,P02545,LMNA,True,,,False,True,no_match,,,False,True,False,no_match
acgb1_126,acgb1,EPFSLFDK,EAFSLFDK,AtoP,2,63,A,P,human,keep,E7EMB3,CALM2,True,,,False,True,no_match,,,False,True,False,no_match
acgb1_128,acgb1,VELSEQQLQLWTSDVDK,VELSEQQLQLWPSDVDK,PtoT,12,311,P,T,human,keep,P09543,CNP,False,,,False,True,no_match,,,False,True,False,no_match
acgb2_1,acgb2,GGFDEAAK,GSFDEAAK,StoG,2,401,S,G,human,keep,Q6PGP7,TTC37,False,,,,,gene_not_in_bed,,,False,False,False,gene_not_in_bed
acgb2_2,acgb2,ETWLNENQR,ETWLSENQR,StoN,5,446,S,N,human,keep,Q9H254,SPTBN4,True,,,False,True,no_match,,,False,True,False,no_match
acgb2_3,acgb2,DFTPVGTTELGR,DFTPVCTTELGR,CtoG,6,47,C,G,human,keep,P30041,PRDX6,False,,,False,False,no_match,,,False,False,False,no_match
acgb2_4,acgb2,NQSQLSADDLK,NQWQLSADDLK,WtoS,3,167,W,S,human,keep,P09543,CNP,False,,,False,True,no_match,,,False,True,False,no_match
acgb2_5,acgb2,LSGDSGIQECFNR,LWGDSGIQECFNR,WtoS,2,132,W,S,human,keep,P09471-2,GNAO1,False,,,False,True,no_match,,,False,True,False,no_match
acgb2_7,acgb2,AATYWITAPQNLVLSPGEDGTLICR,AAPYWITAPQNLVLSPGEDGTLICR,PtoT,3,361,P,T,human,keep,Q92823-5,NRCAM,False,,,False,True,no_match,,,False,True,False,no_match
acgb2_8,acgb2,SAVTALSGK,SAVTALWGK,WtoS,7,16,W,S,human,keep,P68871,HBB,False,,,False,True,no_match,,,False,True,False,no_match
acgb2_9,acgb2,AGPHLQGGAK,AGAHLQGGAK,AtoP,3,110,A,P,human,keep,P04406,GAPDH,False,,,False,True,no_match,,,False,True,False,no_match
acgb2_10,acgb2,DHGVNGFLVYMAFK,DHGVNSFLVYMAFK,StoG,6,163,S,G,human,keep,Q16555,DPYSL2,False,,,False,True,no_match,,,False,True,False,no_match
acgb2_11,acgb2,LLVVYTWTQR,LLVVYPWTQR,PtoT,6,37,P,T,human,keep,P69892,HBG2,True,,,False,False,no_match,,,False,False,False,no_match
acgb2_12,acgb2,MYGVLPSNAFPGK,MYGVLPWNAFPGK,WtoS,7,212,W,S,human,keep,P60201,PLP1,False,,,False,False,no_match,,,False,False,False,no_match
acgb2_13,acgb2,MYGVLTWNAFPGK,MYGVLPWNAFPGK,PtoT,6,211,P,T,human,keep,P60201,PLP1,False,,,False,False,no_match,,,False,False,False,no_match
acgb2_20,acgb2,FQLGNSGPNSTIK,FQLSNSGPNSTIK,StoG,4,659,S,G,human,keep,A0FGR8-6,ESYT2,False,,,False,True,no_match,,,False,True,False,no_match
acgb2_22,acgb2,IGEMNLTDSILCDGLTDAFHNCHMGITAENVAK,IGEMPLTDSILCDGLTDAFHNCHMGITAENVAK,PtoN,5,170,P,N,human,keep,Q9BWD1-2,ACAT2,False,,,False,False,no_match,,,False,False,False,no_match
acgb2_27,acgb2,ITSSNPPAQGAR,ITWSNPPAQGAR,WtoS,3,296,W,S,human,keep,P17174,GOT1,False,,,False,False,no_match,,,False,False,False,no_match
acgb2_30,acgb2,LAQEGGWGVMVSHR,LAQENGWGVMVSHR,NtoG,5,363,N,G,human,keep,P09104,ENO2,False,,,False,False,no_match,,,False,False,False,no_match
acgb2_32,acgb2,QDEVNAASQR,QDEVNAAWQR,WtoS,8,237,W,S,human,keep,Q13813-2,SPTAN1,False,,,False,True,no_match,,,False,True,False,no_match
acgb2_33,acgb2,DTELWGSVLLESNPYR,DPELWGSVLLESNPYR,PtoT,2,957,P,T,human,keep,A0A087WVQ6,CLTC,False,,,False,True,no_match,,,False,True,False,no_match
acgb2_35,acgb2,SGPFGQIFRPDNFVFGQSGAGNNSAK,SGPFGQIFRPDNFVFGQSGAGNNWAK,WtoS,24,29,W,S,human,keep,M0R1I1,TUBB4A,True,,,False,True,no_match,,,False,True,False,no_match
acgb2_37,acgb2,EANELQQSINEK,EANELQQWINEK,WtoS,8,1106,W,S,human,keep,Q13813-2,SPTAN1,False,,,False,True,no_match,,,False,True,False,no_match
acgb2_38,acgb2,DVTNDVHYENYR,DVTCDVHYENYR,CtoN,4,302,C,N,human,keep,Q16181,SEPT7,True,,,,,gene_not_in_bed,,,False,False,False,gene_not_in_bed
acgb2_39,acgb2,ASENAIVSK,ASENAIVWK,WtoS,8,378,W,S,human,keep,E9PFW3,AP2M1,False,,,False,True,no_match,,,False,True,False,no_match
acgb2_42,acgb2,NLSTFAMDGK,NLSTFAVDGK,VtoM,7,148,V,M,human,keep,P30042,C21orf33,True,,,,,gene_not_in_bed,,,False,False,False,gene_not_in_bed
acgb2_43,acgb2,YPIEHGIITNSDDMEK,YPIEHGIITNWDDMEK,WtoS,11,81,W,S,human,keep,P68133,ACTA1,True,,,False,False,no_match,,,False,False,False,no_match
acgb2_44,acgb2,LLLAGYDDFNLNIWDAMK,LLLAGYDDFNCNIWDAMK,CtoL,11,294,C,L,human,keep,P62879,GNB2,False,,,False,False,no_match,,,False,False,False,no_match
acgb2_45,acgb2,EQGVLSFSR,EQGVLSFWR,WtoS,8,71,W,S,human,keep,P12236,SLC25A6,True,,,False,True,no_match,,,False,True,False,no_match
acgb2_47,acgb2,AGGVFLEELGNHK,AGQVFLEELGNHK,QtoG,3,207,Q,G,human,keep,P09543,CNP,False,,,False,False,no_match,,,False,False,False,no_match
acgb2_48,acgb2,SIQFVDDCPTGFK,SIQFVDWCPTGFK,WtoD,7,346,W,D,human,keep,P68363,TUBA1B,True,,,False,False,no_match,,,False,False,False,no_match
acgb2_49,acgb2,DQDGTITTK,DGDGTITTK,GtoQ,2,71,G,Q,human,keep,E7EMB3,CALM2,True,,,False,False,no_match,,,False,False,False,no_match
acgb2_50,acgb2,LEEEQQSLK,LEEEGQSLK,GtoQ,5,335,G,Q,human,keep,P14136-2,GFAP,False,,,False,False,no_match,,,False,False,False,no_match
acgb2_53,acgb2,SIQFVDSCPTGFK,SIQFVDWCPTGFK,WtoS,7,346,W,S,human,keep,P68363,TUBA1B,True,,,False,True,no_match,,,False,True,False,no_match
acgb2_54,acgb2,AVCMLSNTTAIAEASAR,AVCMLSNTTAIAEAWAR,WtoS,15,412,W,S,human,keep,C9J2C0,TUBA8,True,,,False,True,no_match,,,False,True,False,no_match
acgb2_55,acgb2,AVCMLSNTTAIAESWAR,AVCMLSNTTAIAEAWAR,AtoS,14,411,A,S,human,keep,C9J2C0,TUBA8,True,,,False,True,no_match,,,False,True,False,no_match
acgb2_56,acgb2,LTTPTYEDLNHLVSATMSGVTTCLR,LTTPTYGDLNHLVSATMSGVTTCLR,GtoE,7,223,G,E,human,keep,Q9BVA1,TUBB2B,True,,,False,False,no_match,,,False,False,False,no_match
acgb2_58,acgb2,LAAENGWGVMVSHR,LAQENGWGVMVSHR,QtoA,3,361,Q,A,human,keep,P09104,ENO2,False,,,False,False,no_match,,,False,False,False,no_match
acgb2_59,acgb2,NVDCLLLAR,NVDCVLLAR,VtoL,5,56,V,L,human,keep,Q13126-2,MTAP,True,,,False,True,no_match,,,False,True,False,no_match
acgb2_60,acgb2,EIPHLQAGQCGNQIGAK,EIVHLQAGQCGNQIGAK,VtoP,3,5,V,P,human,keep,P68371,TUBB4B,True,,,False,False,no_match,,,False,False,False,no_match
acgb2_62,acgb2,EFTPPPQAAYQK,EFTPPVQAAYQK,VtoP,6,127,V,P,human,keep,P68871,HBB,False,,,False,False,no_match,,,False,False,False,no_match
acgb2_63,acgb2,NSSYFVESIPNNVK,NSSYFVEWIPNNVK,WtoS,8,691,W,S,human,keep,A0A0B4J269,TUBB3,True,,,False,False,no_match,,,False,False,False,no_match
acgb2_64,acgb2,NTGQGCVCSNQFLVQR,NTGQTCVCSNQFLVQR,TtoG,5,352,T,G,human,keep,P51649-2,ALDH5A1,False,,,False,False,no_match,,,False,False,False,no_match
acgb2_65,acgb2,NNPETWNK,NNPEPWNK,PtoT,5,52,P,T,human,keep,O00483,NDUFA4,False,,,False,True,no_match,,,False,True,False,no_match
acgb2_68,acgb2,FFESFGDLSTPDSVMGNPK,FFESFGDLSTPDAVMGNPK,AtoS,13,54,A,S,human,keep,F8W6P5,HBB,False,,,False,True,no_match,,,False,True,False,no_match
acgb2_69,acgb2,YADDTFTPAFVSNVGIDFK,YADDTFTPAFVSTVGIDFK,TtoN,13,54,T,N,human,keep,P20337,RAB3B,False,,,False,True,no_match,,,False,True,False,no_match
acgb2_74,acgb2,LCYVALMFEQEMATAASSSSLEK,LCYVALDFEQEMATAASSSSLEK,DtoM,7,922,D,M,human,keep,Q6S8J3,POTEE,True,,,False,False,no_match,,,False,False,False,no_match
acgb2_75,acgb2,AILVDLEPGQMDSVR,AILVDLEPGTMDSVR,TtoQ,10,419,T,Q,human,keep,A0A0B4J269,TUBB3,True,,,False,False,no_match,,,False,False,False,no_match
acgb2_77,acgb2,VFEISPFETWITR,VFEISPFEPWITR,PtoT,9,312,P,T,human,keep,Q16795,NDUFA9,True,,,False,True,no_match,,,False,True,False,no_match
acgb2_82,acgb2,GVDAQTTLSK,GVDAQGTLSK,GtoT,6,282,G,T,human,keep,P02686,MBP,False,,,False,False,no_match,,,False,False,False,no_match
acgb2_83,acgb2,VLQAFSDGLAHLDNLK,VLGAFSDGLAHLDNLK,GtoQ,3,70,G,Q,human,keep,P68871,HBB,True,,,False,False,no_match,,,False,False,False,no_match
acgb2_84,acgb2,WLTLEANPEVTNQFLK,WLPLEANPEVTNQFLK,PtoT,3,8,P,T,human,keep,P15374,UCHL3,False,,,False,True,no_match,,,False,True,False,no_match
acgb2_88,acgb2,GTFATLSELHSDK,GTFATLSELHCDK,CtoS,11,94,C,S,human,keep,P68871,HBB,False,,,False,False,no_match,,,False,False,False,no_match
acgb2_89,acgb2,AEGAPNQGK,AEGTPNQGK,TtoA,4,583,T,A,human,keep,Q9P2E9,RRBP1,False,,,False,True,no_match,,,False,True,False,no_match
acgb2_92,acgb2,DCEQAENSMAAR,DCEQAENWMAAR,WtoS,8,1460,W,S,human,keep,Q13813-2,SPTAN1,False,,,False,True,no_match,,,False,True,False,no_match
acgb2_93,acgb2,PQPPPPPPGAHSPGASPGPGTATAER,PQPPPPPPGAHSPGATPGPGTATAER,TtoS,16,43,T,S,human,keep,P17600,SYN1,False,,,False,True,no_match,,,False,True,False,no_match
acgb2_94,acgb2,TTWGIIEVENLNHCEFALLR,TPWGIIEVENLNHCEFALLR,PtoT,2,283,P,T,human,keep,Q9UH03,SEPT3,False,,,,,gene_not_in_bed,,,False,False,False,gene_not_in_bed
acgb2_95,acgb2,DLEESNQR,DLEEWNQR,WtoS,5,139,W,S,human,keep,P09497,CLTB,True,,,False,True,no_match,,,False,True,False,no_match
acgb2_96,acgb2,IFELSELR,IFELTELR,TtoS,5,341,T,S,human,keep,Q86YM7,HOMER1,False,,,False,True,no_match,,,False,True,False,no_match
acgb2_98,acgb2,NTSSAGSWNSGSSGPGSTGNR,NPSSAGSWNSGSSGPGSTGNR,PtoT,2,289,P,T,human,keep,P02671,FGA,False,,,False,True,no_match,,,False,True,False,no_match
acgb2_99,acgb2,LAMQEFMILPVGAEGFR,LAMQEFMILPVGAESFR,StoG,15,177,S,G,human,keep,P09104,ENO2,False,,,False,True,no_match,,,False,True,False,no_match
acgb2_101,acgb2,LNSVTAADTAVYYCAR,LSSVTAADTAVYYCAR,StoN,2,103,S,N,human,keep,P06331,HV209,True,,,,,gene_not_in_bed,,,False,False,False,gene_not_in_bed
acgb2_102,acgb2,LTTPTYGMLNHLVSATMSGVTTCLR,LTTPTYGDLNHLVSATMSGVTTCLR,DtoM,8,224,D,M,human,keep,Q9BVA1,TUBB2B,True,,,False,False,no_match,,,False,False,False,no_match
acgb2_103,acgb2,NRPTSISSDGLDSGK,NRPTSISWDGLDSGK,WtoS,8,55,W,S,human,keep,P30086,PEBP1,False,,,False,True,no_match,,,False,True,False,no_match
acgb2_105,acgb2,NRPTSISDDGLDSGK,NRPTSISWDGLDSGK,WtoD,8,55,W,D,human,keep,P30086,PEBP1,False,,,False,False,no_match,,,False,False,False,no_match
acgb2_108,acgb2,IINEPTSAAIAYGLDK,IINEPTAAAIAYGLDK,AtoS,7,204,A,S,human,keep,P11021,HSPA5,True,,,False,True,no_match,,,False,True,False,no_match
acgb2_110,acgb2,DLYANDVLSGGTTMYPGIADR,DLYANTVLSGGTTMYPGIADR,TtoD,6,299,T,D,human,keep,P68032,ACTC1,True,,,False,False,no_match,,,False,False,False,no_match
acgb2_111,acgb2,LYTWGIVEVENQAHCDFVK,LYPWGIVEVENQAHCDFVK,PtoT,3,275,P,T,human,keep,G3XAH0,SEPT5,False,,,,,gene_not_in_bed,,,False,False,False,gene_not_in_bed
acgb2_114,acgb2,GVDAQGTSSK,GVDAQGTLSK,LtoS,8,284,L,S,human,keep,P02686,MBP,False,,,False,True,no_match,,,False,True,False,no_match
acgb2_115,acgb2,EVAQQAVDADVHAVGVSTLAAGHK,EVAQQAVDADVHAVGISTLAAGHK,ItoV,16,671,I,V,human,keep,P22033,MUT,False,,,,,gene_not_in_bed,,,False,False,False,gene_not_in_bed
acgb2_117,acgb2,VAPEEHPPLLTEAPLNPK,VAPEEHPVLLTEAPLNPK,VtoP,8,105,V,P,human,keep,P68133,ACTA1,True,,,False,False,no_match,,,False,False,False,no_match
acgb2_118,acgb2,NMQNAEESFK,NMQNAEEWFK,WtoS,8,279,W,S,human,keep,P07196,NEFL,False,,,False,False,no_match,,,False,False,False,no_match
acgb2_119,acgb2,SQGGEPTYMVAVGR,SQGGEPTYNVAVGR,NtoM,9,100,N,M,human,keep,G5E9Q6,PFN2,False,,,False,False,no_match,,,False,False,False,no_match
acgb2_120,acgb2,DSYVGDESQSK,DSYVGDEAQSK,AtoS,8,60,A,S,human,keep,P68133,ACTA1,True,,,False,True,no_match,,,False,True,False,no_match
acgb2_121,acgb2,HLGGITWTYAEDAVPTLTPCR,HLGGIPWTYAEDAVPTLTPCR,PtoT,6,254,P,T,human,keep,P31930,UQCRC1,False,,,False,True,no_match,,,False,True,False,no_match
acgb2_122,acgb2,GFTGGVATVTLIPGDGIGPEISAAVMK,GFTGGVQTVTLIPGDGIGPEISAAVMK,QtoA,7,32,Q,A,human,keep,H0YNF8,IDH3A,False,,,False,False,no_match,,,False,False,False,no_match
acgb2_125,acgb2,TSASIGSLCGDAR,TSASIGSLCADAR,AtoG,10,202,A,G,human,keep,P60201,PLP1,False,,,False,True,no_match,,,False,True,False,no_match
acgb2_128,acgb2,LLEGEEDR,LLEGEEER,EtoD,7,385,E,D,human,keep,P02545,LMNA,True,,,False,True,no_match,,,False,True,False,no_match
acgb2_129,acgb2,EPFSLFDK,EAFSLFDK,AtoP,2,63,A,P,human,keep,E7EMB3,CALM2,True,,,False,True,no_match,,,False,True,False,no_match
acgb2_131,acgb2,SGDRGETGPAGPSGPVGPVGAR,SGDRGETGPAGPTGPVGPVGAR,TtoS,13,1075,T,S,human,keep,P02452,COL1A1,False,,,False,True,no_match,,,False,True,False,no_match
acgb2_135,acgb2,DATNVGDEGGFAPNILESK,DATNVGDEGGFAPNILENK,NtoS,18,220,N,S,human,keep,P06733,ENO1,False,,,False,True,no_match,,,False,True,False,no_match
acgb2_136,acgb2,AGAYDFPSTEWDTVTPEAK,AGAYDFPSPEWDTVTPEAK,PtoT,9,236,P,T,human,keep,Q13554,CAMK2B,True,,,False,True,no_match,,,False,True,False,no_match
acgb2_140,acgb2,DNPLLAQLIQDK,DNALLAQLIQDK,AtoP,3,199,A,P,human,keep,P61764-2,STXBP1,False,,,False,False,no_match,,,False,False,False,no_match
acgb2_141,acgb2,KPEGAGEEQAAK,KVEGAGEEQAAK,VtoP,2,530,V,P,human,keep,P07196,NEFL,False,,,False,False,no_match,,,False,False,False,no_match
acgb2_144,acgb2,DGPNALTPPPTTTEWVK,DGPNALTPPPTTPEWVK,PtoT,13,77,P,T,human,keep,A0A0A0MT26,ATP1A3,True,,,False,True,no_match,,,False,True,False,no_match
acgb2_146,acgb2,VDYIMQLPVNMDAALNK,VDYIMQLPVPMDAALNK,PtoN,10,492,P,N,human,keep,P45974,USP5,False,,,False,False,no_match,,,False,False,False,no_match
acgb2_147,acgb2,AAHVFFTDSCPDALFNELPK,AAHVFFTDSCPDALFNELVK,VtoP,19,119,V,P,human,keep,P61764-2,STXBP1,False,,,False,False,no_match,,,False,False,False,no_match
acgb2_148,acgb2,QYTWGVVQVENENHCDFVK,QYPWGVVQVENENHCDFVK,PtoT,3,281,P,T,human,keep,B5ME97,SEPT10,True,,,,,gene_not_in_bed,,,False,False,False,gene_not_in_bed
acgb2_149,acgb2,ATSWFDTGLSEMR,APSWFDTGLSEMR,PtoT,2,58,P,T,human,keep,P02511,CRYAB,False,,,False,True,no_match,,,False,True,False,no_match
acgb2_150,acgb2,EAPSYQEALAR,EAASYQEALAR,AtoP,3,322,A,P,human,keep,P14136-2,GFAP,False,,,False,True,no_match,,,False,True,False,no_match
acgb2_151,acgb2,ASSSSLSMDEK,ASWSSLSMDEK,WtoS,3,70,W,S,human,keep,P13073,COX4I1,False,,,False,False,no_match,,,False,False,False,no_match
acgb2_153,acgb2,GILAADESVGNMAK,GILAADESVGSMAK,StoN,11,39,S,N,human,keep,P09972,ALDOC,False,,,False,True,no_match,,,False,True,False,no_match
acgb2_157,acgb2,AGPESDAGYQFTGIK,AGPESDAQYQFTGIK,QtoG,8,9,Q,G,human,keep,Q96IX5,USMG5,False,,,,,gene_not_in_bed,,,False,False,False,gene_not_in_bed
acgb2_160,acgb2,AEDDAAIASCK,AEMDAAIASCK,MtoD,3,79,M,D,human,keep,Q02252,ALDH6A1,False,,,False,False,no_match,,,False,False,False,no_match
acgb2_161,acgb2,FDLGQDVIMFTGHALALYR,FDLGQDVIDFTGHALALYR,DtoM,9,183,D,M,human,keep,P31150,GDI1,True,,,False,False,no_match,,,False,False,False,no_match
acgb2_162,acgb2,ETPAATEAPSSGPK,ETPAATEAPSSTPK,TtoG,12,196,T,G,human,keep,P80723,BASP1,False,,,False,False,no_match,,,False,False,False,no_match
acgb2_163,acgb2,LLTQDEGPALVPSGR,LLTQDEGPALVPGGR,GtoS,13,210,G,S,human,keep,Q5T440,IBA57,False,,,False,True,no_match,,,False,True,False,no_match
acgb2_164,acgb2,QLQSLDCDLESLR,QLQSLTCDLESLR,TtoD,6,293,T,D,human,keep,P14136-2,GFAP,False,,,False,False,no_match,,,False,False,False,no_match
acgb2_166,acgb2,TQETPSAQDEGFLNR,TQETPSAQMEGFLNR,MtoD,9,2202,M,D,human,keep,A0A087WUZ3,SPTBN1,False,,,False,False,no_match,,,False,False,False,no_match
acgb2_167,acgb2,LISSYDNEFGYSNR,LISWYDNEFGYSNR,WtoS,4,313,W,S,human,keep,P04406,GAPDH,False,,,False,False,no_match,,,False,False,False,no_match
acgb2_168,acgb2,ADLEEQSSDEEK,ADLEEQLSDEEK,LtoS,7,8,L,S,human,keep,F8WED3,CAPZA2,False,,,False,True,no_match,,,False,True,False,no_match
acgb2_170,acgb2,DDDISALVVDNGSGMCK,DDDIAALVVDNGSGMCK,AtoS,5,6,A,S,human,keep,P60709,ACTB,False,,,False,True,no_match,,,False,True,False,no_match
acgb2_171,acgb2,DDDIAALVVDNGSGTCK,DDDIAALVVDNGSGMCK,MtoT,15,16,M,T,human,keep,P60709,ACTB,False,,,False,False,no_match,,,False,False,False,no_match
acgb2_172,acgb2,DDDIAALPVDNGSGMCK,DDDIAALVVDNGSGMCK,VtoP,8,9,V,P,human,keep,P60709,ACTB,False,,,False,False,no_match,,,False,False,False,no_match
acgb3_1,acgb3,LLQNVLVCVLAHHFGK,LLGNVLVCVLAHHFGK,GtoQ,3,108,G,Q,human,keep,P68871,HBB,False,,,False,False,no_match,,,False,False,False,no_match
acgb3_2,acgb3,DFTPVGTTELGR,DFTPVCTTELGR,CtoG,6,47,C,G,human,keep,P30041,PRDX6,False,,,False,False,no_match,,,False,False,False,no_match
acgb3_3,acgb3,LSGDSGIQECFNR,LWGDSGIQECFNR,WtoS,2,132,W,S,human,keep,P09471-2,GNAO1,False,,,False,True,no_match,,,False,True,False,no_match
acgb3_6,acgb3,MYGVLTWNAFPGK,MYGVLPWNAFPGK,PtoT,6,211,P,T,human,keep,P60201,PLP1,False,,,False,False,no_match,,,False,False,False,no_match
acgb3_8,acgb3,LLVVYTWTQR,LLVVYPWTQR,PtoT,6,37,P,T,human,keep,P69892,HBG2,True,,,False,False,no_match,,,False,False,False,no_match
acgb3_10,acgb3,LLLTWLEAR,LLLPWLEAR,PtoT,4,864,P,T,human,keep,A0A087WVQ6,CLTC,False,,,False,True,no_match,,,False,True,False,no_match
acgb3_11,acgb3,VVLPIETPIR,VVLPIEAPIR,AtoT,7,148,A,T,human,keep,P00403,MT-CO2,False,,,,,vcf_missing,,,False,False,False,vcf_missing
acgb3_12,acgb3,VVLAYETVWAIGTGK,VVLAYEPVWAIGTGK,PtoT,7,204,P,T,human,keep,P60174,TPI1,False,,,False,True,no_match,,,False,True,False,no_match
acgb3_18,acgb3,LFGGLLLDIK,LFGGLVLDIK,VtoL,6,595,V,L,human,keep,Q9Y6M7-7,SLC4A7,True,,,False,True,no_match,,,False,True,False,no_match
acgb3_19,acgb3,ITSSNPPAQGAR,ITWSNPPAQGAR,WtoS,3,296,W,S,human,keep,P17174,GOT1,False,,,False,False,no_match,,,False,False,False,no_match
acgb3_20,acgb3,AYHEQLSVAEITNACFENANQMVK,AYHEQLSVAEITNACFEPANQMVK,PtoN,18,298,P,N,human,keep,Q71U36,TUBA1A,True,,,False,False,no_match,,,False,False,False,no_match
acgb3_21,acgb3,QIQENLIVPGGVK,QIGENLIVPGGVK,GtoQ,3,160,G,Q,human,keep,Q14194-2,CRMP1,True,,,False,False,no_match,,,False,False,False,no_match
acgb3_24,acgb3,FFESFGDLSGPDAVMGNPK,FFESFGDLSTPDAVMGNPK,TtoG,10,51,T,G,human,keep,P02042,HBD,True,,,False,False,no_match,,,False,False,False,no_match
acgb3_25,acgb3,LLLAGYDDFNCNPWDALK,LLLAGYDDFNCNVWDALK,VtoP,13,296,V,P,human,keep,P62873,GNB1,False,,,False,False,no_match,,,False,False,False,no_match
acgb3_26,acgb3,QYTWGVAEVENGEHCDFTILR,QYPWGVAEVENGEHCDFTILR,PtoT,3,268,P,T,human,keep,Q16181,SEPT7,False,,,,,gene_not_in_bed,,,False,False,False,gene_not_in_bed
acgb3_27,acgb3,SGPFGQIFRPDNFVFGQSGAGNNSAK,SGPFGQIFRPDNFVFGQSGAGNNWAK,WtoS,24,29,W,S,human,keep,M0R1I1,TUBB4A,True,,,False,True,no_match,,,False,True,False,no_match
acgb3_29,acgb3,DVTNDVHYENYR,DVTCDVHYENYR,CtoN,4,302,C,N,human,keep,Q16181,SEPT7,True,,,,,gene_not_in_bed,,,False,False,False,gene_not_in_bed
acgb3_30,acgb3,LAQEGGWGVMVSHR,LAQENGWGVMVSHR,NtoG,5,363,N,G,human,keep,P09104,ENO2,False,,,False,False,no_match,,,False,False,False,no_match
acgb3_31,acgb3,HWTFQVINDGDKPK,HWPFQVINDGDKPK,PtoT,3,91,P,T,human,keep,P08107,HSPA1A,False,,,False,True,no_match,,,False,True,False,no_match
acgb3_34,acgb3,DGDGTITDK,DGDGTITTK,TtoD,8,77,T,D,human,keep,E7EMB3,CALM2,True,,,False,False,no_match,,,False,False,False,no_match
acgb3_35,acgb3,GHYDEGAELVDSVLDVVR,GHYTEGAELVDSVLDVVR,TtoD,4,454,T,D,human,keep,A0A0B4J269,TUBB3,True,,,False,False,no_match,,,False,False,False,no_match
acgb3_36,acgb3,LEEEQQSLK,LEEEGQSLK,GtoQ,5,335,G,Q,human,keep,P14136-2,GFAP,False,,,False,False,no_match,,,False,False,False,no_match
acgb3_37,acgb3,YPIEHGIITNSDDMEK,YPIEHGIITNWDDMEK,WtoS,11,81,W,S,human,keep,P68133,ACTA1,True,,,False,False,no_match,,,False,False,False,no_match
acgb3_39,acgb3,LASENGWGVMVSHR,LAQENGWGVMVSHR,QtoS,3,361,Q,S,human,keep,P09104,ENO2,False,,,False,False,no_match,,,False,False,False,no_match
acgb3_40,acgb3,AGGVFLEELGNHK,AGQVFLEELGNHK,QtoG,3,207,Q,G,human,keep,P09543,CNP,False,,,False,False,no_match,,,False,False,False,no_match
acgb3_43,acgb3,FFESFGDLSTPDAVDGNPK,FFESFGDLSTPDAVMGNPK,MtoD,15,56,M,D,human,keep,P68871,HBB,False,,,False,False,no_match,,,False,False,False,no_match
acgb3_44,acgb3,FFESFQDLSTPDAVMGNPK,FFESFGDLSTPDAVMGNPK,GtoQ,6,47,G,Q,human,keep,P68871,HBB,False,,,False,False,no_match,,,False,False,False,no_match
acgb3_45,acgb3,SIQFVDSCPTGFK,SIQFVDWCPTGFK,WtoS,7,346,W,S,human,keep,P68363,TUBA1B,True,,,False,True,no_match,,,False,True,False,no_match
acgb3_47,acgb3,NSSYFVESIPNNVK,NSSYFVEWIPNNVK,WtoS,8,691,W,S,human,keep,A0A0B4J269,TUBB3,True,,,False,False,no_match,,,False,False,False,no_match
acgb3_48,acgb3,NSSYFPEWIPNNVK,NSSYFVEWIPNNVK,VtoP,6,689,V,P,human,keep,A0A0B4J269,TUBB3,True,,,False,False,no_match,,,False,False,False,no_match
acgb3_50,acgb3,YLSTASTMDHAR,YLATASTMDHAR,AtoS,3,17,A,S,human,keep,E9PLU9,MBP,False,,,False,True,no_match,,,False,True,False,no_match
acgb3_51,acgb3,VIATFSCSGEK,VIATFTCSGEK,TtoS,6,44,T,S,human,keep,P49189,ALDH9A1,False,,,False,True,no_match,,,False,True,False,no_match
acgb3_52,acgb3,NTGQGCVCSNQFLVQR,NTGQTCVCSNQFLVQR,TtoG,5,352,T,G,human,keep,P51649-2,ALDH5A1,False,,,False,False,no_match,,,False,False,False,no_match
acgb3_53,acgb3,DDAANNYAR,EDAANNYAR,EtoD,1,167,E,D,human,keep,F5H5D3,TUBA1C,True,,,False,True,no_match,,,False,True,False,no_match
acgb3_54,acgb3,SSVLEGLVGR,SSVLESLVGR,StoG,6,44,S,G,human,keep,O00429-6,DNM1L,False,,,False,True,no_match,,,False,True,False,no_match
acgb3_55,acgb3,VLGPFSDGLAHLDNLK,VLGAFSDGLAHLDNLK,AtoP,4,71,A,P,human,keep,P68871,HBB,True,,,False,True,no_match,,,False,True,False,no_match
acgb3_56,acgb3,VLEAFSDGLAHLDNLK,VLGAFSDGLAHLDNLK,GtoE,3,70,G,E,human,keep,P68871,HBB,True,,,False,True,no_match,,,False,True,False,no_match
acgb3_58,acgb3,AILVDLEPGQMDSVR,AILVDLEPGTMDSVR,TtoQ,10,419,T,Q,human,keep,A0A0B4J269,TUBB3,True,,,False,False,no_match,,,False,False,False,no_match
acgb3_60,acgb3,TGTAEMNSILEER,TGTAEMSSILEER,StoN,7,52,S,N,human,keep,P25705,ATP5A1,False,,,,,gene_not_in_bed,,,False,False,False,gene_not_in_bed
acgb3_62,acgb3,RMNCAEDYLSVVLNQLCVLHEK,RMPCAEDYLSVVLNQLCVLHEK,PtoN,3,471,P,N,human,keep,P02768,ALB,False,,,False,False,no_match,,,False,False,False,no_match
acgb3_63,acgb3,GAAAVQQLQAEGLSPR,GQAAVQQLQAEGLSPR,QtoA,2,44,Q,A,human,keep,P16152,CBR1,True,,,False,False,no_match,,,False,False,False,no_match
acgb3_64,acgb3,AVLVDLEPGQMDSVR,AVLVDLEPGTMDSVR,TtoQ,10,72,T,Q,human,keep,P68371,TUBB4B,True,,,False,False,no_match,,,False,False,False,no_match
acgb3_65,acgb3,GIEEEEILPGFILCDANNLCHSGR,GIEEEEILPGFILCDPNNLCHSGR,PtoA,16,521,P,A,human,keep,P15170-3,GSPT1,False,,,False,True,no_match,,,False,True,False,no_match
acgb3_66,acgb3,MCDNGMTAFEPEALGNLVEGLDFHR,MCDPGMTAFEPEALGNLVEGLDFHR,PtoN,4,386,P,N,human,keep,Q9UQM7-2,CAMK2A,False,,,False,False,no_match,,,False,False,False,no_match
acgb3_67,acgb3,LAPEALSSLDGDLAGR,LAVEALSSLDGDLAGR,VtoP,3,159,V,P,human,keep,P12277,CKB,False,,,False,False,no_match,,,False,False,False,no_match
acgb3_69,acgb3,AGGENISVSK,AGQENISVSK,QtoG,3,435,Q,G,human,keep,P50993,ATP1A2,False,,,False,False,no_match,,,False,False,False,no_match
acgb3_70,acgb3,GVDAQTTLSK,GVDAQGTLSK,GtoT,6,282,G,T,human,keep,P02686,MBP,False,,,False,False,no_match,,,False,False,False,no_match
acgb3_73,acgb3,TTWGIIEVENLNHCEFALLR,TPWGIIEVENLNHCEFALLR,PtoT,2,283,P,T,human,keep,Q9UH03,SEPT3,False,,,,,gene_not_in_bed,,,False,False,False,gene_not_in_bed
acgb3_75,acgb3,YASICQQMGIVPIVEPEILPDGDHDLK,YASICQQNGIVPIVEPEILPDGDHDLK,NtoM,8,235,N,M,human,keep,P04075-2,ALDOA,True,,,False,False,no_match,,,False,False,False,no_match
acgb3_78,acgb3,IQAADYQPTEQDILR,IGAADYQPTEQDILR,GtoQ,2,164,G,Q,human,keep,P09471-2,GNAO1,False,,,False,False,no_match,,,False,False,False,no_match
acgb3_81,acgb3,MLMAEDIVNTPKPDER,MLDAEDIVNTPKPDER,DtoM,3,230,D,M,human,keep,P35609,ACTN2,False,,,False,False,no_match,,,False,False,False,no_match
acgb3_83,acgb3,DYEFDWNPHLGYILTCPSNLGTGLR,DYEFMWNPHLGYILTCPSNLGTGLR,MtoD,5,23,M,D,human,keep,H0YJK0,CKB,False,,,False,False,no_match,,,False,False,False,no_match
acgb3_84,acgb3,AATYWLDEPK,AAPYWLDEPK,PtoT,3,337,P,T,human,keep,O94856,NFASC,False,,,False,True,no_match,,,False,True,False,no_match
acgb3_85,acgb3,NRPTSISSDGLDSGK,NRPTSISWDGLDSGK,WtoS,8,55,W,S,human,keep,P30086,PEBP1,False,,,False,True,no_match,,,False,True,False,no_match
acgb3_87,acgb3,NPSSAGSSNSGSSGPGSTGNR,NPSSAGSWNSGSSGPGSTGNR,WtoS,8,295,W,S,human,keep,P02671,FGA,False,,,False,True,no_match,,,False,True,False,no_match
acgb3_88,acgb3,LYTWGIVEVENQAHCDFVK,LYPWGIVEVENQAHCDFVK,PtoT,3,275,P,T,human,keep,G3XAH0,SEPT5,False,,,,,gene_not_in_bed,,,False,False,False,gene_not_in_bed
acgb3_90,acgb3,TTTTGWTLDQCIQTGVDNPGHPFIK,TTPTGWTLDQCIQTGVDNPGHPFIK,PtoT,3,81,P,T,human,keep,C9JJX8,CKMT1B,True,,,False,False,no_match,,,False,False,False,no_match
acgb3_92,acgb3,ALTVPELTQQDFDAK,ALTVPELTQQVFDAK,VtoD,11,293,V,D,human,keep,P07437,TUBB,True,,,False,False,no_match,,,False,False,False,no_match
acgb3_93,acgb3,ALDVPELTQQVFDAK,ALTVPELTQQVFDAK,TtoD,3,285,T,D,human,keep,P07437,TUBB,False,,,False,False,no_match,,,False,False,False,no_match
acgb3_96,acgb3,VAPEEHPPLLTEAPLNPK,VAPEEHPVLLTEAPLNPK,VtoP,8,105,V,P,human,keep,P68133,ACTA1,True,,,False,False,no_match,,,False,False,False,no_match
acgb3_97,acgb3,NMQNAEESFK,NMQNAEEWFK,WtoS,8,279,W,S,human,keep,P07196,NEFL,False,,,False,False,no_match,,,False,False,False,no_match
acgb3_98,acgb3,HLGGITWTYAEDAVPTLTPCR,HLGGIPWTYAEDAVPTLTPCR,PtoT,6,254,P,T,human,keep,P31930,UQCRC1,False,,,False,True,no_match,,,False,True,False,no_match
acgb3_99,acgb3,EPFSLFDK,EAFSLFDK,AtoP,2,63,A,P,human,keep,E7EMB3,CALM2,True,,,False,True,no_match,,,False,True,False,no_match
acgb3_100,acgb3,GVDAQGTSSK,GVDAQGTLSK,LtoS,8,284,L,S,human,keep,P02686,MBP,False,,,False,True,no_match,,,False,True,False,no_match
acgb3_105,acgb3,AMGIMMSFVNDIFER,AMGIMNSFVNDIFER,NtoM,6,64,N,M,human,keep,U3KQK0,HIST1H2BN,True,,,,,gene_not_in_bed,,,False,False,False,gene_not_in_bed
acgb3_106,acgb3,LLEGEEDR,LLEGEEER,EtoD,7,385,E,D,human,keep,P02545,LMNA,True,,,False,True,no_match,,,False,True,False,no_match
acgb3_113,acgb3,QYTWGVVQVENENHCDFVK,QYPWGVVQVENENHCDFVK,PtoT,3,281,P,T,human,keep,B5ME97,SEPT10,True,,,,,gene_not_in_bed,,,False,False,False,gene_not_in_bed
acgb3_114,acgb3,QYPWNVVQVENENHCDFVK,QYPWGVVQVENENHCDFVK,GtoN,5,283,G,N,human,keep,B5ME97,SEPT10,True,,,,,gene_not_in_bed,,,False,False,False,gene_not_in_bed
acgb3_115,acgb3,ATSWFDTGLSEMR,APSWFDTGLSEMR,PtoT,2,58,P,T,human,keep,P02511,CRYAB,False,,,False,True,no_match,,,False,True,False,no_match
acgb3_118,acgb3,GIQEEDEALVK,GIQEEMEALVK,MtoD,6,152,M,D,human,keep,Q16555,DPYSL2,False,,,False,False,no_match,,,False,False,False,no_match
acgb3_120,acgb3,TLNEADCATLPPAIR,TLNEADCATVPPAIR,VtoL,10,657,V,L,human,keep,P31040,SDHA,False,,,False,True,no_match,,,False,True,False,no_match
acgb3_121,acgb3,LYTWGVVEVENPEHNDFLK,LYPWGVVEVENPEHNDFLK,PtoT,3,294,P,T,human,keep,Q15019-2,SEPT2,False,,,,,gene_not_in_bed,,,False,False,False,gene_not_in_bed
acgb3_122,acgb3,AVDLITWMEYEFR,AVDLIPWMEYEFR,PtoT,6,673,P,T,human,keep,Q12860,CNTN1,False,,,False,True,no_match,,,False,True,False,no_match
acgb3_123,acgb3,EPLQDVEDENQ,EALQDVEDENQ,AtoP,2,29,A,P,human,keep,I3L0W5,YWHAE,False,,,False,False,no_match,,,False,False,False,no_match
acgb4_2,acgb4,DFTPVGTTELGR,DFTPVCTTELGR,CtoG,6,47,C,G,human,keep,P30041,PRDX6,False,,,False,False,no_match,,,False,False,False,no_match
acgb4_3,acgb4,NQSQLSADDLK,NQWQLSADDLK,WtoS,3,167,W,S,human,keep,P09543,CNP,False,,,False,True,no_match,,,False,True,False,no_match
acgb4_4,acgb4,NQDQLSADDLK,NQWQLSADDLK,WtoD,3,167,W,D,human,keep,P09543,CNP,False,,,False,False,no_match,,,False,False,False,no_match
acgb4_5,acgb4,NISFTVSDVGGQDK,NISFTVWDVGGQDK,WtoS,7,66,W,S,human,keep,F5H423,F5H423,True,,,,,gene_not_in_bed,,,False,False,False,gene_not_in_bed
acgb4_6,acgb4,FFESFGMLSTPDAVMGNPK,FFESFGDLSTPDAVMGNPK,DtoM,7,48,D,M,human,keep,P68871,HBB,False,,,False,False,no_match,,,False,False,False,no_match
acgb4_7,acgb4,LLQNVLVCVLAHHFGK,LLGNVLVCVLAHHFGK,GtoQ,3,108,G,Q,human,keep,P68871,HBB,False,,,False,False,no_match,,,False,False,False,no_match
acgb4_8,acgb4,SAVTALSGK,SAVTALWGK,WtoS,7,16,W,S,human,keep,P68871,HBB,False,,,False,True,no_match,,,False,True,False,no_match
acgb4_9,acgb4,MYGVLPWMAFPGK,MYGVLPWNAFPGK,NtoM,8,213,N,M,human,keep,P60201,PLP1,False,,,False,False,no_match,,,False,False,False,no_match
acgb4_10,acgb4,MYGVLTWNAFPGK,MYGVLPWNAFPGK,PtoT,6,211,P,T,human,keep,P60201,PLP1,False,,,False,False,no_match,,,False,False,False,no_match
acgb4_11,acgb4,MYGLLPWNAFPGK,MYGVLPWNAFPGK,VtoL,4,209,V,L,human,keep,P60201,PLP1,False,,,False,True,no_match,,,False,True,False,no_match
acgb4_13,acgb4,LLVVYTWTQR,LLVVYPWTQR,PtoT,6,37,P,T,human,keep,P69892,HBG2,True,,,False,False,no_match,,,False,False,False,no_match
acgb4_14,acgb4,LLLTWLEAR,LLLPWLEAR,PtoT,4,864,P,T,human,keep,A0A087WVQ6,CLTC,False,,,False,True,no_match,,,False,True,False,no_match
acgb4_17,acgb4,FQLGNSGPNSTIK,FQLSNSGPNSTIK,StoG,4,659,S,G,human,keep,A0FGR8-6,ESYT2,False,,,False,True,no_match,,,False,True,False,no_match
acgb4_19,acgb4,IISNAGCTTNCLAPLAK,IISNASCTTNCLAPLAK,StoG,6,151,S,G,human,keep,P04406,GAPDH,False,,,False,True,no_match,,,False,True,False,no_match
acgb4_20,acgb4,LEVNMVPFPR,LAVNMVPFPR,AtoE,2,601,A,E,human,keep,A0A0B4J269,TUBB3,True,,,False,True,no_match,,,False,True,False,no_match
acgb4_23,acgb4,LAQEGGWGVMVSHR,LAQENGWGVMVSHR,NtoG,5,363,N,G,human,keep,P09104,ENO2,False,,,False,False,no_match,,,False,False,False,no_match
acgb4_24,acgb4,YPIEHGIITNSDDMEK,YPIEHGIITNWDDMEK,WtoS,11,81,W,S,human,keep,P68133,ACTA1,True,,,False,False,no_match,,,False,False,False,no_match
acgb4_26,acgb4,SGPFGQIFRPDNFVFGQSGAGNNSAK,SGPFGQIFRPDNFVFGQSGAGNNWAK,WtoS,24,29,W,S,human,keep,M0R1I1,TUBB4A,True,,,False,True,no_match,,,False,True,False,no_match
acgb4_27,acgb4,MDIAIHHTWIR,MDIAIHHPWIR,PtoT,8,8,P,T,human,keep,P02511,CRYAB,False,,,False,True,no_match,,,False,True,False,no_match
acgb4_28,acgb4,LAAENGWGVMVSHR,LAQENGWGVMVSHR,QtoA,3,361,Q,A,human,keep,P09104,ENO2,False,,,False,False,no_match,,,False,False,False,no_match
acgb4_29,acgb4,TVGMLSMMIAFYDMAR,TVGMLSNMIAFYDMAR,NtoM,7,543,N,M,human,keep,P38606,ATP6V1A,False,,,False,False,no_match,,,False,False,False,no_match
acgb4_32,acgb4,FFESFGDLSTPDAVMGMPK,FFESFGDLSTPDAVMGNPK,NtoM,17,58,N,M,human,keep,P68871,HBB,False,,,False,False,no_match,,,False,False,False,no_match
acgb4_33,acgb4,AGGVFLEELGNHK,AGQVFLEELGNHK,QtoG,3,207,Q,G,human,keep,P09543,CNP,False,,,False,False,no_match,,,False,False,False,no_match
acgb4_34,acgb4,SIQFVDSCPTGFK,SIQFVDWCPTGFK,WtoS,7,346,W,S,human,keep,P68363,TUBA1B,True,,,False,True,no_match,,,False,True,False,no_match
acgb4_38,acgb4,NSSYFPEWIPNNVK,NSSYFVEWIPNNVK,VtoP,6,689,V,P,human,keep,A0A0B4J269,TUBB3,True,,,False,False,no_match,,,False,False,False,no_match
acgb4_39,acgb4,YLSTASTMDHAR,YLATASTMDHAR,AtoS,3,17,A,S,human,keep,E9PLU9,MBP,False,,,False,True,no_match,,,False,True,False,no_match
acgb4_40,acgb4,HNMVGETEEEK,HNMCGETEEEK,CtoV,4,91,C,V,human,keep,P21266,GSTM3,False,,,False,False,no_match,,,False,False,False,no_match
acgb4_41,acgb4,TIDFVDWCPTGFK,TIQFVDWCPTGFK,QtoD,3,412,Q,D,human,keep,F5H5D3,TUBA1C,True,,,False,False,no_match,,,False,False,False,no_match
acgb4_42,acgb4,VLEAFSDGLAHLDNLK,VLGAFSDGLAHLDNLK,GtoE,3,70,G,E,human,keep,P68871,HBB,True,,,False,True,no_match,,,False,True,False,no_match
acgb4_43,acgb4,NTGQGCVCSNQFLVQR,NTGQTCVCSNQFLVQR,TtoG,5,352,T,G,human,keep,P51649-2,ALDH5A1,False,,,False,False,no_match,,,False,False,False,no_match
acgb4_44,acgb4,FDQALNVDLTEFQTNLVPYPR,FDGALNVDLTEFQTNLVPYPR,GtoQ,3,316,G,Q,human,keep,F5H5D3,TUBA1C,True,,,False,False,no_match,,,False,False,False,no_match
acgb4_46,acgb4,DLTTGYDSSQPNK,DVTTGYDSSQPNK,VtoL,2,531,V,L,human,keep,Q6PCE3,PGM2L1,False,,,False,True,no_match,,,False,True,False,no_match
acgb4_48,acgb4,TGTAEMNSILEER,TGTAEMSSILEER,StoN,7,52,S,N,human,keep,P25705,ATP5A1,False,,,,,gene_not_in_bed,,,False,False,False,gene_not_in_bed
acgb4_51,acgb4,TTWGIIEVENLNHCEFALLR,TPWGIIEVENLNHCEFALLR,PtoT,2,283,P,T,human,keep,Q9UH03,SEPT3,False,,,,,gene_not_in_bed,,,False,False,False,gene_not_in_bed
acgb4_52,acgb4,GFEVVYGTEPIDEYCVQQLK,GFEVVYMTEPIDEYCVQQLK,MtoG,7,513,M,G,human,keep,P08238,HSP90AB1,True,,,False,False,no_match,,,False,False,False,no_match
acgb4_54,acgb4,GVDAQTTLSK,GVDAQGTLSK,GtoT,6,282,G,T,human,keep,P02686,MBP,False,,,False,False,no_match,,,False,False,False,no_match
acgb4_56,acgb4,LEIWDTAGQER,FEIWDTAGQER,FtoL,1,94,F,L,human,keep,P61018-2,RAB4B,True,,,False,True,no_match,,,False,True,False,no_match
acgb4_57,acgb4,NRDVEMGMSVIEENEMK,NRDVEMGNSVIEENEMK,NtoM,8,511,N,M,human,keep,P43003,SLC1A3,False,,,False,False,no_match,,,False,False,False,no_match
acgb4_60,acgb4,FSWGQEGQR,FSWGAEGQR,AtoQ,5,252,A,Q,human,keep,P02686,MBP,False,,,False,False,no_match,,,False,False,False,no_match
acgb4_62,acgb4,QLAEEDAAQQR,QLAEEDLAQQR,LtoA,7,1961,L,A,human,keep,Q15149,PLEC,False,,,False,False,no_match,,,False,False,False,no_match
acgb4_63,acgb4,HNDVIPSMAQGVIEYK,HNDVIPTMAQGVIEYK,TtoS,7,175,T,S,human,keep,Q15118-2,PDK1,False,,,False,True,no_match,,,False,True,False,no_match
acgb4_64,acgb4,WGMAGAEYVVESTGVFTTMEK,WGDAGAEYVVESTGVFTTMEK,DtoM,3,89,D,M,human,keep,P04406,GAPDH,False,,,False,False,no_match,,,False,False,False,no_match
acgb4_65,acgb4,TIGGGDDSFMTFFSETGAGK,TIGGGDDSFNTFFSETGAGK,NtoM,10,15,N,M,human,keep,F8VXZ7,TUBA1A,True,,,False,False,no_match,,,False,False,False,no_match
acgb4_67,acgb4,VGEQAQVVIIDMMDPSNPIR,VGEQAQVVIIDMNDPSNPIR,NtoM,13,56,N,M,human,keep,A0A087WVQ6,CLTC,False,,,False,False,no_match,,,False,False,False,no_match
acgb4_70,acgb4,MNSPIPILPLPTPDAETEK,MESPIPILPLPTPDAETEK,EtoN,2,335,E,N,human,keep,G3XAH0,SEPT5,False,,,,,gene_not_in_bed,,,False,False,False,gene_not_in_bed
acgb4_71,acgb4,GVDAQGTSSK,GVDAQGTLSK,LtoS,8,284,L,S,human,keep,P02686,MBP,False,,,False,True,no_match,,,False,True,False,no_match
acgb4_73,acgb4,VAPEEHPVLLDEAPLNPK,VAPEEHPVLLTEAPLNPK,TtoD,11,106,T,D,human,keep,P63261,ACTG1,True,,,False,False,no_match,,,False,False,False,no_match
acgb4_74,acgb4,HLGGITWTYAEDAVPTLTPCR,HLGGIPWTYAEDAVPTLTPCR,PtoT,6,254,P,T,human,keep,P31930,UQCRC1,False,,,False,True,no_match,,,False,True,False,no_match
acgb4_77,acgb4,DSYVQDEAQSK,DSYVGDEAQSK,GtoQ,5,57,G,Q,human,keep,P68133,ACTA1,True,,,False,False,no_match,,,False,False,False,no_match
acgb4_78,acgb4,TTGIVMMSGDGVTHTVPIYEGYALPHAILR,TTGIVMDSGDGVTHTVPIYEGYALPHAILR,DtoM,7,154,D,M,human,keep,P63261,ACTG1,True,,,False,False,no_match,,,False,False,False,no_match
acgb4_79,acgb4,YPGAWLAWCQEEHK,YPGAELAWCQEEHK,EtoW,5,938,E,W,human,keep,Q9ULD0,OGDHL,False,,,False,False,no_match,,,False,False,False,no_match
acgb4_80,acgb4,NLIPFMQMTIEDLNEAFPETK,NLIPFDQMTIEDLNEAFPETK,DtoM,6,129,D,M,human,keep,O75947,ATP5H,False,,,,,gene_not_in_bed,,,False,False,False,gene_not_in_bed
acgb4_82,acgb4,GYFIQPTVFGDVQMGMTIAK,GYFIQPTVFGDVQDGMTIAK,DtoM,14,408,D,M,human,keep,P05091,ALDH2,False,,,False,False,no_match,,,False,False,False,no_match
acgb4_83,acgb4,VGAHAGEDGAEALER,VGAHAGEYGAEALER,YtoD,8,25,Y,D,human,keep,P69905,HBA1,False,,,False,False,no_match,,,False,False,False,no_match
acgb4_84,acgb4,VGANAGEYGAEALER,VGAHAGEYGAEALER,HtoN,4,21,H,N,human,keep,P69905,HBA1,False,,,False,False,no_match,,,False,False,False,no_match
acgb4_85,acgb4,ATSWFDTGLSEMR,APSWFDTGLSEMR,PtoT,2,58,P,T,human,keep,P02511,CRYAB,False,,,False,True,no_match,,,False,True,False,no_match
acgb4_87,acgb4,VGAHSGEYGAEALER,VGAHAGEYGAEALER,AtoS,5,22,A,S,human,keep,P69905,HBA1,False,,,False,True,no_match,,,False,True,False,no_match
acgb4_89,acgb4,TLNEADCATLPPAIR,TLNEADCATVPPAIR,VtoL,10,657,V,L,human,keep,P31040,SDHA,False,,,False,True,no_match,,,False,True,False,no_match
acgb4_90,acgb4,DDDIAALPVDNGSGMCK,DDDIAALVVDNGSGMCK,VtoP,8,9,V,P,human,keep,P60709,ACTB,False,,,False,False,no_match,,,False,False,False,no_match
acgb4_91,acgb4,DDDIAALVVDNGSGDCK,DDDIAALVVDNGSGMCK,MtoD,15,16,M,D,human,keep,P60709,ACTB,False,,,False,False,no_match,,,False,False,False,no_match
acgb5_4,acgb5,DFTPVGTTELGR,DFTPVCTTELGR,CtoG,6,47,C,G,human,keep,P30041,PRDX6,False,,,False,False,no_match,,,False,False,False,no_match
acgb5_5,acgb5,NQSQLSADDLK,NQWQLSADDLK,WtoS,3,167,W,S,human,keep,P09543,CNP,False,,,False,True,no_match,,,False,True,False,no_match
acgb5_6,acgb5,LRDEQLNSPYSCQAEGPCLTR,LRDEQLNAPYSCQAEGPCLTR,AtoS,8,39,A,S,human,keep,A2RTX5,TARSL2,False,,,,,gene_not_in_bed,,,False,False,False,gene_not_in_bed
acgb5_9,acgb5,GFVPMMQVEGVFYVNDALEK,GFVPNMQVEGVFYVNDALEK,NtoM,5,29,N,M,human,keep,Q9Y3I0,RTCB,False,,,False,False,no_match,,,False,False,False,no_match
acgb5_10,acgb5,EAESCDCLQGFQLTHSLGGGTGNGMGTLLLSK,EAESCDCLQGFQLTHSLGGGTGSGMGTLLLSK,StoN,23,145,S,N,human,keep,Q3ZCM7,TUBB8,False,,,False,True,no_match,,,False,True,False,no_match
acgb5_11,acgb5,VVAQVANALAHK,VVAGVANALAHK,GtoQ,4,137,G,Q,human,keep,P68871,HBB,True,,,False,False,no_match,,,False,False,False,no_match
acgb5_13,acgb5,MYGVLTWNAFPGK,MYGVLPWNAFPGK,PtoT,6,211,P,T,human,keep,P60201,PLP1,False,,,False,False,no_match,,,False,False,False,no_match
acgb5_14,acgb5,MYQVLPWNAFPGK,MYGVLPWNAFPGK,GtoQ,3,208,G,Q,human,keep,P60201,PLP1,False,,,False,False,no_match,,,False,False,False,no_match
acgb5_16,acgb5,VCGSGLLSICK,VCGSNLLSICK,NtoG,5,223,N,G,human,keep,P60201,PLP1,False,,,False,False,no_match,,,False,False,False,no_match
acgb5_19,acgb5,IISNAGCTTNCLAPLAK,IISNASCTTNCLAPLAK,StoG,6,151,S,G,human,keep,P04406,GAPDH,False,,,False,True,no_match,,,False,True,False,no_match
acgb5_22,acgb5,EITALSPSTMK,EITALAPSTMK,AtoS,6,323,A,S,human,keep,P68133,ACTA1,True,,,False,True,no_match,,,False,True,False,no_match
acgb5_25,acgb5,LAAENGWGVMVSHR,LAQENGWGVMVSHR,QtoA,3,361,Q,A,human,keep,P09104,ENO2,False,,,False,False,no_match,,,False,False,False,no_match
acgb5_26,acgb5,STMMNPTTTQYASLMHSFILK,STMDNPTTTQYASLMHSFILK,DtoM,4,35,D,M,human,keep,Q9NP97,DYNLRB1,False,,,False,False,no_match,,,False,False,False,no_match
acgb5_27,acgb5,DLYANTVLSGGTQMYPGIADR,DLYANTVLSGGTTMYPGIADR,TtoQ,13,304,T,Q,human,keep,P63261,ACTG1,True,,,False,False,no_match,,,False,False,False,no_match
acgb5_29,acgb5,DVTNDVHYENYR,DVTCDVHYENYR,CtoN,4,302,C,N,human,keep,Q16181,SEPT7,True,,,,,gene_not_in_bed,,,False,False,False,gene_not_in_bed
acgb5_30,acgb5,MSATFIQNSTAIQELFK,MSATFIGNSTAIQELFK,GtoQ,7,369,G,Q,human,keep,Q9BVA1,TUBB2B,True,,,False,False,no_match,,,False,False,False,no_match
acgb5_31,acgb5,TIQFVDSCPTGFK,TIQFVDWCPTGFK,WtoS,7,416,W,S,human,keep,F5H5D3,TUBA1C,True,,,False,False,no_match,,,False,False,False,no_match
acgb5_32,acgb5,EDAANNDAR,EDAANNYAR,YtoD,7,173,Y,D,human,keep,F5H5D3,TUBA1C,True,,,False,False,no_match,,,False,False,False,no_match
acgb5_33,acgb5,AGGVFLEELGNHK,AGQVFLEELGNHK,QtoG,3,207,Q,G,human,keep,P09543,CNP,False,,,False,False,no_match,,,False,False,False,no_match
acgb5_39,acgb5,SIQFVDSCPTGFK,SIQFVDWCPTGFK,WtoS,7,346,W,S,human,keep,P68363,TUBA1B,True,,,False,True,no_match,,,False,True,False,no_match
acgb5_40,acgb5,GLTSIVNEK,GLTSIQNEK,QtoV,6,92,Q,V,human,keep,Q7Z3T8,ZFYVE16,False,,,False,False,no_match,,,False,False,False,no_match
acgb5_41,acgb5,VLEAFSDGLAHLDNLK,VLGAFSDGLAHLDNLK,GtoE,3,70,G,E,human,keep,P68871,HBB,True,,,False,True,no_match,,,False,True,False,no_match
acgb5_42,acgb5,TSIAVDTIINQK,TSIAIDTIINQK,ItoV,5,223,I,V,human,keep,P25705,ATP5A1,False,,,,,gene_not_in_bed,,,False,False,False,gene_not_in_bed
acgb5_44,acgb5,FFESFQDLSTPDAVMGNPK,FFESFGDLSTPDAVMGNPK,GtoQ,6,47,G,Q,human,keep,P68871,HBB,False,,,False,False,no_match,,,False,False,False,no_match
acgb5_46,acgb5,NTGQGCVCSNQFLVQR,NTGQTCVCSNQFLVQR,TtoG,5,352,T,G,human,keep,P51649-2,ALDH5A1,False,,,False,False,no_match,,,False,False,False,no_match
acgb5_48,acgb5,GVQDIVVGEGTHFLITWVQK,GVQDIVVGEGTHFLIPWVQK,PtoT,16,59,P,T,human,keep,P35232,PHB,False,,,,,gene_not_in_bed,,,False,False,False,gene_not_in_bed
acgb5_52,acgb5,TGTAEMNSILEER,TGTAEMSSILEER,StoN,7,52,S,N,human,keep,P25705,ATP5A1,False,,,,,gene_not_in_bed,,,False,False,False,gene_not_in_bed
acgb5_53,acgb5,GFEVVYGTEPIDEYCVQQLK,GFEVVYMTEPIDEYCVQQLK,MtoG,7,513,M,G,human,keep,P08238,HSP90AB1,True,,,False,False,no_match,,,False,False,False,no_match
acgb5_54,acgb5,TQDENPPVHFFK,TQDENPVVHFFK,VtoP,7,220,V,P,human,keep,P02686,MBP,False,,,False,False,no_match,,,False,False,False,no_match
acgb5_57,acgb5,VLGAFSDGLAHLDNVK,VLGAFSDGLAHLDNLK,LtoV,15,82,L,V,human,keep,P68871,HBB,True,,,False,True,no_match,,,False,True,False,no_match
acgb5_58,acgb5,GVDAQTTLSK,GVDAQGTLSK,GtoT,6,282,G,T,human,keep,P02686,MBP,False,,,False,False,no_match,,,False,False,False,no_match
acgb5_61,acgb5,WLTLEANPEVTNQFLK,WLPLEANPEVTNQFLK,PtoT,3,8,P,T,human,keep,P15374,UCHL3,False,,,False,True,no_match,,,False,True,False,no_match
acgb5_62,acgb5,EGVVDGVATVAEK,EGVVHGVATVAEK,HtoD,5,50,H,D,human,keep,P37840,SNCA,False,,,False,False,no_match,,,False,False,False,no_match
acgb5_63,acgb5,AEGAPNQGK,AEGTPNQGK,TtoA,4,583,T,A,human,keep,Q9P2E9,RRBP1,False,,,False,True,no_match,,,False,True,False,no_match
acgb5_67,acgb5,VLNNMNIGTSLFDEEGAK,VLNNMEIGTSLFDEEGAK,EtoN,6,252,E,N,human,keep,P00558,PGK1,False,,,False,False,no_match,,,False,False,False,no_match
acgb5_68,acgb5,GFIGPGIDVPAPDDSTGER,GFIGPGIDVPAPDMSTGER,MtoD,14,226,M,D,human,keep,P00367,GLUD1,False,,,False,False,no_match,,,False,False,False,no_match
acgb5_69,acgb5,NRPTSISDDGLDSGK,NRPTSISWDGLDSGK,WtoD,8,55,W,D,human,keep,P30086,PEBP1,False,,,False,False,no_match,,,False,False,False,no_match
acgb5_70,acgb5,QTAASAGLVDAAAPAPAAAR,QTAASAGLVDAPAPAPAAAR,PtoA,12,103,P,A,human,keep,A0A087WW96,SYN2,False,,,False,True,no_match,,,False,True,False,no_match
acgb5_75,acgb5,VDNSSLTGESEPQDR,VDNSSLTGESEPQTR,TtoD,14,234,T,D,human,keep,Q13733,ATP1A4,True,,,False,False,no_match,,,False,False,False,no_match
acgb5_76,acgb5,DYEFMWNTHLGYILTCPSNLGTGLR,DYEFMWNPHLGYILTCPSNLGTGLR,PtoT,8,26,P,T,human,keep,H0YJK0,CKB,False,,,False,True,no_match,,,False,True,False,no_match
acgb5_77,acgb5,GVDAQGTSSK,GVDAQGTLSK,LtoS,8,284,L,S,human,keep,P02686,MBP,False,,,False,True,no_match,,,False,True,False,no_match
acgb5_78,acgb5,ALTVPELDQQMFDAK,ALTVPELTQQMFDAK,TtoD,8,637,T,D,human,keep,A0A0B4J269,TUBB3,True,,,False,False,no_match,,,False,False,False,no_match
acgb5_80,acgb5,TSASIGSLCGDAR,TSASIGSLCADAR,AtoG,10,202,A,G,human,keep,P60201,PLP1,False,,,False,True,no_match,,,False,True,False,no_match
acgb5_81,acgb5,VAPEEHPPLLTEAPLNPK,VAPEEHPVLLTEAPLNPK,VtoP,8,105,V,P,human,keep,P68133,ACTA1,True,,,False,False,no_match,,,False,False,False,no_match
acgb5_83,acgb5,DIGAIAQPHAENGDIIAEEQQR,DIGAIAQVHAENGDIIAEEQQR,VtoP,8,197,V,P,human,keep,Q16555,DPYSL2,False,,,False,False,no_match,,,False,False,False,no_match
acgb5_84,acgb5,TTTTGWTLDQCIQTGVDNPGHPFIK,TTPTGWTLDQCIQTGVDNPGHPFIK,PtoT,3,81,P,T,human,keep,C9JJX8,CKMT1B,True,,,False,False,no_match,,,False,False,False,no_match
acgb5_86,acgb5,AMGIMNSPVNDIFER,AMGIMNSFVNDIFER,FtoP,8,66,F,P,human,keep,U3KQK0,HIST1H2BN,True,,,,,gene_not_in_bed,,,False,False,False,gene_not_in_bed
acgb5_90,acgb5,VAPEEHPVLLTEAQLNPK,VAPEEHPVLLTEAPLNPK,PtoQ,14,109,P,Q,human,keep,P63261,ACTG1,True,,,False,True,no_match,,,False,True,False,no_match
acgb5_92,acgb5,LLEGEEDR,LLEGEEER,EtoD,7,385,E,D,human,keep,P02545,LMNA,True,,,False,True,no_match,,,False,True,False,no_match
acgb5_93,acgb5,EPFSLFDK,EAFSLFDK,AtoP,2,63,A,P,human,keep,E7EMB3,CALM2,True,,,False,True,no_match,,,False,True,False,no_match
acgb5_97,acgb5,EEIPEEELDEDVEEIDHAER,EEIPEEELAEDVEEIDHAER,AtoD,9,1110,A,D,human,keep,Q01814,ATP2B2,True,,,False,True,no_match,,,False,True,False,no_match
acgb5_98,acgb5,EYQLNDSAAYYLNDVER,EYQLNDSAAYYLNDLER,LtoV,15,160,L,V,human,keep,P04899-4,GNAI2,False,,,False,True,no_match,,,False,True,False,no_match
acgb5_99,acgb5,ELDQWLEQLNECK,ELDQWVEQLNECK,VtoL,6,14,V,L,human,keep,P67775,PPP2CA,True,,,False,True,no_match,,,False,True,False,no_match
acgb5_103,acgb5,ATSWFDTGLSEMR,APSWFDTGLSEMR,PtoT,2,58,P,T,human,keep,P02511,CRYAB,False,,,False,True,no_match,,,False,True,False,no_match
acgb5_104,acgb5,AMGRMNSFVNDIFER,AMGIMNSFVNDIFER,ItoR,4,62,I,R,human,keep,U3KQK0,HIST1H2BN,True,,,,,gene_not_in_bed,,,False,False,False,gene_not_in_bed
acgb5_105,acgb5,NHLDQNPQLQWNATEPSR,NHLDQNPQLQWNTTEPSR,TtoA,13,868,T,A,human,keep,O75899,GABBR2,False,,,False,True,no_match,,,False,True,False,no_match
acgb5_106,acgb5,LLTQDEGPALVPSGR,LLTQDEGPALVPGGR,GtoS,13,210,G,S,human,keep,Q5T440,IBA57,False,,,False,True,no_match,,,False,True,False,no_match
acgb5_107,acgb5,ELINNELSHFLEEVK,ELINNELSHFLEEIK,ItoV,14,48,I,V,human,keep,P04271,S100B,False,,,False,True,no_match,,,False,True,False,no_match
acgb5_108,acgb5,VGAHAGEYGAEASER,VGAHAGEYGAEALER,LtoS,13,30,L,S,human,keep,P69905,HBA1,False,,,False,False,no_match,,,False,False,False,no_match
acgb5_109,acgb5,MDENQFVSVTSTNAAK,MDENQFVAVTSTNAAK,AtoS,8,496,A,S,human,keep,Q14194-2,CRMP1,True,,,False,True,no_match,,,False,True,False,no_match
acgb5_110,acgb5,EPLQDVEDENQ,EALQDVEDENQ,AtoP,2,29,A,P,human,keep,I3L0W5,YWHAE,False,,,False,False,no_match,,,False,False,False,no_match
acgb5_111,acgb5,VGANAGEYGAEALER,VGAHAGEYGAEALER,HtoN,4,21,H,N,human,keep,P69905,HBA1,False,,,False,False,no_match,,,False,False,False,no_match
acgb5_112,acgb5,QLQSLDCDLESLR,QLQSLTCDLESLR,TtoD,6,293,T,D,human,keep,P14136-2,GFAP,False,,,False,False,no_match,,,False,False,False,no_match
acgb5_113,acgb5,ETPAATEAPSSDPK,ETPAATEAPSSTPK,TtoD,12,196,T,D,human,keep,P80723,BASP1,False,,,False,False,no_match,,,False,False,False,no_match
acgb5_114,acgb5,DDDIAALVVDNGSGFCK,DDDIAALVVDNGSGMCK,MtoF,15,16,M,F,human,keep,P60709,ACTB,False,,,False,False,no_match,,,False,False,False,no_match
acgb5_115,acgb5,DDDIAALVVMNGSGMCK,DDDIAALVVDNGSGMCK,DtoM,10,11,D,M,human,keep,P60709,ACTB,False,,,False,False,no_match,,,False,False,False,no_match
acgb5_116,acgb5,DDDIAALVVDNGSGDCK,DDDIAALVVDNGSGMCK,MtoD,15,16,M,D,human,keep,P60709,ACTB,False,,,False,False,no_match,,,False,False,False,no_match
acgb5_117,acgb5,SSSYDEASLAPEETTMSFWEVGNYK,SSSYDEASLAPEETTDSFWEVGNYK,DtoM,16,17,D,M,human,keep,Q9BY11,PACSIN1,False,,,False,False,no_match,,,False,False,False,no_match
