Tissue1	Tissue2	meandiff	p_pair	lower	upper	reject	aa_sub	Pairwise_FDR	pair	signed_stat
Aorta	Brain	-1.3563	0.0	-1.6205	-1.0922	True	P to T	0.0	Aorta vs Brain	-inf
Aorta	Heart	0.1539	0.3129	-0.0557	0.3635	False	P to T	0.4609551219512195	Aorta vs Heart	0.0
Aorta	Kidney	-0.2992	0.0	-0.4482	-0.1502	True	P to T	0.0	Aorta vs Kidney	-inf
Aorta	Liver	-1.6969	0.0	-1.9873	-1.4066	True	P to T	0.0	Aorta vs Liver	-inf
Aorta	Muscle	0.3581	0.0	0.1563	0.5598	True	P to T	0.0	Aorta vs Muscle	inf
Aorta	Skin	-0.552	0.0	-0.7061	-0.3979	True	P to T	0.0	Aorta vs Skin	-inf
Brain	Heart	1.5102	0.0	1.2095	1.811	True	P to T	0.0	Brain vs Heart	inf
Brain	Kidney	1.0571	0.0	0.795	1.3193	True	P to T	0.0	Brain vs Kidney	inf
Brain	Liver	-0.3406	0.0802	-0.7023	0.0211	False	P to T	0.14859141104294477	Brain vs Liver	0.0
Brain	Muscle	1.7144	0.0	1.4191	2.0097	True	P to T	0.0	Brain vs Muscle	inf
Brain	Skin	0.8043	0.0	0.5392	1.0694	True	P to T	0.0	Brain vs Skin	inf
Heart	Kidney	-0.4531	0.0	-0.6601	-0.246	True	P to T	0.0	Heart vs Kidney	-inf
Heart	Liver	-1.8508	0.0	-2.1748	-1.5268	True	P to T	0.0	Heart vs Liver	-inf
Heart	Muscle	0.2042	0.185	-0.0436	0.4519	False	P to T	0.2987700534759358	Heart vs Muscle	0.0
Heart	Skin	-0.7059	0.0	-0.9167	-0.4952	True	P to T	0.0	Heart vs Skin	-inf
Kidney	Liver	-1.3978	0.0	-1.6863	-1.1092	True	P to T	0.0	Kidney vs Liver	-inf
Kidney	Muscle	0.6573	0.0	0.4582	0.8564	True	P to T	0.0	Kidney vs Muscle	inf
Kidney	Skin	-0.2528	0.0	-0.4035	-0.1022	True	P to T	0.0	Kidney vs Skin	-inf
Liver	Muscle	2.055	0.0	1.736	2.374	True	P to T	0.0	Liver vs Muscle	inf
Liver	Skin	1.1449	0.0	0.8537	1.4361	True	P to T	0.0	Liver vs Skin	inf
Muscle	Skin	-0.9101	0.0	-1.113	-0.7072	True	P to T	0.0	Muscle vs Skin	-inf
Aorta	Brain	-0.6703	0.0	-1.0818	-0.2588	True	W to D	0.0	Aorta vs Brain	-inf
Aorta	Heart	0.9474	0.0	0.7055	1.1893	True	W to D	0.0	Aorta vs Heart	inf
Aorta	Kidney	0.1822	0.3717	-0.078	0.4425	False	W to D	0.5270112676056338	Aorta vs Kidney	0.0
Aorta	Liver	-1.4735	0.0	-2.0496	-0.8973	True	W to D	0.0	Aorta vs Liver	-inf
Aorta	Muscle	0.685	0.0	0.4183	0.9517	True	W to D	0.0	Aorta vs Muscle	inf
Aorta	Skin	-1.1948	0.0	-1.7055	-0.6841	True	W to D	0.0	Aorta vs Skin	-inf
Brain	Heart	1.6177	0.0	1.253	1.9824	True	W to D	0.0	Brain vs Heart	inf
Brain	Kidney	0.8525	0.0	0.4754	1.2297	True	W to D	0.0	Brain vs Kidney	inf
Brain	Liver	-0.8032	0.0039	-1.4407	-0.1656	True	W to D	0.009274015748031496	Brain vs Liver	-2.032732170972307
Brain	Muscle	1.3553	0.0	0.9736	1.7369	True	W to D	0.0	Brain vs Muscle	inf
Brain	Skin	-0.5245	0.1054	-1.1036	0.0546	False	W to D	0.18523837209302324	Brain vs Skin	0.0
Heart	Kidney	-0.7651	0.0	-0.9424	-0.5879	True	W to D	0.0	Heart vs Kidney	-inf
Heart	Liver	-2.4208	0.0	-2.9646	-1.8771	True	W to D	0.0	Heart vs Liver	-inf
Heart	Muscle	-0.2624	0.0007	-0.449	-0.0759	True	W to D	0.001870796460176991	Heart vs Muscle	-2.7279734605120125
Heart	Skin	-2.1422	0.0	-2.616	-1.6684	True	W to D	0.0	Heart vs Skin	-inf
Kidney	Liver	-1.6557	0.0	-2.2078	-1.1036	True	W to D	0.0	Kidney vs Liver	-inf
Kidney	Muscle	0.5027	0.0	0.2929	0.7126	True	W to D	0.0	Kidney vs Muscle	inf
Kidney	Skin	-1.377	0.0	-1.8605	-0.8936	True	W to D	0.0	Kidney vs Skin	-inf
Liver	Muscle	2.1584	0.0	1.6032	2.7136	True	W to D	0.0	Liver vs Muscle	inf
Liver	Skin	0.2787	0.9061	-0.427	0.9843	False	W to D	1.0	Liver vs Skin	0.0
Muscle	Skin	-1.8798	0.0	-2.3667	-1.3928	True	W to D	0.0	Muscle vs Skin	-inf
Aorta	Brain	3.7362	0.0	2.297	5.1753	True	E to D	0.0	Aorta vs Brain	inf
Aorta	Heart	0.7354	0.3105	-0.2822	1.753	False	E to D	0.4609551219512195	Aorta vs Heart	0.0
Aorta	Kidney	0.981	0.1359	-0.1568	2.1188	False	E to D	0.23187457627118643	Aorta vs Kidney	0.0
Aorta	Liver	1.771	0.0067	0.3318	3.2102	True	E to D	0.014988148148148148	Aorta vs Liver	0.0
Aorta	Muscle	0.4336	0.9686	-1.0055	1.8728	False	E to D	1.0	Aorta vs Muscle	0.0
Aorta	Skin	-0.1296	0.9993	-0.9897	0.7305	False	E to D	1.0	Aorta vs Skin	0.0
Brain	Heart	-3.0008	0.0	-4.4399	-1.5616	True	E to D	0.0	Brain vs Heart	-inf
Brain	Kidney	-2.7552	0.0	-4.2816	-1.2287	True	E to D	0.0	Brain vs Kidney	-inf
Brain	Liver	-1.9652	0.0193	-3.7278	-0.2026	True	E to D	0.039650340136054424	Brain vs Liver	0.0
Brain	Muscle	-3.3026	0.0	-5.0652	-1.5399	True	E to D	0.0	Brain vs Muscle	-inf
Brain	Skin	-3.8658	0.0	-5.1982	-2.5333	True	E to D	0.0	Brain vs Skin	-inf
Heart	Kidney	0.2456	0.9944	-0.8922	1.3834	False	E to D	1.0	Heart vs Kidney	0.0
Heart	Liver	1.0356	0.3155	-0.4036	2.4748	False	E to D	0.4625291262135922	Heart vs Liver	0.0
Heart	Muscle	-0.3018	0.9952	-1.7409	1.1374	False	E to D	1.0	Heart vs Muscle	0.0
Heart	Skin	-0.865	0.0478	-1.725	-0.0049	True	E to D	0.09253589743589745	Heart vs Skin	0.0
Kidney	Liver	0.79	0.6986	-0.7365	2.3165	False	E to D	0.9114672413793103	Kidney vs Liver	0.0
Kidney	Muscle	-0.5474	0.9286	-2.0739	0.9791	False	E to D	1.0	Kidney vs Muscle	0.0
Kidney	Skin	-1.1106	0.0199	-2.1099	-0.1113	True	E to D	0.040606756756756755	Kidney vs Skin	0.0
Liver	Muscle	-1.3374	0.2558	-3.1	0.4252	False	E to D	0.39583571428571435	Liver vs Muscle	0.0
Liver	Skin	-1.9006	0.001	-3.233	-0.5682	True	E to D	0.002626086956521739	Liver vs Skin	-2.580690897396461
Muscle	Skin	-0.5632	0.8558	-1.8956	0.7692	False	E to D	1.0	Muscle vs Skin	0.0
Aorta	Brain	-3.874	0.0	-5.725	-2.023	True	A to V	0.0	Aorta vs Brain	-inf
Aorta	Heart	-3.2711	0.0	-4.7344	-1.8077	True	A to V	0.0	Aorta vs Heart	-inf
Aorta	Kidney	-4.5478	0.0	-6.3988	-2.6969	True	A to V	0.0	Aorta vs Kidney	-inf
Aorta	Liver	-2.2724	0.0011	-3.8754	-0.6694	True	A to V	0.002815254237288136	Aorta vs Liver	-2.5504823791907496
Aorta	Muscle	-4.0556	0.0	-5.5669	-2.5443	True	A to V	0.0	Aorta vs Muscle	-inf
Aorta	Skin	-3.4804	0.0	-4.9437	-2.0171	True	A to V	0.0	Aorta vs Skin	-inf
Brain	Heart	0.603	0.8672	-0.8604	2.0663	False	A to V	1.0	Brain vs Heart	0.0
Brain	Kidney	-0.6738	0.9217	-2.5248	1.1772	False	A to V	1.0	Brain vs Kidney	0.0
Brain	Liver	1.6016	0.0503	-0.0014	3.2046	False	A to V	0.09675541401273885	Brain vs Liver	0.0
Brain	Muscle	-0.1815	0.9998	-1.6929	1.3298	False	A to V	1.0	Brain vs Muscle	0.0
Brain	Skin	0.3936	0.9817	-1.0697	1.857	False	A to V	1.0	Brain vs Skin	0.0
Heart	Kidney	-1.2768	0.1259	-2.7401	0.1865	False	A to V	0.2172674285714286	Heart vs Kidney	0.0
Heart	Liver	0.9987	0.1189	-0.1348	2.1322	False	A to V	0.20755953757225434	Heart vs Liver	0.0
Heart	Muscle	-0.7845	0.2183	-1.7842	0.2151	False	A to V	0.3488179894179894	Heart vs Muscle	0.0
Heart	Skin	-0.2093	0.9926	-1.1348	0.7161	False	A to V	1.0	Heart vs Skin	0.0
Kidney	Liver	2.2755	0.0011	0.6725	3.8785	True	A to V	0.002815254237288136	Kidney vs Liver	2.5504823791907496
Kidney	Muscle	0.4923	0.953	-1.0191	2.0036	False	A to V	1.0	Kidney vs Muscle	0.0
Kidney	Skin	1.0674	0.2966	-0.3959	2.5308	False	A to V	0.4453752475247525	Kidney vs Skin	0.0
Liver	Muscle	-1.7832	0.0005	-2.978	-0.5884	True	A to V	0.0013853211009174312	Liver vs Muscle	-2.858449550647454
Liver	Skin	-1.208	0.0295	-2.3415	-0.0745	True	A to V	0.058228758169934634	Liver vs Skin	0.0
Muscle	Skin	0.5752	0.5808	-0.4245	1.5748	False	A to V	0.7726942731277533	Muscle vs Skin	0.0
Aorta	Brain	-1.1456	0.0926	-2.3994	0.1082	False	S to G	0.16846506024096386	Aorta vs Brain	0.0
Aorta	Heart	0.5454	0.8211	-0.7084	1.7992	False	S to G	1.0	Aorta vs Heart	0.0
Aorta	Kidney	0.7487	0.2469	-0.2425	1.7399	False	S to G	0.38481649484536085	Aorta vs Kidney	0.0
Aorta	Liver	1.1329	0.0992	-0.1209	2.3867	False	S to G	0.1792458823529412	Aorta vs Liver	0.0
Aorta	Muscle	-2.0955	0.0001	-3.3493	-0.8418	True	S to G	0.00029607843137254903	Aorta vs Muscle	-3.528593228804767
Aorta	Skin	0.0534	1.0	-0.9379	1.0446	False	S to G	1.0	Aorta vs Skin	0.0
Brain	Heart	1.691	0.0229	0.1554	3.2265	True	S to G	0.045498684210526316	Brain vs Heart	0.0
Brain	Kidney	1.8943	0.0014	0.5644	3.2241	True	S to G	0.003494214876033058	Brain vs Kidney	2.4566503916810616
Brain	Liver	2.2784	0.0008	0.7429	3.814	True	S to G	0.002119298245614035	Brain vs Liver	2.6738079213873784
Brain	Muscle	-0.95	0.4758	-2.4855	0.5856	False	S to G	0.6591357798165137	Brain vs Muscle	0.0
Brain	Skin	1.1989	0.1005	-0.1309	2.5288	False	S to G	0.1792458823529412	Brain vs Skin	0.0
Heart	Kidney	0.2033	0.999	-1.1265	1.5332	False	S to G	1.0	Heart vs Kidney	0.0
Heart	Liver	0.5875	0.8927	-0.9481	2.123	False	S to G	1.0	Heart vs Liver	0.0
Heart	Muscle	-2.6409	0.0001	-4.1765	-1.1054	True	S to G	0.00029607843137254903	Heart vs Muscle	-3.528593228804767
Heart	Skin	-0.492	0.9069	-1.8219	0.8378	False	S to G	1.0	Heart vs Skin	0.0
Kidney	Liver	0.3841	0.9703	-0.9457	1.714	False	S to G	1.0	Kidney vs Liver	0.0
Kidney	Muscle	-2.8443	0.0	-4.1741	-1.5144	True	S to G	0.0	Kidney vs Muscle	-inf
Kidney	Skin	-0.6954	0.4344	-1.7812	0.3905	False	S to G	0.6101804651162791	Kidney vs Skin	0.0
Liver	Muscle	-3.2284	0.0	-4.764	-1.6928	True	S to G	0.0	Liver vs Muscle	-inf
Liver	Skin	-1.0795	0.1784	-2.4094	0.2503	False	S to G	0.29280869565217393	Liver vs Skin	0.0
Muscle	Skin	2.1489	0.0002	0.819	3.4787	True	S to G	0.0005752380952380952	Muscle vs Skin	3.240152360448806
Aorta	Brain	-0.9267	0.1591	-2.023	0.1696	False	A to S	0.26596022099447514	Aorta vs Brain	0.0
Aorta	Heart	-0.2729	0.7062	-0.7922	0.2463	False	A to S	0.9153321888412017	Aorta vs Heart	0.0
Aorta	Kidney	-0.0518	1.0	-0.675	0.5713	False	A to S	1.0	Aorta vs Kidney	0.0
Aorta	Liver	0.1422	1.0	-1.3474	1.6318	False	A to S	1.0	Aorta vs Liver	0.0
Aorta	Muscle	-0.8154	0.0036	-1.4564	-0.1744	True	A to S	0.008628571428571428	Aorta vs Muscle	-2.064061101393125
Aorta	Skin	-0.0966	0.9997	-0.8204	0.6272	False	A to S	1.0	Aorta vs Skin	0.0
Brain	Heart	0.6538	0.5144	-0.3958	1.7034	False	A to S	0.7029357466063348	Brain vs Heart	0.0
Brain	Kidney	0.8749	0.2228	-0.2298	1.9796	False	A to S	0.3541347368421053	Brain vs Kidney	0.0
Brain	Liver	1.0689	0.5362	-0.6778	2.8156	False	A to S	0.7261542600896861	Brain vs Liver	0.0
Brain	Muscle	0.1113	0.9999	-1.0036	1.2262	False	A to S	1.0	Brain vs Muscle	0.0
Brain	Skin	0.8301	0.3446	-0.3343	1.9946	False	A to S	0.4979387559808613	Brain vs Skin	0.0
Heart	Kidney	0.2211	0.8841	-0.3157	0.7579	False	A to S	1.0	Heart vs Kidney	0.0
Heart	Liver	0.4151	0.9795	-1.0404	1.8707	False	A to S	1.0	Heart vs Liver	0.0
Heart	Muscle	-0.5425	0.0623	-1.0999	0.0149	False	A to S	0.1183308176100629	Heart vs Muscle	0.0
Heart	Skin	0.1763	0.9843	-0.4746	0.8273	False	A to S	1.0	Heart vs Skin	0.0
Kidney	Liver	0.194	0.9997	-1.3017	1.6898	False	A to S	1.0	Kidney vs Liver	0.0
Kidney	Muscle	-0.7636	0.0111	-1.4189	-0.1083	True	A to S	0.023774468085106384	Kidney vs Muscle	0.0
Kidney	Skin	-0.0448	1.0	-0.7812	0.6917	False	A to S	1.0	Kidney vs Skin	0.0
Liver	Muscle	-0.9576	0.4864	-2.4609	0.5457	False	A to S	0.6707433789954338	Liver vs Muscle	0.0
Liver	Skin	-0.2388	0.9993	-1.7792	1.3016	False	A to S	1.0	Liver vs Skin	0.0
Muscle	Skin	0.7188	0.0712	-0.0328	1.4705	False	A to S	0.13273086419753088	Muscle vs Skin	0.0
Aorta	Brain	-0.5691	0.9307	-2.1668	1.0286	False	G to D	1.0	Aorta vs Brain	0.0
Aorta	Heart	-0.4175	0.9905	-2.1677	1.3327	False	G to D	1.0	Aorta vs Heart	0.0
Aorta	Kidney	0.1839	1.0	-1.9597	2.3274	False	G to D	1.0	Aorta vs Kidney	0.0
Aorta	Liver	-0.566	0.9838	-2.7096	1.5776	False	G to D	1.0	Aorta vs Liver	0.0
Aorta	Muscle	1.11	0.2569	-0.3544	2.5743	False	G to D	0.39583571428571435	Aorta vs Muscle	0.0
Aorta	Skin	0.4601	0.9674	-1.0556	1.9758	False	G to D	1.0	Aorta vs Skin	0.0
Brain	Heart	0.1516	0.9999	-1.4462	1.7493	False	G to D	1.0	Brain vs Heart	0.0
Brain	Kidney	0.753	0.9153	-1.268	2.7739	False	G to D	1.0	Brain vs Kidney	0.0
Brain	Liver	0.0031	1.0	-2.0179	2.0241	False	G to D	1.0	Brain vs Liver	0.0
Brain	Muscle	1.6791	0.003	0.4009	2.9572	True	G to D	0.007365853658536585	Brain vs Muscle	2.132776913762585
Brain	Skin	1.0292	0.2402	-0.3075	2.3659	False	G to D	0.379792670157068	Brain vs Skin	0.0
Heart	Kidney	0.6014	0.978	-1.5422	2.745	False	G to D	1.0	Heart vs Kidney	0.0
Heart	Liver	-0.1485	1.0	-2.292	1.9951	False	G to D	1.0	Heart vs Liver	0.0
Heart	Muscle	1.5275	0.0354	0.0632	2.9918	True	G to D	0.06897290322580646	Heart vs Muscle	0.0
Heart	Skin	0.8776	0.5781	-0.6381	2.3934	False	G to D	0.7725053097345131	Heart vs Skin	0.0
Kidney	Liver	-0.7499	0.9677	-3.225	1.7253	False	G to D	1.0	Kidney vs Liver	0.0
Kidney	Muscle	0.9261	0.7614	-0.9912	2.8434	False	G to D	0.97848	Kidney vs Muscle	0.0
Kidney	Skin	0.2762	0.9995	-1.6806	2.233	False	G to D	1.0	Kidney vs Skin	0.0
Liver	Muscle	1.676	0.1255	-0.2413	3.5932	False	G to D	0.2172674285714286	Liver vs Muscle	0.0
Liver	Skin	1.0261	0.6856	-0.9307	2.9829	False	G to D	0.9002226086956522	Liver vs Skin	0.0
Muscle	Skin	-0.6499	0.6289	-1.8239	0.5242	False	G to D	0.829774672489083	Muscle vs Skin	0.0
Aorta	Brain	-3.9368	0.0	-5.7784	-2.0952	True	S to N	0.0	Aorta vs Brain	-inf
Aorta	Heart	-2.3466	0.0001	-3.7193	-0.9739	True	S to N	0.00029607843137254903	Aorta vs Heart	-3.528593228804767
Aorta	Liver	-0.448	0.9249	-1.8207	0.9246	False	S to N	1.0	Aorta vs Liver	0.0
Aorta	Muscle	-1.993	0.0035	-3.4967	-0.4894	True	S to N	0.008456	Aorta vs Muscle	-2.07283502570063
Aorta	Skin	-1.0139	0.3555	-2.5176	0.4898	False	S to N	0.5088199052132701	Aorta vs Skin	0.0
Brain	Heart	1.5902	0.09	-0.1461	3.3265	False	S to N	0.16472727272727272	Brain vs Heart	0.0
Brain	Liver	3.4888	0.0	1.7524	5.2251	True	S to N	0.0	Brain vs Liver	inf
Brain	Muscle	1.9438	0.0331	0.1021	3.7854	True	S to N	0.0649103896103896	Brain vs Muscle	0.0
Brain	Skin	2.9229	0.0003	1.0813	4.7646	True	S to N	0.0008547169811320754	Brain vs Skin	3.0681776675879573
Heart	Liver	1.8985	0.0005	0.6708	3.1263	True	S to N	0.0013853211009174312	Heart vs Liver	2.858449550647454
Heart	Muscle	0.3535	0.9719	-1.0191	1.7262	False	S to N	1.0	Heart vs Muscle	0.0
Heart	Skin	1.3327	0.0616	-0.04	2.7054	False	S to N	0.11774177215189874	Heart vs Skin	0.0
Liver	Muscle	-1.545	0.0192	-2.9177	-0.1723	True	S to N	0.039650340136054424	Liver vs Muscle	0.0
Liver	Skin	-0.5658	0.8221	-1.9385	0.8068	False	S to N	1.0	Liver vs Skin	0.0
Muscle	Skin	0.9792	0.3941	-0.5245	2.4829	False	S to N	0.5561598130841122	Muscle vs Skin	0.0
Aorta	Heart	0.7054	0.4925	-0.4813	1.892	False	A to L	0.6760681818181818	Aorta vs Heart	0.0
Aorta	Kidney	0.5844	0.9017	-1.0938	2.2625	False	A to L	1.0	Aorta vs Kidney	0.0
Aorta	Liver	1.7102	0.0071	0.34	3.0805	True	A to L	0.01553768115942029	Aorta vs Liver	0.0
Aorta	Muscle	-1.1562	0.3292	-2.8343	0.522	False	A to L	0.48028212560386474	Aorta vs Muscle	0.0
Aorta	Skin	-0.0208	1.0	-1.391	1.3494	False	A to L	1.0	Aorta vs Skin	0.0
Heart	Kidney	-0.121	0.9999	-1.653	1.4109	False	A to L	1.0	Heart vs Kidney	0.0
Heart	Liver	1.0048	0.1392	-0.1818	2.1915	False	A to L	0.23617078651685391	Heart vs Liver	0.0
Heart	Muscle	-1.8616	0.0094	-3.3935	-0.3296	True	A to L	0.020277142857142858	Heart vs Muscle	0.0
Heart	Skin	-0.7262	0.4602	-1.9128	0.4605	False	A to L	0.64046267281106	Heart vs Skin	0.0
Kidney	Liver	1.1259	0.358	-0.5523	2.804	False	A to L	0.5099811320754717	Kidney vs Liver	0.0
Kidney	Muscle	-1.7405	0.1006	-3.6783	0.1972	False	A to L	0.1792458823529412	Kidney vs Muscle	0.0
Kidney	Skin	-0.6052	0.8879	-2.2833	1.073	False	A to L	1.0	Kidney vs Skin	0.0
Liver	Muscle	-2.8664	0.0001	-4.5446	-1.1882	True	A to L	0.00029607843137254903	Liver vs Muscle	-3.528593228804767
Liver	Skin	-1.731	0.0062	-3.1013	-0.3608	True	A to L	0.013973134328358209	Liver vs Skin	0.0
Muscle	Skin	1.1354	0.3488	-0.5428	2.8136	False	A to L	0.5016076190476191	Muscle vs Skin	0.0
Aorta	Brain	0.6652	0.9667	-1.9644	3.2947	False	G to A	1.0	Aorta vs Brain	0.0
Aorta	Kidney	2.1205	0.288	-0.9159	5.1568	False	G to A	0.4370653266331658	Aorta vs Kidney	0.0
Aorta	Liver	2.6991	0.1009	-0.3373	5.7354	False	G to A	0.1792458823529412	Aorta vs Liver	0.0
Aorta	Muscle	-1.4089	0.7002	-4.4453	1.6275	False	G to A	0.9114672413793103	Aorta vs Muscle	0.0
Aorta	Skin	0.5962	0.989	-2.4401	3.6326	False	G to A	1.0	Aorta vs Skin	0.0
Brain	Kidney	1.4553	0.5313	-1.1743	4.0849	False	G to A	0.7227594594594595	Brain vs Kidney	0.0
Brain	Liver	2.0339	0.1959	-0.5957	4.6635	False	G to A	0.3146904255319149	Brain vs Liver	0.0
Brain	Muscle	-2.0741	0.1803	-4.7036	0.5555	False	G to A	0.29432756756756756	Brain vs Muscle	0.0
Brain	Skin	-0.0689	1.0	-2.6985	2.5606	False	G to A	1.0	Brain vs Skin	0.0
Kidney	Liver	0.5786	0.9904	-2.4578	3.6149	False	G to A	1.0	Kidney vs Liver	0.0
Kidney	Muscle	-3.5294	0.0166	-6.5657	-0.493	True	G to A	0.03481388888888889	Kidney vs Muscle	0.0
Kidney	Skin	-1.5242	0.6292	-4.5606	1.5121	False	G to A	0.829774672489083	Kidney vs Skin	0.0
Liver	Muscle	-4.108	0.0042	-7.1443	-1.0716	True	G to A	0.009832558139534884	Liver vs Muscle	-2.007333476944198
Liver	Skin	-2.1028	0.2962	-5.1392	0.9335	False	G to A	0.4453752475247525	Liver vs Skin	0.0
Muscle	Skin	2.0051	0.3443	-1.0312	5.0415	False	G to A	0.4979387559808613	Muscle vs Skin	0.0
Aorta	Brain	-0.5315	0.0671	-1.0861	0.0231	False	W to A	0.12665125	Aorta vs Brain	0.0
Aorta	Heart	0.8127	0.0	0.4605	1.165	True	W to A	0.0	Aorta vs Heart	inf
Aorta	Muscle	0.5588	0.0076	0.106	1.0117	True	W to A	0.016512230215827338	Aorta vs Muscle	0.0
Aorta	Skin	-1.4009	0.0	-2.1169	-0.685	True	W to A	0.0	Aorta vs Skin	-inf
Brain	Heart	1.3443	0.0	0.8682	1.8204	True	W to A	0.0	Brain vs Heart	inf
Brain	Muscle	1.0904	0.0	0.5358	1.645	True	W to A	0.0	Brain vs Muscle	inf
Brain	Skin	-0.8694	0.0219	-1.6537	-0.0851	True	W to A	0.044	Brain vs Skin	0.0
Heart	Muscle	-0.2539	0.2738	-0.6062	0.0984	False	W to A	0.4176141414141414	Heart vs Muscle	0.0
Heart	Skin	-2.2137	0.0	-2.8707	-1.5567	True	W to A	0.0	Heart vs Skin	-inf
Muscle	Skin	-1.9598	0.0	-2.6758	-1.2438	True	W to A	0.0	Muscle vs Skin	-inf
Aorta	Heart	2.0495	0.0	1.4169	2.6821	True	Q to G	0.0	Aorta vs Heart	inf
Aorta	Kidney	3.5192	0.0	2.7887	4.2497	True	Q to G	0.0	Aorta vs Kidney	inf
Aorta	Liver	1.5455	0.0	0.815	2.276	True	Q to G	0.0	Aorta vs Liver	inf
Aorta	Skin	2.8257	0.0	2.0952	3.5562	True	Q to G	0.0	Aorta vs Skin	inf
Heart	Kidney	1.4697	0.0	0.8371	2.1023	True	Q to G	0.0	Heart vs Kidney	inf
Heart	Liver	-0.504	0.1594	-1.1366	0.1286	False	Q to G	0.26596022099447514	Heart vs Liver	0.0
Heart	Skin	0.7762	0.0119	0.1435	1.4088	True	Q to G	0.025131468531468533	Heart vs Skin	0.0
Kidney	Liver	-1.9737	0.0	-2.7042	-1.2432	True	Q to G	0.0	Kidney vs Liver	-inf
Kidney	Skin	-0.6935	0.0677	-1.424	0.037	False	Q to G	0.12699006211180125	Kidney vs Skin	0.0
Liver	Skin	1.2802	0.0004	0.5497	2.0107	True	Q to G	0.0011289719626168225	Liver vs Skin	2.9473168434000967
Aorta	Brain	-0.2718	0.9656	-1.4667	0.9232	False	M to L	1.0	Aorta vs Brain	0.0
Aorta	Liver	0.7115	0.2469	-0.2642	1.6872	False	M to L	0.38481649484536085	Aorta vs Liver	0.0
Aorta	Muscle	-0.8711	0.2472	-2.066	0.3239	False	M to L	0.38481649484536085	Aorta vs Muscle	0.0
Aorta	Skin	-0.4837	0.4491	-1.3	0.3326	False	M to L	0.6279083333333333	Aorta vs Skin	0.0
Brain	Liver	0.9832	0.1503	-0.2118	2.1782	False	M to L	0.25357877094972064	Brain vs Liver	0.0
Brain	Muscle	-0.5993	0.7272	-1.9792	0.7806	False	M to L	0.9385230769230769	Brain vs Muscle	0.0
Brain	Skin	-0.212	0.9791	-1.2808	0.8569	False	M to L	1.0	Brain vs Skin	0.0
Liver	Muscle	-1.5825	0.0044	-2.7775	-0.3875	True	M to L	0.010221538461538462	Liver vs Muscle	0.0
Liver	Skin	-1.1952	0.0014	-2.0115	-0.3789	True	M to L	0.003494214876033058	Liver vs Skin	-2.4566503916810616
Muscle	Skin	0.3873	0.837	-0.6815	1.4562	False	M to L	1.0	Muscle vs Skin	0.0
Aorta	Heart	0.1568	0.9296	-0.3896	0.7031	False	H to N	1.0	Aorta vs Heart	0.0
Aorta	Kidney	0.0637	0.9989	-0.6055	0.7329	False	H to N	1.0	Aorta vs Kidney	0.0
Aorta	Muscle	0.4768	0.1817	-0.1217	1.0753	False	H to N	0.29501827956989246	Aorta vs Muscle	0.0
Aorta	Skin	-0.8021	0.1356	-1.7484	0.1443	False	H to N	0.23187457627118643	Aorta vs Skin	0.0
Heart	Kidney	-0.0931	0.9894	-0.6394	0.4533	False	H to N	1.0	Heart vs Kidney	0.0
Heart	Muscle	0.32	0.2979	-0.1371	0.7772	False	H to N	0.4453752475247525	Heart vs Muscle	0.0
Heart	Skin	-0.9588	0.022	-1.8227	-0.0949	True	H to N	0.044	Heart vs Skin	0.0
Kidney	Muscle	0.4131	0.3119	-0.1854	1.0116	False	H to N	0.4609551219512195	Kidney vs Muscle	0.0
Kidney	Skin	-0.8658	0.0892	-1.8121	0.0806	False	H to N	0.16425853658536585	Kidney vs Skin	0.0
Muscle	Skin	-1.2789	0.0014	-2.1767	-0.3811	True	H to N	0.003494214876033058	Muscle vs Skin	-2.4566503916810616
Aorta	Brain	0.6962	0.0	0.5935	0.7989	True	Q to A	0.0	Aorta vs Brain	inf
Aorta	Kidney	0.3041	0.0	0.2014	0.4068	True	Q to A	0.0	Aorta vs Kidney	inf
Aorta	Muscle	-3.7155	0.0	-3.8182	-3.6128	True	Q to A	0.0	Aorta vs Muscle	-inf
Brain	Kidney	-0.3921	0.0	-0.4948	-0.2894	True	Q to A	0.0	Brain vs Kidney	-inf
Brain	Muscle	-4.4117	0.0	-4.5144	-4.3089	True	Q to A	0.0	Brain vs Muscle	-inf
Kidney	Muscle	-4.0196	0.0	-4.1223	-3.9169	True	Q to A	0.0	Kidney vs Muscle	-inf
Aorta	Heart	0.9465	0.0	0.4263	1.4666	True	W to N	0.0	Aorta vs Heart	inf
Aorta	Kidney	-0.7849	0.1736	-1.7783	0.2084	False	W to N	0.2880615384615385	Aorta vs Kidney	0.0
Aorta	Muscle	-0.1139	0.9695	-0.771	0.5431	False	W to N	1.0	Aorta vs Muscle	0.0
Heart	Kidney	-1.7314	0.0	-2.6054	-0.8574	True	W to N	0.0	Heart vs Kidney	-inf
Heart	Muscle	-1.0604	0.0	-1.5175	-0.6034	True	W to N	0.0	Heart vs Muscle	-inf
Kidney	Muscle	0.671	0.2716	-0.2908	1.6328	False	W to N	0.416361421319797	Kidney vs Muscle	0.0
Aorta	Heart	-0.7166	0.0	-0.7917	-0.6414	True	T to G	0.0	Aorta vs Heart	-inf
Aorta	Kidney	-0.9764	0.0	-1.0515	-0.9012	True	T to G	0.0	Aorta vs Kidney	-inf
Aorta	Muscle	-0.5178	0.0	-0.5929	-0.4426	True	T to G	0.0	Aorta vs Muscle	-inf
Heart	Kidney	-0.2598	0.0	-0.335	-0.1847	True	T to G	0.0	Heart vs Kidney	-inf
Heart	Muscle	0.1988	0.0	0.1236	0.2739	True	T to G	0.0	Heart vs Muscle	inf
Kidney	Muscle	0.4586	0.0	0.3835	0.5338	True	T to G	0.0	Kidney vs Muscle	inf
Brain	Kidney	1.6461	0.0	1.1834	2.1087	True	L to S	0.0	Brain vs Kidney	inf
Brain	Muscle	-1.6016	0.0	-2.0642	-1.139	True	L to S	0.0	Brain vs Muscle	-inf
Brain	Skin	2.3834	0.0	1.9208	2.8461	True	L to S	0.0	Brain vs Skin	inf
Kidney	Muscle	-3.2477	0.0	-3.7819	-2.7135	True	L to S	0.0	Kidney vs Muscle	-inf
Kidney	Skin	0.7373	0.0057	0.2031	1.2715	True	L to S	0.012942857142857145	Kidney vs Skin	0.0
Muscle	Skin	3.985	0.0	3.4508	4.5192	True	L to S	0.0	Muscle vs Skin	inf
Aorta	Brain	-0.2158	0.8654	-0.9663	0.5346	False	V to T	1.0	Aorta vs Brain	0.0
Aorta	Heart	1.2527	0.0006	0.4776	2.0278	True	V to T	0.0016324324324324324	Aorta vs Heart	2.787164785445863
Aorta	Muscle	1.4714	0.0001	0.6493	2.2935	True	V to T	0.00029607843137254903	Aorta vs Muscle	3.528593228804767
Brain	Heart	1.4685	0.0	0.9559	1.9812	True	V to T	0.0	Brain vs Heart	inf
Brain	Muscle	1.6873	0.0	1.1059	2.2686	True	V to T	0.0	Brain vs Muscle	inf
Heart	Muscle	0.2187	0.772	-0.394	0.8315	False	V to T	0.9878983050847457	Heart vs Muscle	0.0
Aorta	Heart	0.6619	0.1783	-0.1964	1.5202	False	A to E	0.29280869565217393	Aorta vs Heart	0.0
Aorta	Muscle	0.4423	0.5595	-0.468	1.3527	False	A to E	0.7509733333333333	Aorta vs Muscle	0.0
Aorta	Skin	1.65	0.0001	0.7917	2.5083	True	A to E	0.00029607843137254903	Aorta vs Skin	3.528593228804767
Heart	Muscle	-0.2195	0.8169	-0.8981	0.459	False	A to E	1.0	Heart vs Muscle	0.0
Heart	Skin	0.9881	0.0006	0.3812	1.595	True	A to E	0.0016324324324324324	Heart vs Skin	2.787164785445863
Muscle	Skin	1.2076	0.0002	0.5291	1.8862	True	A to E	0.0005752380952380952	Muscle vs Skin	3.240152360448806
Aorta	Heart	0.1266	0.9155	-0.6392	0.8923	False	P to Q	1.0	Aorta vs Heart	0.0
Aorta	Kidney	1.9105	0.0	1.3316	2.4894	True	P to Q	0.0	Aorta vs Kidney	inf
Heart	Kidney	1.7839	0.0	1.1114	2.4565	True	P to Q	0.0	Heart vs Kidney	inf
Aorta	Heart	1.3709	0.0	1.0713	1.6706	True	V to Q	0.0	Aorta vs Heart	inf
Aorta	Kidney	-0.1506	0.555	-0.5176	0.2164	False	V to Q	0.7482589285714286	Aorta vs Kidney	0.0
Heart	Kidney	-1.5215	0.0	-1.8885	-1.1546	True	V to Q	0.0	Heart vs Kidney	-inf
Heart	Muscle	-1.8733	0.0	-2.1722	-1.5743	True	Q to N	0.0	Heart vs Muscle	-inf
Heart	Skin	-1.3758	0.0	-1.6748	-1.0769	True	Q to N	0.0	Heart vs Skin	-inf
Muscle	Skin	0.4974	0.0031	0.1985	0.7964	True	Q to N	0.00755	Muscle vs Skin	2.1220530483708115
Brain	Liver	0.1114	0.9635	-1.0192	1.242	False	L to T	1.0	Brain vs Liver	0.0
Brain	Muscle	-1.7417	0.0011	-2.7208	-0.7626	True	L to T	0.002815254237288136	Brain vs Muscle	-2.5504823791907496
Liver	Muscle	-1.8531	0.0007	-2.8322	-0.8739	True	L to T	0.001870796460176991	Liver vs Muscle	-2.7279734605120125
Aorta	Heart	0.0582	0.1055	-0.0122	0.1286	False	F to L	0.18523837209302324	Aorta vs Heart	0.0
Aorta	Skin	0.1676	0.0002	0.0973	0.238	True	F to L	0.0005752380952380952	Aorta vs Skin	3.240152360448806
Heart	Skin	0.1094	0.0048	0.0391	0.1798	True	F to L	0.011065648854961831	Heart vs Skin	0.0
Heart	Muscle	1.5978	0.0057	0.4913	2.7042	True	P to A	0.012942857142857145	Heart vs Muscle	0.0
Heart	Skin	1.3468	0.0174	0.2403	2.4533	True	P to A	0.036239999999999994	Heart vs Skin	0.0
Muscle	Skin	-0.2509	0.8637	-1.5286	1.0267	False	P to A	1.0	Muscle vs Skin	0.0
Brain	Kidney	1.8835	0.0204	0.264	3.503	True	G to S	0.04134765100671141	Brain vs Kidney	0.0
Brain	Skin	1.639	0.0041	0.4938	2.7841	True	G to S	0.009673437500000001	Brain vs Skin	2.0144191699709824
Kidney	Skin	-0.2445	0.911	-1.7229	1.2339	False	G to S	1.0	Kidney vs Skin	0.0
Heart	Kidney	-1.9887	0.0071	-3.412	-0.5655	True	A to G	0.01553768115942029	Heart vs Kidney	0.0
Heart	Skin	0.1469	0.96	-1.2764	1.5701	False	A to G	1.0	Heart vs Skin	0.0
Kidney	Skin	2.1356	0.0116	0.4922	3.779	True	A to G	0.024670422535211265	Kidney vs Skin	0.0
Aorta	Brain	-3.5167	0.0	-3.558	-3.4754	True	L to V	0.0	Aorta vs Brain	-inf
Brain	Liver	4.166	0.0	4.0677	4.2642	True	A to P	0.0	Brain vs Liver	inf
Kidney	Liver	1.5008	0.0	1.4371	1.5645	True	N to M	0.0	Kidney vs Liver	inf
Kidney	Muscle	-0.544	0.0	-0.5903	-0.4977	True	L to Q	0.0	Kidney vs Muscle	-inf
Aorta	Skin	-1.6251	0.0	-1.8419	-1.4083	True	L to A	0.0	Aorta vs Skin	-inf
Kidney	Muscle	-1.0341	0.0	-1.2769	-0.7912	True	Y to V	0.0	Kidney vs Muscle	-inf
Aorta	Skin	1.4533	0.0	1.2352	1.6713	True	S to L	0.0	Aorta vs Skin	inf
Aorta	Liver	-0.4287	0.0001	-0.5433	-0.3141	True	S to Q	0.00029607843137254903	Aorta vs Liver	-3.528593228804767
Kidney	Liver	-0.8207	0.0018	-1.1995	-0.4419	True	N to G	0.004455737704918032	Kidney vs Liver	-2.3510803826142914
Aorta	Kidney	-0.6168	0.0071	-0.9943	-0.2393	True	Y to T	0.01553768115942029	Aorta vs Kidney	0.0
