AAS_type	n_saap	n_tissues	F	ANOVA_p	ANOVA_sig	n_sig_pairs	Tukey_significant_pairs	Aorta_vs_Brain	Aorta_vs_Heart	Aorta_vs_Kidney	Aorta_vs_Liver	Aorta_vs_Muscle	Aorta_vs_Skin	Brain_vs_Heart	Brain_vs_Kidney	Brain_vs_Liver	Brain_vs_Muscle	Brain_vs_Skin	Heart_vs_Kidney	Heart_vs_Liver	Heart_vs_Muscle	Heart_vs_Skin	Kidney_vs_Liver	Kidney_vs_Muscle	Kidney_vs_Skin	Liver_vs_Muscle	Liver_vs_Skin	Muscle_vs_Skin
P to T	149	7	116.83462899002109	8.851701013432294e-107	***	18	Brain>Aorta (Δ=1.356, q=0.000e+00, ***); Kidney>Aorta (Δ=0.299, q=0.000e+00, ***); Liver>Aorta (Δ=1.697, q=0.000e+00, ***); Aorta>Muscle (Δ=0.358, q=0.000e+00, ***); Skin>Aorta (Δ=0.552, q=0.000e+00, ***); Brain>Heart (Δ=1.510, q=0.000e+00, ***); Brain>Kidney (Δ=1.057, q=0.000e+00, ***); Brain>Muscle (Δ=1.714, q=0.000e+00, ***); Brain>Skin (Δ=0.804, q=0.000e+00, ***); Kidney>Heart (Δ=0.453, q=0.000e+00, ***); Liver>Heart (Δ=1.851, q=0.000e+00, ***); Skin>Heart (Δ=0.706, q=0.000e+00, ***); Liver>Kidney (Δ=1.398, q=0.000e+00, ***); Kidney>Muscle (Δ=0.657, q=0.000e+00, ***); Skin>Kidney (Δ=0.253, q=0.000e+00, ***); Liver>Muscle (Δ=2.055, q=0.000e+00, ***); Liver>Skin (Δ=1.145, q=0.000e+00, ***); Skin>Muscle (Δ=0.910, q=0.000e+00, ***)	Brain>Aorta (Δ=1.356, q=0.000e+00, ***)	Aorta>Heart (Δ=0.154, q=3.129e-01, ns)	Kidney>Aorta (Δ=0.299, q=0.000e+00, ***)	Liver>Aorta (Δ=1.697, q=0.000e+00, ***)	Aorta>Muscle (Δ=0.358, q=0.000e+00, ***)	Skin>Aorta (Δ=0.552, q=0.000e+00, ***)	Brain>Heart (Δ=1.510, q=0.000e+00, ***)	Brain>Kidney (Δ=1.057, q=0.000e+00, ***)	Liver>Brain (Δ=0.341, q=8.020e-02, ns)	Brain>Muscle (Δ=1.714, q=0.000e+00, ***)	Brain>Skin (Δ=0.804, q=0.000e+00, ***)	Kidney>Heart (Δ=0.453, q=0.000e+00, ***)	Liver>Heart (Δ=1.851, q=0.000e+00, ***)	Heart>Muscle (Δ=0.204, q=1.850e-01, ns)	Skin>Heart (Δ=0.706, q=0.000e+00, ***)	Liver>Kidney (Δ=1.398, q=0.000e+00, ***)	Kidney>Muscle (Δ=0.657, q=0.000e+00, ***)	Skin>Kidney (Δ=0.253, q=0.000e+00, ***)	Liver>Muscle (Δ=2.055, q=0.000e+00, ***)	Liver>Skin (Δ=1.145, q=0.000e+00, ***)	Skin>Muscle (Δ=0.910, q=0.000e+00, ***)
W to D	145	7	99.18996744437695	1.9055336898369684e-91	***	18	Brain>Aorta (Δ=0.670, q=0.000e+00, ***); Aorta>Heart (Δ=0.947, q=0.000e+00, ***); Liver>Aorta (Δ=1.474, q=0.000e+00, ***); Aorta>Muscle (Δ=0.685, q=0.000e+00, ***); Skin>Aorta (Δ=1.195, q=0.000e+00, ***); Brain>Heart (Δ=1.618, q=0.000e+00, ***); Brain>Kidney (Δ=0.853, q=0.000e+00, ***); Liver>Brain (Δ=0.803, q=3.900e-03, **); Brain>Muscle (Δ=1.355, q=0.000e+00, ***); Kidney>Heart (Δ=0.765, q=0.000e+00, ***); Liver>Heart (Δ=2.421, q=0.000e+00, ***); Muscle>Heart (Δ=0.262, q=7.000e-04, ***); Skin>Heart (Δ=2.142, q=0.000e+00, ***); Liver>Kidney (Δ=1.656, q=0.000e+00, ***); Kidney>Muscle (Δ=0.503, q=0.000e+00, ***); Skin>Kidney (Δ=1.377, q=0.000e+00, ***); Liver>Muscle (Δ=2.158, q=0.000e+00, ***); Skin>Muscle (Δ=1.880, q=0.000e+00, ***)	Brain>Aorta (Δ=0.670, q=0.000e+00, ***)	Aorta>Heart (Δ=0.947, q=0.000e+00, ***)	Aorta>Kidney (Δ=0.182, q=3.717e-01, ns)	Liver>Aorta (Δ=1.474, q=0.000e+00, ***)	Aorta>Muscle (Δ=0.685, q=0.000e+00, ***)	Skin>Aorta (Δ=1.195, q=0.000e+00, ***)	Brain>Heart (Δ=1.618, q=0.000e+00, ***)	Brain>Kidney (Δ=0.853, q=0.000e+00, ***)	Liver>Brain (Δ=0.803, q=3.900e-03, **)	Brain>Muscle (Δ=1.355, q=0.000e+00, ***)	Skin>Brain (Δ=0.524, q=1.054e-01, ns)	Kidney>Heart (Δ=0.765, q=0.000e+00, ***)	Liver>Heart (Δ=2.421, q=0.000e+00, ***)	Muscle>Heart (Δ=0.262, q=7.000e-04, ***)	Skin>Heart (Δ=2.142, q=0.000e+00, ***)	Liver>Kidney (Δ=1.656, q=0.000e+00, ***)	Kidney>Muscle (Δ=0.503, q=0.000e+00, ***)	Skin>Kidney (Δ=1.377, q=0.000e+00, ***)	Liver>Muscle (Δ=2.158, q=0.000e+00, ***)	Liver>Skin (Δ=0.279, q=9.061e-01, ns)	Skin>Muscle (Δ=1.880, q=0.000e+00, ***)
E to D	13	7	16.133772081150695	2.888586296858644e-11	***	7	Aorta>Brain (Δ=3.736, q=0.000e+00, ***); Aorta>Liver (Δ=1.771, q=6.700e-03, **); Heart>Brain (Δ=3.001, q=0.000e+00, ***); Kidney>Brain (Δ=2.755, q=0.000e+00, ***); Muscle>Brain (Δ=3.303, q=0.000e+00, ***); Skin>Brain (Δ=3.866, q=0.000e+00, ***); Skin>Liver (Δ=1.901, q=1.000e-03, **)	Aorta>Brain (Δ=3.736, q=0.000e+00, ***)	Aorta>Heart (Δ=0.735, q=3.105e-01, ns)	Aorta>Kidney (Δ=0.981, q=1.359e-01, ns)	Aorta>Liver (Δ=1.771, q=6.700e-03, **)	Aorta>Muscle (Δ=0.434, q=9.686e-01, ns)	Skin>Aorta (Δ=0.130, q=9.993e-01, ns)	Heart>Brain (Δ=3.001, q=0.000e+00, ***)	Kidney>Brain (Δ=2.755, q=0.000e+00, ***)	Liver>Brain (Δ=1.965, q=1.930e-02, *)	Muscle>Brain (Δ=3.303, q=0.000e+00, ***)	Skin>Brain (Δ=3.866, q=0.000e+00, ***)	Heart>Kidney (Δ=0.246, q=9.944e-01, ns)	Heart>Liver (Δ=1.036, q=3.155e-01, ns)	Muscle>Heart (Δ=0.302, q=9.952e-01, ns)	Skin>Heart (Δ=0.865, q=4.780e-02, *)	Kidney>Liver (Δ=0.790, q=6.986e-01, ns)	Muscle>Kidney (Δ=0.547, q=9.286e-01, ns)	Skin>Kidney (Δ=1.111, q=1.990e-02, *)	Muscle>Liver (Δ=1.337, q=2.558e-01, ns)	Skin>Liver (Δ=1.901, q=1.000e-03, **)	Skin>Muscle (Δ=0.563, q=8.558e-01, ns)
A to V	13	7	15.181184354831535	2.70439746963458e-10	***	8	Brain>Aorta (Δ=3.874, q=0.000e+00, ***); Heart>Aorta (Δ=3.271, q=0.000e+00, ***); Kidney>Aorta (Δ=4.548, q=0.000e+00, ***); Liver>Aorta (Δ=2.272, q=1.100e-03, **); Muscle>Aorta (Δ=4.056, q=0.000e+00, ***); Skin>Aorta (Δ=3.480, q=0.000e+00, ***); Kidney>Liver (Δ=2.276, q=1.100e-03, **); Muscle>Liver (Δ=1.783, q=5.000e-04, ***)	Brain>Aorta (Δ=3.874, q=0.000e+00, ***)	Heart>Aorta (Δ=3.271, q=0.000e+00, ***)	Kidney>Aorta (Δ=4.548, q=0.000e+00, ***)	Liver>Aorta (Δ=2.272, q=1.100e-03, **)	Muscle>Aorta (Δ=4.056, q=0.000e+00, ***)	Skin>Aorta (Δ=3.480, q=0.000e+00, ***)	Brain>Heart (Δ=0.603, q=8.672e-01, ns)	Kidney>Brain (Δ=0.674, q=9.217e-01, ns)	Brain>Liver (Δ=1.602, q=5.030e-02, ns)	Muscle>Brain (Δ=0.181, q=9.998e-01, ns)	Brain>Skin (Δ=0.394, q=9.817e-01, ns)	Kidney>Heart (Δ=1.277, q=1.259e-01, ns)	Heart>Liver (Δ=0.999, q=1.189e-01, ns)	Muscle>Heart (Δ=0.784, q=2.183e-01, ns)	Skin>Heart (Δ=0.209, q=9.926e-01, ns)	Kidney>Liver (Δ=2.276, q=1.100e-03, **)	Kidney>Muscle (Δ=0.492, q=9.530e-01, ns)	Kidney>Skin (Δ=1.067, q=2.966e-01, ns)	Muscle>Liver (Δ=1.783, q=5.000e-04, ***)	Skin>Liver (Δ=1.208, q=2.950e-02, *)	Muscle>Skin (Δ=0.575, q=5.808e-01, ns)
S to G	9	7	11.545114854435763	2.991322488135644e-07	***	7	Muscle>Aorta (Δ=2.095, q=1.000e-04, ***); Brain>Kidney (Δ=1.894, q=1.400e-03, **); Brain>Liver (Δ=2.278, q=8.000e-04, ***); Muscle>Heart (Δ=2.641, q=1.000e-04, ***); Muscle>Kidney (Δ=2.844, q=0.000e+00, ***); Muscle>Liver (Δ=3.228, q=0.000e+00, ***); Muscle>Skin (Δ=2.149, q=2.000e-04, ***)	Brain>Aorta (Δ=1.146, q=9.260e-02, ns)	Aorta>Heart (Δ=0.545, q=8.211e-01, ns)	Aorta>Kidney (Δ=0.749, q=2.469e-01, ns)	Aorta>Liver (Δ=1.133, q=9.920e-02, ns)	Muscle>Aorta (Δ=2.095, q=1.000e-04, ***)	Aorta>Skin (Δ=0.053, q=1.000e+00, ns)	Brain>Heart (Δ=1.691, q=2.290e-02, *)	Brain>Kidney (Δ=1.894, q=1.400e-03, **)	Brain>Liver (Δ=2.278, q=8.000e-04, ***)	Muscle>Brain (Δ=0.950, q=4.758e-01, ns)	Brain>Skin (Δ=1.199, q=1.005e-01, ns)	Heart>Kidney (Δ=0.203, q=9.990e-01, ns)	Heart>Liver (Δ=0.588, q=8.927e-01, ns)	Muscle>Heart (Δ=2.641, q=1.000e-04, ***)	Skin>Heart (Δ=0.492, q=9.069e-01, ns)	Kidney>Liver (Δ=0.384, q=9.703e-01, ns)	Muscle>Kidney (Δ=2.844, q=0.000e+00, ***)	Skin>Kidney (Δ=0.695, q=4.344e-01, ns)	Muscle>Liver (Δ=3.228, q=0.000e+00, ***)	Skin>Liver (Δ=1.079, q=1.784e-01, ns)	Muscle>Skin (Δ=2.149, q=2.000e-04, ***)
A to S	40	7	3.7422423726579255	0.0013968872110344678	**	1	Muscle>Aorta (Δ=0.815, q=3.600e-03, **)	Brain>Aorta (Δ=0.927, q=1.591e-01, ns)	Heart>Aorta (Δ=0.273, q=7.062e-01, ns)	Kidney>Aorta (Δ=0.052, q=1.000e+00, ns)	Aorta>Liver (Δ=0.142, q=1.000e+00, ns)	Muscle>Aorta (Δ=0.815, q=3.600e-03, **)	Skin>Aorta (Δ=0.097, q=9.997e-01, ns)	Brain>Heart (Δ=0.654, q=5.144e-01, ns)	Brain>Kidney (Δ=0.875, q=2.228e-01, ns)	Brain>Liver (Δ=1.069, q=5.362e-01, ns)	Brain>Muscle (Δ=0.111, q=9.999e-01, ns)	Brain>Skin (Δ=0.830, q=3.446e-01, ns)	Heart>Kidney (Δ=0.221, q=8.841e-01, ns)	Heart>Liver (Δ=0.415, q=9.795e-01, ns)	Muscle>Heart (Δ=0.542, q=6.230e-02, ns)	Heart>Skin (Δ=0.176, q=9.843e-01, ns)	Kidney>Liver (Δ=0.194, q=9.997e-01, ns)	Muscle>Kidney (Δ=0.764, q=1.110e-02, *)	Skin>Kidney (Δ=0.045, q=1.000e+00, ns)	Muscle>Liver (Δ=0.958, q=4.864e-01, ns)	Skin>Liver (Δ=0.239, q=9.993e-01, ns)	Muscle>Skin (Δ=0.719, q=7.120e-02, ns)
G to D	15	7	3.8145349438682783	0.0025611794198237394	**	1	Brain>Muscle (Δ=1.679, q=3.000e-03, **)	Brain>Aorta (Δ=0.569, q=9.307e-01, ns)	Heart>Aorta (Δ=0.417, q=9.905e-01, ns)	Aorta>Kidney (Δ=0.184, q=1.000e+00, ns)	Liver>Aorta (Δ=0.566, q=9.838e-01, ns)	Aorta>Muscle (Δ=1.110, q=2.569e-01, ns)	Aorta>Skin (Δ=0.460, q=9.674e-01, ns)	Brain>Heart (Δ=0.152, q=9.999e-01, ns)	Brain>Kidney (Δ=0.753, q=9.153e-01, ns)	Brain>Liver (Δ=0.003, q=1.000e+00, ns)	Brain>Muscle (Δ=1.679, q=3.000e-03, **)	Brain>Skin (Δ=1.029, q=2.402e-01, ns)	Heart>Kidney (Δ=0.601, q=9.780e-01, ns)	Liver>Heart (Δ=0.148, q=1.000e+00, ns)	Heart>Muscle (Δ=1.528, q=3.540e-02, *)	Heart>Skin (Δ=0.878, q=5.781e-01, ns)	Liver>Kidney (Δ=0.750, q=9.677e-01, ns)	Kidney>Muscle (Δ=0.926, q=7.614e-01, ns)	Kidney>Skin (Δ=0.276, q=9.995e-01, ns)	Liver>Muscle (Δ=1.676, q=1.255e-01, ns)	Liver>Skin (Δ=1.026, q=6.856e-01, ns)	Skin>Muscle (Δ=0.650, q=6.289e-01, ns)
V to L	9	7	1.5543988446695505	0.18271449671475398	ns	0		Aorta>Brain (Δ=0.110, q=1.000e+00, ns)	Aorta>Heart (Δ=0.837, q=9.716e-01, ns)	Kidney>Aorta (Δ=0.160, q=1.000e+00, ns)	Liver>Aorta (Δ=0.209, q=9.999e-01, ns)	Muscle>Aorta (Δ=1.654, q=5.771e-01, ns)	Aorta>Skin (Δ=1.334, q=7.856e-01, ns)	Brain>Heart (Δ=0.727, q=9.861e-01, ns)	Kidney>Brain (Δ=0.270, q=9.998e-01, ns)	Liver>Brain (Δ=0.320, q=9.990e-01, ns)	Muscle>Brain (Δ=1.764, q=5.014e-01, ns)	Brain>Skin (Δ=1.224, q=8.450e-01, ns)	Kidney>Heart (Δ=0.997, q=9.352e-01, ns)	Liver>Heart (Δ=1.047, q=8.810e-01, ns)	Muscle>Heart (Δ=2.491, q=2.649e-01, ns)	Heart>Skin (Δ=0.497, q=9.992e-01, ns)	Liver>Kidney (Δ=0.050, q=1.000e+00, ns)	Muscle>Kidney (Δ=1.494, q=6.858e-01, ns)	Kidney>Skin (Δ=1.494, q=6.859e-01, ns)	Muscle>Liver (Δ=1.444, q=6.264e-01, ns)	Liver>Skin (Δ=1.544, q=5.513e-01, ns)	Muscle>Skin (Δ=2.988, q=1.062e-01, ns)
T to D	160	7			ns	0		Brain>Aorta (Δ=inf, q=nan, ns)	Heart>Aorta (Δ=inf, q=nan, ns)	Aorta>Kidney (Δ=0.368, q=nan, ns)	Aorta>Liver (Δ=0.041, q=nan, ns)	Aorta>Muscle (Δ=0.340, q=nan, ns)	Skin>Aorta (Δ=0.275, q=nan, ns)	Heart>Brain (Δ=nan, q=nan, ns)	Brain>Kidney (Δ=inf, q=nan, ns)	Brain>Liver (Δ=inf, q=nan, ns)	Brain>Muscle (Δ=inf, q=nan, ns)	Brain>Skin (Δ=inf, q=nan, ns)	Heart>Kidney (Δ=inf, q=nan, ns)	Heart>Liver (Δ=inf, q=nan, ns)	Heart>Muscle (Δ=inf, q=nan, ns)	Heart>Skin (Δ=inf, q=nan, ns)	Liver>Kidney (Δ=0.327, q=nan, ns)	Muscle>Kidney (Δ=0.029, q=nan, ns)	Skin>Kidney (Δ=0.643, q=nan, ns)	Liver>Muscle (Δ=0.299, q=nan, ns)	Skin>Liver (Δ=0.316, q=nan, ns)	Skin>Muscle (Δ=0.615, q=nan, ns)
T to N	29	7			ns	0		Brain>Aorta (Δ=0.292, q=nan, ns)	Heart>Aorta (Δ=0.975, q=nan, ns)	Kidney>Aorta (Δ=1.106, q=nan, ns)	Liver>Aorta (Δ=2.056, q=nan, ns)	Muscle>Aorta (Δ=inf, q=nan, ns)	Skin>Aorta (Δ=0.997, q=nan, ns)	Heart>Brain (Δ=0.683, q=nan, ns)	Kidney>Brain (Δ=0.814, q=nan, ns)	Liver>Brain (Δ=1.764, q=nan, ns)	Muscle>Brain (Δ=inf, q=nan, ns)	Skin>Brain (Δ=0.705, q=nan, ns)	Kidney>Heart (Δ=0.131, q=nan, ns)	Liver>Heart (Δ=1.081, q=nan, ns)	Muscle>Heart (Δ=inf, q=nan, ns)	Skin>Heart (Δ=0.022, q=nan, ns)	Liver>Kidney (Δ=0.950, q=nan, ns)	Muscle>Kidney (Δ=inf, q=nan, ns)	Kidney>Skin (Δ=0.109, q=nan, ns)	Muscle>Liver (Δ=inf, q=nan, ns)	Liver>Skin (Δ=1.059, q=nan, ns)	Muscle>Skin (Δ=inf, q=nan, ns)
V to P	60	7			ns	0		Aorta>Brain (Δ=inf, q=nan, ns)	Aorta>Heart (Δ=inf, q=nan, ns)	Aorta>Kidney (Δ=inf, q=nan, ns)	Aorta>Liver (Δ=inf, q=nan, ns)	Aorta>Muscle (Δ=inf, q=nan, ns)	Aorta>Skin (Δ=inf, q=nan, ns)	Brain>Heart (Δ=0.347, q=nan, ns)	Brain>Kidney (Δ=0.468, q=nan, ns)	Brain>Liver (Δ=0.051, q=nan, ns)	Brain>Muscle (Δ=0.485, q=nan, ns)	Brain>Skin (Δ=0.213, q=nan, ns)	Heart>Kidney (Δ=0.121, q=nan, ns)	Liver>Heart (Δ=0.296, q=nan, ns)	Heart>Muscle (Δ=0.138, q=nan, ns)	Skin>Heart (Δ=0.134, q=nan, ns)	Liver>Kidney (Δ=0.417, q=nan, ns)	Kidney>Muscle (Δ=0.017, q=nan, ns)	Skin>Kidney (Δ=0.256, q=nan, ns)	Liver>Muscle (Δ=0.434, q=nan, ns)	Liver>Skin (Δ=0.162, q=nan, ns)	Skin>Muscle (Δ=0.272, q=nan, ns)
S to N	9	6	13.106321813889192	6.013536579954414e-08	***	6	Brain>Aorta (Δ=3.937, q=0.000e+00, ***); Heart>Aorta (Δ=2.347, q=1.000e-04, ***); Muscle>Aorta (Δ=1.993, q=3.500e-03, **); Brain>Liver (Δ=3.489, q=0.000e+00, ***); Brain>Skin (Δ=2.923, q=3.000e-04, ***); Heart>Liver (Δ=1.899, q=5.000e-04, ***)	Brain>Aorta (Δ=3.937, q=0.000e+00, ***)	Heart>Aorta (Δ=2.347, q=1.000e-04, ***)		Liver>Aorta (Δ=0.448, q=9.249e-01, ns)	Muscle>Aorta (Δ=1.993, q=3.500e-03, **)	Skin>Aorta (Δ=1.014, q=3.555e-01, ns)	Brain>Heart (Δ=1.590, q=9.000e-02, ns)		Brain>Liver (Δ=3.489, q=0.000e+00, ***)	Brain>Muscle (Δ=1.944, q=3.310e-02, *)	Brain>Skin (Δ=2.923, q=3.000e-04, ***)		Heart>Liver (Δ=1.899, q=5.000e-04, ***)	Heart>Muscle (Δ=0.353, q=9.719e-01, ns)	Heart>Skin (Δ=1.333, q=6.160e-02, ns)				Muscle>Liver (Δ=1.545, q=1.920e-02, *)	Skin>Liver (Δ=0.566, q=8.221e-01, ns)	Muscle>Skin (Δ=0.979, q=3.941e-01, ns)
A to L	6	6	6.530406648720493	0.0001413895444673181	***	4	Aorta>Liver (Δ=1.710, q=7.100e-03, **); Muscle>Heart (Δ=1.862, q=9.400e-03, **); Muscle>Liver (Δ=2.866, q=1.000e-04, ***); Skin>Liver (Δ=1.731, q=6.200e-03, **)		Aorta>Heart (Δ=0.705, q=4.925e-01, ns)	Aorta>Kidney (Δ=0.584, q=9.017e-01, ns)	Aorta>Liver (Δ=1.710, q=7.100e-03, **)	Muscle>Aorta (Δ=1.156, q=3.292e-01, ns)	Skin>Aorta (Δ=0.021, q=1.000e+00, ns)						Kidney>Heart (Δ=0.121, q=9.999e-01, ns)	Heart>Liver (Δ=1.005, q=1.392e-01, ns)	Muscle>Heart (Δ=1.862, q=9.400e-03, **)	Skin>Heart (Δ=0.726, q=4.602e-01, ns)	Kidney>Liver (Δ=1.126, q=3.580e-01, ns)	Muscle>Kidney (Δ=1.740, q=1.006e-01, ns)	Skin>Kidney (Δ=0.605, q=8.879e-01, ns)	Muscle>Liver (Δ=2.866, q=1.000e-04, ***)	Skin>Liver (Δ=1.731, q=6.200e-03, **)	Muscle>Skin (Δ=1.135, q=3.488e-01, ns)
G to A	7	6	4.604892208160632	0.005021293836554792	**	1	Muscle>Liver (Δ=4.108, q=4.200e-03, **)	Aorta>Brain (Δ=0.665, q=9.667e-01, ns)		Aorta>Kidney (Δ=2.120, q=2.880e-01, ns)	Aorta>Liver (Δ=2.699, q=1.009e-01, ns)	Muscle>Aorta (Δ=1.409, q=7.002e-01, ns)	Aorta>Skin (Δ=0.596, q=9.890e-01, ns)		Brain>Kidney (Δ=1.455, q=5.313e-01, ns)	Brain>Liver (Δ=2.034, q=1.959e-01, ns)	Muscle>Brain (Δ=2.074, q=1.803e-01, ns)	Skin>Brain (Δ=0.069, q=1.000e+00, ns)					Kidney>Liver (Δ=0.579, q=9.904e-01, ns)	Muscle>Kidney (Δ=3.529, q=1.660e-02, *)	Skin>Kidney (Δ=1.524, q=6.292e-01, ns)	Muscle>Liver (Δ=4.108, q=4.200e-03, **)	Skin>Liver (Δ=2.103, q=2.962e-01, ns)	Muscle>Skin (Δ=2.005, q=3.443e-01, ns)
A to T	8	6	2.7847901284280243	0.0253932174251238	*	0		Aorta>Brain (Δ=0.482, q=9.217e-01, ns)	Aorta>Heart (Δ=0.878, q=4.816e-01, ns)	Aorta>Kidney (Δ=1.326, q=1.420e-02, *)	Aorta>Liver (Δ=0.949, q=8.390e-02, ns)		Aorta>Skin (Δ=0.668, q=2.436e-01, ns)	Brain>Heart (Δ=0.395, q=9.858e-01, ns)	Brain>Kidney (Δ=0.843, q=5.894e-01, ns)	Brain>Liver (Δ=0.467, q=9.313e-01, ns)		Brain>Skin (Δ=0.186, q=9.985e-01, ns)	Heart>Kidney (Δ=0.448, q=9.543e-01, ns)	Heart>Liver (Δ=0.071, q=1.000e+00, ns)		Skin>Heart (Δ=0.209, q=9.974e-01, ns)	Liver>Kidney (Δ=0.377, q=9.254e-01, ns)		Skin>Kidney (Δ=0.658, q=4.161e-01, ns)		Skin>Liver (Δ=0.281, q=9.359e-01, ns)	
T to S	5	6	1.8352725559015084	0.13220810055457907	ns	0		Aorta>Brain (Δ=1.249, q=5.742e-01, ns)	Aorta>Heart (Δ=1.006, q=5.546e-01, ns)	Aorta>Kidney (Δ=1.192, q=6.212e-01, ns)	Aorta>Liver (Δ=1.411, q=4.425e-01, ns)		Skin>Aorta (Δ=0.154, q=9.998e-01, ns)	Heart>Brain (Δ=0.243, q=9.996e-01, ns)	Kidney>Brain (Δ=0.057, q=1.000e+00, ns)	Brain>Liver (Δ=0.162, q=1.000e+00, ns)		Skin>Brain (Δ=1.402, q=5.135e-01, ns)	Heart>Kidney (Δ=0.186, q=9.999e-01, ns)	Heart>Liver (Δ=0.405, q=9.957e-01, ns)		Skin>Heart (Δ=1.159, q=4.998e-01, ns)	Kidney>Liver (Δ=0.218, q=9.999e-01, ns)		Skin>Kidney (Δ=1.346, q=5.576e-01, ns)		Skin>Liver (Δ=1.564, q=3.934e-01, ns)	
W to A	28	5	40.32800595043836	4.449606134382108e-21	***	7	Aorta>Heart (Δ=0.813, q=0.000e+00, ***); Aorta>Muscle (Δ=0.559, q=7.600e-03, **); Skin>Aorta (Δ=1.401, q=0.000e+00, ***); Brain>Heart (Δ=1.344, q=0.000e+00, ***); Brain>Muscle (Δ=1.090, q=0.000e+00, ***); Skin>Heart (Δ=2.214, q=0.000e+00, ***); Skin>Muscle (Δ=1.960, q=0.000e+00, ***)	Brain>Aorta (Δ=0.531, q=6.710e-02, ns)	Aorta>Heart (Δ=0.813, q=0.000e+00, ***)			Aorta>Muscle (Δ=0.559, q=7.600e-03, **)	Skin>Aorta (Δ=1.401, q=0.000e+00, ***)	Brain>Heart (Δ=1.344, q=0.000e+00, ***)			Brain>Muscle (Δ=1.090, q=0.000e+00, ***)	Skin>Brain (Δ=0.869, q=2.190e-02, *)			Muscle>Heart (Δ=0.254, q=2.738e-01, ns)	Skin>Heart (Δ=2.214, q=0.000e+00, ***)						Skin>Muscle (Δ=1.960, q=0.000e+00, ***)
Q to G	4	5	61.017435264129354	1.4103470429969677e-10	***	7	Aorta>Heart (Δ=2.050, q=0.000e+00, ***); Aorta>Kidney (Δ=3.519, q=0.000e+00, ***); Aorta>Liver (Δ=1.546, q=0.000e+00, ***); Aorta>Skin (Δ=2.826, q=0.000e+00, ***); Heart>Kidney (Δ=1.470, q=0.000e+00, ***); Liver>Kidney (Δ=1.974, q=0.000e+00, ***); Liver>Skin (Δ=1.280, q=4.000e-04, ***)		Aorta>Heart (Δ=2.050, q=0.000e+00, ***)	Aorta>Kidney (Δ=3.519, q=0.000e+00, ***)	Aorta>Liver (Δ=1.546, q=0.000e+00, ***)		Aorta>Skin (Δ=2.826, q=0.000e+00, ***)						Heart>Kidney (Δ=1.470, q=0.000e+00, ***)	Liver>Heart (Δ=0.504, q=1.594e-01, ns)		Heart>Skin (Δ=0.776, q=1.190e-02, *)	Liver>Kidney (Δ=1.974, q=0.000e+00, ***)		Skin>Kidney (Δ=0.694, q=6.770e-02, ns)		Liver>Skin (Δ=1.280, q=4.000e-04, ***)	
M to L	7	5	5.580991947334284	0.0011895498408652503	**	2	Muscle>Liver (Δ=1.583, q=4.400e-03, **); Skin>Liver (Δ=1.195, q=1.400e-03, **)	Brain>Aorta (Δ=0.272, q=9.656e-01, ns)			Aorta>Liver (Δ=0.712, q=2.469e-01, ns)	Muscle>Aorta (Δ=0.871, q=2.472e-01, ns)	Skin>Aorta (Δ=0.484, q=4.491e-01, ns)			Brain>Liver (Δ=0.983, q=1.503e-01, ns)	Muscle>Brain (Δ=0.599, q=7.272e-01, ns)	Skin>Brain (Δ=0.212, q=9.791e-01, ns)								Muscle>Liver (Δ=1.583, q=4.400e-03, **)	Skin>Liver (Δ=1.195, q=1.400e-03, **)	Muscle>Skin (Δ=0.387, q=8.370e-01, ns)
H to N	20	5	4.4402220114576085	0.0027390576699385756	**	1	Skin>Muscle (Δ=1.279, q=1.400e-03, **)		Aorta>Heart (Δ=0.157, q=9.296e-01, ns)	Aorta>Kidney (Δ=0.064, q=9.989e-01, ns)		Aorta>Muscle (Δ=0.477, q=1.817e-01, ns)	Skin>Aorta (Δ=0.802, q=1.356e-01, ns)						Kidney>Heart (Δ=0.093, q=9.894e-01, ns)		Heart>Muscle (Δ=0.320, q=2.979e-01, ns)	Skin>Heart (Δ=0.959, q=2.200e-02, *)		Kidney>Muscle (Δ=0.413, q=3.119e-01, ns)	Skin>Kidney (Δ=0.866, q=8.920e-02, ns)			Skin>Muscle (Δ=1.279, q=1.400e-03, **)
T to A	6	5	2.6854748118147116	0.04957147124584615	*	0		Brain>Aorta (Δ=0.742, q=9.068e-01, ns)	Aorta>Heart (Δ=0.399, q=9.941e-01, ns)		Aorta>Liver (Δ=0.769, q=8.734e-01, ns)		Aorta>Skin (Δ=1.423, q=4.708e-01, ns)	Brain>Heart (Δ=1.140, q=6.735e-01, ns)		Brain>Liver (Δ=1.511, q=1.509e-01, ns)		Brain>Skin (Δ=2.164, q=3.120e-02, *)		Heart>Liver (Δ=0.371, q=9.904e-01, ns)		Heart>Skin (Δ=1.024, q=7.531e-01, ns)					Liver>Skin (Δ=0.653, q=8.422e-01, ns)	
Q to A	3	4	6983.8770352463835	1.0314239931818862e-19	***	6	Aorta>Brain (Δ=0.696, q=0.000e+00, ***); Aorta>Kidney (Δ=0.304, q=0.000e+00, ***); Muscle>Aorta (Δ=3.716, q=0.000e+00, ***); Kidney>Brain (Δ=0.392, q=0.000e+00, ***); Muscle>Brain (Δ=4.412, q=0.000e+00, ***); Muscle>Kidney (Δ=4.020, q=0.000e+00, ***)	Aorta>Brain (Δ=0.696, q=0.000e+00, ***)		Aorta>Kidney (Δ=0.304, q=0.000e+00, ***)		Muscle>Aorta (Δ=3.716, q=0.000e+00, ***)			Kidney>Brain (Δ=0.392, q=0.000e+00, ***)		Muscle>Brain (Δ=4.412, q=0.000e+00, ***)							Muscle>Kidney (Δ=4.020, q=0.000e+00, ***)				
W to N	37	4	24.89818461971437	3.682471536673689e-13	***	3	Aorta>Heart (Δ=0.947, q=0.000e+00, ***); Kidney>Heart (Δ=1.731, q=0.000e+00, ***); Muscle>Heart (Δ=1.060, q=0.000e+00, ***)		Aorta>Heart (Δ=0.947, q=0.000e+00, ***)	Kidney>Aorta (Δ=0.785, q=1.736e-01, ns)		Muscle>Aorta (Δ=0.114, q=9.695e-01, ns)							Kidney>Heart (Δ=1.731, q=0.000e+00, ***)		Muscle>Heart (Δ=1.060, q=0.000e+00, ***)			Kidney>Muscle (Δ=0.671, q=2.716e-01, ns)				
T to G	4	4	533.856421592937	4.945708211786718e-13	***	6	Heart>Aorta (Δ=0.717, q=0.000e+00, ***); Kidney>Aorta (Δ=0.976, q=0.000e+00, ***); Muscle>Aorta (Δ=0.518, q=0.000e+00, ***); Kidney>Heart (Δ=0.260, q=0.000e+00, ***); Heart>Muscle (Δ=0.199, q=0.000e+00, ***); Kidney>Muscle (Δ=0.459, q=0.000e+00, ***)		Heart>Aorta (Δ=0.717, q=0.000e+00, ***)	Kidney>Aorta (Δ=0.976, q=0.000e+00, ***)		Muscle>Aorta (Δ=0.518, q=0.000e+00, ***)							Kidney>Heart (Δ=0.260, q=0.000e+00, ***)		Heart>Muscle (Δ=0.199, q=0.000e+00, ***)			Kidney>Muscle (Δ=0.459, q=0.000e+00, ***)				
L to S	5	4	186.94348887858092	1.155314947134791e-12	***	6	Brain>Kidney (Δ=1.646, q=0.000e+00, ***); Muscle>Brain (Δ=1.602, q=0.000e+00, ***); Brain>Skin (Δ=2.383, q=0.000e+00, ***); Muscle>Kidney (Δ=3.248, q=0.000e+00, ***); Kidney>Skin (Δ=0.737, q=5.700e-03, **); Muscle>Skin (Δ=3.985, q=0.000e+00, ***)								Brain>Kidney (Δ=1.646, q=0.000e+00, ***)		Muscle>Brain (Δ=1.602, q=0.000e+00, ***)	Brain>Skin (Δ=2.383, q=0.000e+00, ***)						Muscle>Kidney (Δ=3.248, q=0.000e+00, ***)	Kidney>Skin (Δ=0.737, q=5.700e-03, **)			Muscle>Skin (Δ=3.985, q=0.000e+00, ***)
V to T	8	4	31.210971482344995	4.0479286769129737e-10	***	4	Aorta>Heart (Δ=1.253, q=6.000e-04, ***); Aorta>Muscle (Δ=1.471, q=1.000e-04, ***); Brain>Heart (Δ=1.468, q=0.000e+00, ***); Brain>Muscle (Δ=1.687, q=0.000e+00, ***)	Brain>Aorta (Δ=0.216, q=8.654e-01, ns)	Aorta>Heart (Δ=1.253, q=6.000e-04, ***)			Aorta>Muscle (Δ=1.471, q=1.000e-04, ***)		Brain>Heart (Δ=1.468, q=0.000e+00, ***)			Brain>Muscle (Δ=1.687, q=0.000e+00, ***)				Heart>Muscle (Δ=0.219, q=7.720e-01, ns)							
A to E	7	4	13.630206197116246	6.734393489964528e-06	***	3	Aorta>Skin (Δ=1.650, q=1.000e-04, ***); Heart>Skin (Δ=0.988, q=6.000e-04, ***); Muscle>Skin (Δ=1.208, q=2.000e-04, ***)		Aorta>Heart (Δ=0.662, q=1.783e-01, ns)			Aorta>Muscle (Δ=0.442, q=5.595e-01, ns)	Aorta>Skin (Δ=1.650, q=1.000e-04, ***)								Muscle>Heart (Δ=0.220, q=8.169e-01, ns)	Heart>Skin (Δ=0.988, q=6.000e-04, ***)						Muscle>Skin (Δ=1.208, q=2.000e-04, ***)
D to S	6	4	2.3133299067983426	0.10147025834264763	ns	0		Brain>Aorta (Δ=0.049, q=9.987e-01, ns)				Aorta>Muscle (Δ=0.258, q=7.064e-01, ns)	Aorta>Skin (Δ=0.773, q=1.036e-01, ns)				Brain>Muscle (Δ=0.307, q=7.440e-01, ns)	Brain>Skin (Δ=0.821, q=1.487e-01, ns)										Muscle>Skin (Δ=0.514, q=3.473e-01, ns)
E to T	12	4	1.394941154965681	0.25473074523440076	ns	0													Kidney>Heart (Δ=0.213, q=7.104e-01, ns)		Muscle>Heart (Δ=0.141, q=5.569e-01, ns)	Skin>Heart (Δ=0.346, q=3.183e-01, ns)		Kidney>Muscle (Δ=0.073, q=9.833e-01, ns)	Skin>Kidney (Δ=0.132, q=9.572e-01, ns)			Skin>Muscle (Δ=0.205, q=7.342e-01, ns)
P to Q	11	3	42.1907030139449	4.7881149153115304e-11	***	2	Aorta>Kidney (Δ=1.911, q=0.000e+00, ***); Heart>Kidney (Δ=1.784, q=0.000e+00, ***)		Aorta>Heart (Δ=0.127, q=9.155e-01, ns)	Aorta>Kidney (Δ=1.911, q=0.000e+00, ***)									Heart>Kidney (Δ=1.784, q=0.000e+00, ***)									
V to Q	5	3	89.38217380142909	9.529721738079479e-10	***	2	Aorta>Heart (Δ=1.371, q=0.000e+00, ***); Kidney>Heart (Δ=1.522, q=0.000e+00, ***)		Aorta>Heart (Δ=1.371, q=0.000e+00, ***)	Kidney>Aorta (Δ=0.151, q=5.550e-01, ns)									Kidney>Heart (Δ=1.522, q=0.000e+00, ***)									
Q to N	3	3	164.24411643922414	8.258999408815375e-08	***	3	Muscle>Heart (Δ=1.873, q=0.000e+00, ***); Skin>Heart (Δ=1.376, q=0.000e+00, ***); Muscle>Skin (Δ=0.497, q=3.100e-03, **)														Muscle>Heart (Δ=1.873, q=0.000e+00, ***)	Skin>Heart (Δ=1.376, q=0.000e+00, ***)						Muscle>Skin (Δ=0.497, q=3.100e-03, **)
F to L	3	3	22.813622098406626	0.00029905390540559433	***	2	Aorta>Skin (Δ=0.168, q=2.000e-04, ***); Heart>Skin (Δ=0.109, q=4.800e-03, **)		Aorta>Heart (Δ=0.058, q=1.055e-01, ns)				Aorta>Skin (Δ=0.168, q=2.000e-04, ***)									Heart>Skin (Δ=0.109, q=4.800e-03, **)						
G to S	7	3	7.305700373146671	0.0031732011634373774	**	1	Brain>Skin (Δ=1.639, q=4.100e-03, **)								Brain>Kidney (Δ=1.883, q=2.040e-02, *)			Brain>Skin (Δ=1.639, q=4.100e-03, **)							Skin>Kidney (Δ=0.244, q=9.110e-01, ns)			
A to G	4	3	8.075776728732125	0.0052520726097215744	**	1	Kidney>Heart (Δ=1.989, q=7.100e-03, **)												Kidney>Heart (Δ=1.989, q=7.100e-03, **)			Heart>Skin (Δ=0.147, q=9.600e-01, ns)			Kidney>Skin (Δ=2.136, q=1.160e-02, *)			
A to D	4	3	4.451461765058725	0.027883749499488533	*	0									Kidney>Brain (Δ=0.519, q=7.743e-01, ns)	Liver>Brain (Δ=1.676, q=3.710e-02, *)							Liver>Kidney (Δ=1.157, q=1.763e-01, ns)					
H to D	26	3	2.749609291403181	0.06856142610074599	ns	0													Heart>Kidney (Δ=0.596, q=5.860e-02, ns)		Muscle>Heart (Δ=0.001, q=1.000e+00, ns)			Muscle>Kidney (Δ=0.597, q=8.460e-02, ns)				
Y to V	3	2	90.02771614185109	2.5669978529529845e-06	***	1	Muscle>Kidney (Δ=1.034, q=0.000e+00, ***)																	Muscle>Kidney (Δ=1.034, q=0.000e+00, ***)				
V to E	6	2	2.1881037119001956	0.15109543532946976	ns	0															Muscle>Heart (Δ=0.699, q=1.511e-01, ns)							
M to N	3	2	1.7728431415505195	0.21258472954377877	ns	0												Brain>Skin (Δ=0.782, q=2.126e-01, ns)										
Y to D	5	2	0.06583587151034294	0.8004089018260168	ns	0			Aorta>Heart (Δ=0.060, q=8.004e-01, ns)																			
