query_id,dataset,mtp_seq,bp_seq,swap,position,protein_pos,bp_aa,mtp_aa,species,status,accession,gene,ambiguous
fcb1_2,fcb1,NLHQSNFSLSGAQIDDNLPR,NLHQSNFSLSGAQIDDNNPR,NtoL,18,664,N,L,human,keep,Q14194-2,CRMP1,False
fcb1_3,fcb1,LRDEQLNSPYSCQAEGPCLTR,LRDEQLNAPYSCQAEGPCLTR,AtoS,8,39,A,S,human,keep,A2RTX5,TARSL2,False
fcb1_4,fcb1,LYPWGQVEVENPEHNDFLK,LYPWGVVEVENPEHNDFLK,VtoQ,6,297,V,Q,human,keep,Q15019-2,SEPT2,False
fcb1_5,fcb1,LYTWGVVEVENPEHNDFLK,LYPWGVVEVENPEHNDFLK,PtoT,3,294,P,T,human,keep,Q15019-2,SEPT2,False
fcb1_7,fcb1,AATYWITAPQNLVLSPGEDGTLICR,AAPYWITAPQNLVLSPGEDGTLICR,PtoT,3,361,P,T,human,keep,Q92823-5,NRCAM,False
fcb1_8,fcb1,TEYAITWLNEPSFVFADVIR,TEYAIPWLNEPSFVFADVIR,PtoT,6,204,P,T,human,keep,Q92854,SEMA4D,False
fcb1_9,fcb1,MYGVLTWNAFPGK,MYGVLPWNAFPGK,PtoT,6,211,P,T,human,keep,P60201,PLP1,False
fcb1_10,fcb1,EDPNLVPSISSK,EDPNLVPSISNK,NtoS,11,85,N,S,human,keep,P10606,COX5B,False
fcb1_11,fcb1,KAEGVALTNATGVVESTSQAGDR,KAEGVALTNATGAVESTSQAGDR,AtoV,13,334,A,V,human,keep,Q9BY11,PACSIN1,False
fcb1_12,fcb1,TGQATVASGITAGWMGLDCGPESSK,TGQATVASGIPAGWMGLDCGPESSK,PtoT,11,308,P,T,human,keep,P00558,PGK1,False
fcb1_13,fcb1,MYGVLPWNQFPGK,MYGVLPWNAFPGK,AtoQ,9,214,A,Q,human,keep,P60201,PLP1,False
fcb1_15,fcb1,ESINQETVQQR,EAINQETVQQR,AtoS,2,414,A,S,human,keep,P11137,MAP2,False
fcb1_16,fcb1,EIADLGEALATAVITQWQK,EIADLGEALATAVIPQWQK,PtoT,15,816,P,T,human,keep,P49588-2,AARS,False
fcb1_17,fcb1,CICNQLSLTTK,CICSQLSLTTK,StoN,4,209,S,N,human,keep,Q12765-2,SCRN1,False
fcb1_18,fcb1,APQAQPTPGPGPAGVK,APQAQPAPGPGPAGVK,AtoT,7,3863,A,T,human,keep,Q9UPA5,BSN,False
fcb1_19,fcb1,WSGTLSLQEVDEQPQHPLHVTYAGAAVDELGK,WSGPLSLQEVDEQPQHPLHVTYAGAAVDELGK,PtoT,4,11,P,T,human,keep,P30086,PEBP1,False
fcb1_20,fcb1,ELTAWVSFPDVEK,ELPAWVSFPDVEK,PtoT,3,128,P,T,human,keep,Q9BSJ8-2,ESYT1,False
fcb1_22,fcb1,WLTAAATFPVQDPASGAALGMVADCGVR,WLPAAATFPVQDPASGAALGMVADCGVR,PtoT,3,71,P,T,human,keep,P51649-2,ALDH5A1,False
fcb1_23,fcb1,LAAENGWGVMVSHR,LAQENGWGVMVSHR,QtoA,3,361,Q,A,human,keep,P09104,ENO2,False
fcb1_25,fcb1,QYTWGVAEVENGEHCDFTILR,QYPWGVAEVENGEHCDFTILR,PtoT,3,268,P,T,human,keep,Q16181,SEPT7,False
fcb1_27,fcb1,ALDLIVDRPVTLVR,AFDLIVDRPVTLVR,FtoL,2,31,F,L,human,keep,O96000,NDUFB10,False
fcb1_28,fcb1,MSATFIGSNTAIQELFK,MSATFIGNNTAIQELFK,NtoS,8,370,N,S,human,keep,Q3ZCM7,TUBB8,False
fcb1_29,fcb1,TMQGSEVVSVLK,TMQGSEVVNVLK,NtoS,9,555,N,S,human,keep,Q8WUM4-2,PDCD6IP,False
fcb1_30,fcb1,WQASSLTADDLCTENAIMLK,WQASSLPADDLCTENAIMLK,PtoT,7,3568,P,T,human,keep,Q14204,DYNC1H1,False
fcb1_31,fcb1,FTVGDHSR,FTIGDHSR,ItoV,3,185,I,V,human,keep,O75083,WDR1,False
fcb1_33,fcb1,EIFISNITQTNPGIVTCLENHPHK,EIFISNITQANPGIVTCLENHPHK,AtoT,10,224,A,T,human,keep,A0AVT1,UBA6,False
fcb1_34,fcb1,AQEALLQLSQALSLMETVK,AQEALLQLSQVLSLMETVK,VtoA,11,275,V,A,human,keep,O60664,PLIN3,False
fcb1_35,fcb1,NNPETWNK,NNPEPWNK,PtoT,5,52,P,T,human,keep,O00483,NDUFA4,False
fcb1_36,fcb1,ALTFWNEEIVPQIK,ALPFWNEEIVPQIK,PtoT,3,165,P,T,human,keep,Q8N0Y7,PGAM4,True
fcb1_37,fcb1,WVGGTEIELIAIATGGR,WVGGPEIELIAIATGGR,PtoT,5,328,P,T,human,keep,P48643,CCT5,False
fcb1_38,fcb1,AAAPAPVSEAVSR,AAAPAPVSEAVCR,CtoS,12,491,C,S,human,keep,P20810-6,CAST,False
fcb1_39,fcb1,WNTFIDNIIASCSEDTSVR,WNPFIDNIIASCSEDTSVR,PtoT,3,97,P,T,human,keep,Q9UQ03,CORO2B,False
fcb1_40,fcb1,ILAAQGNLSAQGGAQPSVEAPAAPRPTATQLTR,ILAAQGQLSAQGGAQPSVEAPAAPRPTATQLTR,QtoN,7,149,Q,N,human,keep,Q9H936,SLC25A22,False
fcb1_41,fcb1,TVASPGVTVDEAVEQIDIGGVTLLR,TVASPGVTVEEAVEQIDIGGVTLLR,EtoD,10,118,E,D,human,keep,P31939,ATIC,False
fcb1_42,fcb1,EQITWTLIDFYDNQPCINLIESK,EQIPWTLIDFYDNQPCINLIESK,PtoT,4,483,P,T,human,keep,Q9Y4I1-3,MYO5A,False
fcb1_43,fcb1,GVDAQTTLSK,GVDAQGTLSK,GtoT,6,282,G,T,human,keep,P02686,MBP,False
fcb1_44,fcb1,TCSFDFTGAVEDISK,TCGFDFTGAVEDISK,GtoS,3,188,G,S,human,keep,P00505,GOT2,False
fcb1_45,fcb1,VLQAFSDGLAHLDNLK,VLGAFSDGLAHLDNLK,GtoQ,3,70,G,Q,human,keep,P68871,HBB,True
fcb1_46,fcb1,ILITWLLSPESLDIK,ILIPWLLSPESLDIK,PtoT,4,302,P,T,human,keep,Q8WXF7,ATL1,False
fcb1_47,fcb1,SVATGSSEAAGGASGGGAR,SVATGSSETAGGASGGGAR,TtoA,9,10,T,A,human,keep,Q8TAE6,PPP1R14C,False
fcb1_48,fcb1,TTWGIIEVENLNHCEFALLR,TPWGIIEVENLNHCEFALLR,PtoT,2,283,P,T,human,keep,Q9UH03,SEPT3,False
fcb1_49,fcb1,AATITATSTGALWGLDR,AATITATSPGALWGLDR,PtoT,9,241,P,T,human,keep,P31323,PRKAR2B,False
fcb1_50,fcb1,AFVHWYDGEGMEEGEFSEAR,AFVHWYVGEGMEEGEFSEAR,VtoD,7,479,V,D,human,keep,F5H5D3,TUBA1C,True
fcb1_51,fcb1,GILSCEASAVTMAEFQWFK,GILSCEASAVPMAEFQWFK,PtoT,11,250,P,T,human,keep,Q14982-4,OPCML,False
fcb1_52,fcb1,DVTWGVDSLITLAFQDQR,DVPWGVDSLITLAFQDQR,PtoT,3,170,P,T,human,keep,Q16658,FSCN1,False
fcb1_54,fcb1,ALATTWEQLALGLEHSETVK,ALAPTWEQLALGLEHSETVK,PtoT,4,225,P,T,human,keep,Q8NBS9,TXNDC5,False
fcb1_55,fcb1,AQPVQVAEGSETDGFWEALGGK,AQPVQVAEGSEPDGFWEALGGK,PtoT,12,638,P,T,human,keep,P06396,GSN,False
fcb1_56,fcb1,TNPANIEGNAETAQVLGLTTWMDYEFR,TNPANIEGNAETAQVLGLTPWMDYEFR,PtoT,20,677,P,T,human,keep,Q02246,CNTN2,False
fcb1_57,fcb1,VDNSSLTGESEPQDR,VDNSSLTGESEPQTR,TtoD,14,234,T,D,human,keep,Q13733,ATP1A4,True
fcb1_58,fcb1,ESEPQPAAEPAEAK,ESEPQAAAEPAEAK,AtoP,6,44,A,P,human,keep,P80723,BASP1,False
fcb1_59,fcb1,QTAASAGLVDAPAAAPAAAR,QTAASAGLVDAPAPAPAAAR,PtoA,14,105,P,A,human,keep,Q92777,SYN2,False
fcb1_60,fcb1,DYEFMWNTHLGYILTCPSNLGTGLR,DYEFMWNPHLGYILTCPSNLGTGLR,PtoT,8,26,P,T,human,keep,H0YJK0,CKB,False
fcb1_61,fcb1,AVDDLNLHSYSNLTIWVNK,AVDDLNLHSYSNLPIWVNK,PtoT,14,897,P,T,human,keep,Q14204,DYNC1H1,False
fcb1_62,fcb1,LYTWGIVEVENQAHCDFVK,LYPWGIVEVENQAHCDFVK,PtoT,3,275,P,T,human,keep,G3XAH0,SEPT5,False
fcb1_63,fcb1,WWTDNTLGTEIAIEDQICQGLK,WNTDNTLGTEIAIEDQICQGLK,NtoW,2,102,N,W,human,keep,P45880-1,VDAC2,False
fcb1_64,fcb1,NRPTSISSDGLDSGK,NRPTSISWDGLDSGK,WtoS,8,55,W,S,human,keep,P30086,PEBP1,False
fcb1_65,fcb1,GVDAQGTSSK,GVDAQGTLSK,LtoS,8,284,L,S,human,keep,P02686,MBP,False
fcb1_66,fcb1,NTVWYQALTHGLNEEQR,NPVWYQALTHGLNEEQR,PtoT,2,974,P,T,human,keep,O95373,IPO7,False
fcb1_67,fcb1,TLANLTWIVEPGQEAK,TLANLPWIVEPGQEAK,PtoT,6,510,P,T,human,keep,H0YI72,ANKS1B,False
fcb1_68,fcb1,AATYWLDEPK,AAPYWLDEPK,PtoT,3,337,P,T,human,keep,O94856,NFASC,False
fcb1_69,fcb1,TTTTGWTLDQCIQTGVDNPGHPFIK,TTPTGWTLDQCIQTGVDNPGHPFIK,PtoT,3,81,P,T,human,keep,C9JJX8,CKMT1B,True
fcb1_70,fcb1,HLGGITWTYAEDAVPTLTPCR,HLGGIPWTYAEDAVPTLTPCR,PtoT,6,254,P,T,human,keep,P31930,UQCRC1,False
fcb1_71,fcb1,ENAEQGEVDVESHR,ENAEQGEVDMESHR,MtoV,10,166,M,V,human,keep,P14209,CD99,False
fcb1_72,fcb1,NEPTTPSWLADIPTWVPK,NEPTTPSWLADIPPWVPK,PtoT,14,2082,P,T,human,keep,E9PGC8,MAP1A,False
fcb1_73,fcb1,VMQVVDEK,IMQVVDEK,ItoV,1,109,I,V,human,keep,Q13510-2,ASAH1,False
fcb1_75,fcb1,ELVDDSLNNVR,ELVDDSVNNVR,VtoL,7,178,V,L,human,keep,H7BY58,PCMT1,False
fcb1_76,fcb1,GDECQLVGPAQTSHWK,GDECQLVGPAQPSHWK,PtoT,12,973,P,T,human,keep,Q15149,PLEC,False
fcb1_77,fcb1,TIDWQAFAEIIPQNQK,TIDWVAFAEIIPQNQK,VtoQ,5,14,V,Q,human,keep,O75947,ATP5H,False
fcb1_78,fcb1,EGGQTAPASSR,EGGQTAPASTR,TtoS,10,563,T,S,human,keep,P06396,GSN,False
fcb1_79,fcb1,GCEENLDEAR,GSEENLDEAR,StoC,2,617,S,C,human,keep,P35611-3,ADD1,False
fcb1_80,fcb1,GTLQCEASAVTSAEFQWYK,GTLQCEASAVPSAEFQWYK,PtoT,11,249,P,T,human,keep,Q9P121-4,NTM,False
fcb1_81,fcb1,SADCSVEEETWK,SADCSVEEEPWK,PtoT,10,569,P,T,human,keep,P43004,SLC1A2,False
fcb1_82,fcb1,ETVVEVTQVTWEDIGGLEDVK,ETVVEVPQVTWEDIGGLEDVK,PtoT,7,472,P,T,human,keep,P55072,VCP,False
fcb1_83,fcb1,DNPLLAQLIQDK,DNALLAQLIQDK,AtoP,3,199,A,P,human,keep,P61764-2,STXBP1,False
fcb1_84,fcb1,VSSQAEVDDILAAVRPTTR,VSGQAEVDDILAAVRPTTR,GtoS,3,181,G,S,human,keep,A0A0A0MQU4,SCLY,False
fcb1_86,fcb1,MDENQVVAVTSTNAAK,MDENQFVAVTSTNAAK,FtoV,6,494,F,V,human,keep,Q14194-2,CRMP1,True
fcb1_87,fcb1,EALQDPEDENQ,EALQDVEDENQ,VtoP,6,33,V,P,human,keep,I3L0W5,YWHAE,False
fcb1_88,fcb1,DDDIAALVVDNGSGTCK,DDDIAALVVDNGSGMCK,MtoT,15,16,M,T,human,keep,P60709,ACTB,False
fcb2_2,fcb2,LYTWGVVEVENPEHNDFLK,LYPWGVVEVENPEHNDFLK,PtoT,3,294,P,T,human,keep,Q15019-2,SEPT2,False
fcb2_3,fcb2,KAEGVALTNATGVVESTSQAGDR,KAEGVALTNATGAVESTSQAGDR,AtoV,13,334,A,V,human,keep,Q9BY11,PACSIN1,False
fcb2_4,fcb2,AHIDLGCAADVEAVQTGLDLLEILR,AHITLGCAADVEAVQTGLDLLEILR,TtoD,4,332,T,D,human,keep,P09543,CNP,False
fcb2_6,fcb2,MYGVLTWNAFPGK,MYGVLPWNAFPGK,PtoT,6,211,P,T,human,keep,P60201,PLP1,False
fcb2_7,fcb2,QSASQLQK,QPASQLQK,PtoS,2,124,P,S,human,keep,Q16891,IMMT,False
fcb2_9,fcb2,ILTITGPTDAIFK,IVTITGPTDAIFK,VtoL,2,91,V,L,human,keep,P57721,PCBP3,False
fcb2_10,fcb2,LAAENGWGVMVSHR,LAQENGWGVMVSHR,QtoA,3,361,Q,A,human,keep,P09104,ENO2,False
fcb2_11,fcb2,NLSTFAMDGK,NLSTFAVDGK,VtoM,7,148,V,M,human,keep,P30042,C21orf33,True
fcb2_12,fcb2,EQLYTTASLK,EQLYTPASLK,PtoT,6,71,P,T,human,keep,P41217-3,CD200,False
fcb2_13,fcb2,SIQFVDSCPTGFK,SIQFVDWCPTGFK,WtoS,7,346,W,S,human,keep,P68363,TUBA1B,True
fcb2_15,fcb2,YISVIYTNYEAGK,YISLIYTNYEAGK,LtoV,4,107,L,V,human,keep,P09211,GSTP1,False
fcb2_16,fcb2,EANALAAGHPAQAAAINAR,EANALAAGHPAQAVAINAR,VtoA,14,1034,V,A,human,keep,O15020,SPTBN2,False
fcb2_17,fcb2,ILITWLLSPESLDIK,ILIPWLLSPESLDIK,PtoT,4,302,P,T,human,keep,Q8WXF7,ATL1,False
fcb2_18,fcb2,ILAAQGQVSAQGGAQPSVEAPAAPRPTATQLTR,ILAAQGQLSAQGGAQPSVEAPAAPRPTATQLTR,LtoV,8,150,L,V,human,keep,Q9H936,SLC25A22,False
fcb2_19,fcb2,QIVWNGTVGVFEWEAFAR,QIVWNGPVGVFEWEAFAR,PtoT,7,339,P,T,human,keep,P00558,PGK1,False
fcb2_20,fcb2,GDSAPAAAK,GDSAPATAK,TtoA,7,107,T,A,human,keep,O75781,PALM,False
fcb2_21,fcb2,AGGENISVSK,AGQENISVSK,QtoG,3,435,Q,G,human,keep,P50993,ATP1A2,False
fcb2_22,fcb2,SSQESGEEAGSQENHPQESK,SSQESGEETGSQENHPQESK,TtoA,9,243,T,A,human,keep,P05060,CHGB,False
fcb2_23,fcb2,GYGYGAGAGTLSTDK,GYGYGQGAGTLSTDK,QtoA,6,75,Q,A,human,keep,P21291,CSRP1,False
fcb2_24,fcb2,QTAASAGLVDAPAAAPAAAR,QTAASAGLVDAPAPAPAAAR,PtoA,14,105,P,A,human,keep,Q92777,SYN2,False
fcb2_25,fcb2,DSDVGDEAQSK,DSYVGDEAQSK,YtoD,3,55,Y,D,human,keep,P68133,ACTA1,True
fcb2_26,fcb2,TTTTGWTLDQCIQTGVDNPGHPFIK,TTPTGWTLDQCIQTGVDNPGHPFIK,PtoT,3,81,P,T,human,keep,C9JJX8,CKMT1B,True
fcb2_27,fcb2,DLYANDVLSGGTTMYPGIADR,DLYANTVLSGGTTMYPGIADR,TtoD,6,299,T,D,human,keep,P68032,ACTC1,True
fcb2_29,fcb2,AGDSELER,ASDSELER,StoG,2,2039,S,G,human,keep,Q15149,PLEC,False
fcb2_30,fcb2,LLEGEEDR,LLEGEEER,EtoD,7,385,E,D,human,keep,P02545,LMNA,True
fcb2_31,fcb2,EGGQTAPASSR,EGGQTAPASTR,TtoS,10,563,T,S,human,keep,P06396,GSN,False
fcb2_32,fcb2,AEDEENEK,AEAEENEK,AtoD,3,49,A,D,human,keep,Q14515,SPARCL1,False
fcb2_33,fcb2,DVEMGNSTIEENEMK,DVEMGNSVIEENEMK,VtoT,8,513,V,T,human,keep,P43003,SLC1A3,False
fcb2_34,fcb2,ASGNNQDGVVASQPAR,AWGNNQDGVVASQPAR,WtoS,2,105,W,S,human,keep,P60880-2,SNAP25,False
fcb2_35,fcb2,QYTWGVVQVENENHCDFVK,QYPWGVVQVENENHCDFVK,PtoT,3,281,P,T,human,keep,B5ME97,SEPT10,True
fcb2_36,fcb2,SLGQNPTEAELQDMINEVDADGNGTIDFNEFLTMMAR,SLGQNPTEAELQDMINEVDADGNGTIDFPEFLTMMAR,PtoN,29,31,P,N,human,keep,G3V226,CALM1,True
fcb2_37,fcb2,LGFSEVELVQTVVDGVK,LGFSEVELVQMVVDGVK,MtoT,11,352,M,T,human,keep,P12277,CKB,False
fcb2_38,fcb2,VLGTAGTEEGQK,ILGTAGTEEGQK,ItoV,1,176,I,V,human,keep,Q08257,CRYZ,False
fcb2_39,fcb2,GILAADESCGSIAK,GILAADESTGSIAK,TtoC,9,91,T,C,human,keep,P04075-2,ALDOA,False
fcb2_40,fcb2,DNLTLWDSENQGDEGDAGEGEN,DNLTLWTSENQGDEGDAGEGEN,TtoD,7,231,T,D,human,keep,P31946,YWHAB,False
fcb3_1,fcb3,EAASDQEALAR,EAASYQEALAR,YtoD,5,324,Y,D,human,keep,P14136-2,GFAP,False
fcb3_2,fcb3,AETMELNDR,AEMMELNDR,MtoT,3,73,M,T,human,keep,P14136-2,GFAP,False
fcb3_3,fcb3,FQMPDQGMQSADDFFQGTK,FQMPDQGMTSADDFFQGTK,TtoQ,9,84,T,Q,human,keep,Q16555,DPYSL2,False
fcb3_4,fcb3,ITSEAGDGATK,ITSEGGDGATK,GtoA,5,865,G,A,human,keep,P07197,NEFM,False
fcb3_5,fcb3,QVTSTASTFVK,QATSTASTFVK,AtoV,2,35,A,V,human,keep,P56556,NDUFA6,False
fcb3_6,fcb3,AGVAAPATQVVQVTLQSVQR,AGVAAPATQVAQVTLQSVQR,AtoV,11,641,A,V,human,keep,Q15149,PLEC,False
fcb3_7,fcb3,DGGADGTEQR,DGGAWGTEQR,WtoD,5,69,W,D,human,keep,P09382,LGALS1,False
fcb3_8,fcb3,AQEALLQLSQALSLMETVK,AQEALLQLSQVLSLMETVK,VtoA,11,275,V,A,human,keep,O60664,PLIN3,False
fcb3_9,fcb3,EANALAAGHPAQAAAINAR,EANALAAGHPAQAVAINAR,VtoA,14,1034,V,A,human,keep,O15020,SPTBN2,False
fcb3_10,fcb3,VLEAFSDGLAHLDNLK,VLGAFSDGLAHLDNLK,GtoE,3,70,G,E,human,keep,P68871,HBB,True
fcb3_11,fcb3,ALTFWNEEIVPQIK,ALPFWNEEIVPQIK,PtoT,3,165,P,T,human,keep,Q8N0Y7,PGAM4,True
fcb3_12,fcb3,AILVDLEPGQMDSVR,AILVDLEPGTMDSVR,TtoQ,10,419,T,Q,human,keep,A0A0B4J269,TUBB3,True
fcb3_13,fcb3,YLATASTMDHQR,YLATASTMDHAR,AtoQ,11,25,A,Q,human,keep,E9PLU9,MBP,False
fcb3_14,fcb3,ILITWLLSPESLDIK,ILIPWLLSPESLDIK,PtoT,4,302,P,T,human,keep,Q8WXF7,ATL1,False
fcb3_15,fcb3,ILAAQGQVSAQGGAQPSVEAPAAPRPTATQLTR,ILAAQGQLSAQGGAQPSVEAPAAPRPTATQLTR,LtoV,8,150,L,V,human,keep,Q9H936,SLC25A22,False
fcb3_16,fcb3,TTWGIIEVENLNHCEFALLR,TPWGIIEVENLNHCEFALLR,PtoT,2,283,P,T,human,keep,Q9UH03,SEPT3,False
fcb3_17,fcb3,LLVSASQDNK,LLVSASQDGK,GtoN,9,77,G,N,human,keep,Q9HAV0,GNB4,True
fcb3_18,fcb3,GDSAPAAAK,GDSAPATAK,TtoA,7,107,T,A,human,keep,O75781,PALM,False
fcb3_19,fcb3,AEGAPNQGK,AEGTPNQGK,TtoA,4,583,T,A,human,keep,Q9P2E9,RRBP1,False
fcb3_20,fcb3,INVYYNEAQGGK,INVYYNEATGGK,TtoQ,9,55,T,Q,human,keep,P68371,TUBB4B,False
fcb3_21,fcb3,DVTWGVDSLITLAFQDQR,DVPWGVDSLITLAFQDQR,PtoT,3,170,P,T,human,keep,Q16658,FSCN1,False
fcb3_22,fcb3,FQMPDQGTTSADDFFQGTK,FQMPDQGMTSADDFFQGTK,MtoT,8,83,M,T,human,keep,Q16555,DPYSL2,False
fcb3_23,fcb3,WGDAGAEYPVESTGVFTTMEK,WGDAGAEYVVESTGVFTTMEK,VtoP,9,95,V,P,human,keep,P04406,GAPDH,False
fcb3_24,fcb3,LGVENCYFNMFVSQSALEK,LGVENCYFPMFVSQSALEK,PtoN,9,1079,P,N,human,keep,P07814,EPRS,False
fcb3_25,fcb3,RLSLESEGAAEGAAASPELSALEEAFR,RLSLESEGAGEGAAASPELSALEEAFR,GtoA,10,39,G,A,human,keep,O94811,TPPP,False
fcb3_26,fcb3,ELVDDSLNNVR,ELVDDSVNNVR,VtoL,7,178,V,L,human,keep,H7BY58,PCMT1,False
fcb3_27,fcb3,AEDEENEK,AEAEENEK,AtoD,3,49,A,D,human,keep,Q14515,SPARCL1,False
fcb3_28,fcb3,EYQLNDSAAYYLNDVER,EYQLNDSAAYYLNDLER,LtoV,15,160,L,V,human,keep,P04899-4,GNAI2,False
fcb3_29,fcb3,QYTWGVVQVENENHCDFVK,QYPWGVVQVENENHCDFVK,PtoT,3,281,P,T,human,keep,B5ME97,SEPT10,True
fcb3_30,fcb3,DDDIAALVPDNGSGMCK,DDDIAALVVDNGSGMCK,VtoP,9,10,V,P,human,keep,P60709,ACTB,False
fcb4_1,fcb4,VGAHANEYGAEALER,VGAHAGEYGAEALER,GtoN,6,23,G,N,human,keep,P69905,HBA1,False
fcb4_3,fcb4,SADDLWDIQK,SADTLWDIQK,TtoD,4,323,T,D,human,keep,P07195,LDHB,False
fcb4_4,fcb4,LYTWGVVEVENPEHNDFLK,LYPWGVVEVENPEHNDFLK,PtoT,3,294,P,T,human,keep,Q15019-2,SEPT2,False
fcb4_5,fcb4,SAVTALSGK,SAVTALWGK,WtoS,7,16,W,S,human,keep,P68871,HBB,False
fcb4_6,fcb4,MYGVLTWNAFPGK,MYGVLPWNAFPGK,PtoT,6,211,P,T,human,keep,P60201,PLP1,False
fcb4_7,fcb4,FAGLHFFNPVNVMK,FAGLHFFNPVPVMK,PtoN,11,235,P,N,human,keep,Q16836-2,HADH,False
fcb4_8,fcb4,LSGDSGIQECFNR,LWGDSGIQECFNR,WtoS,2,132,W,S,human,keep,P09471-2,GNAO1,False
fcb4_9,fcb4,KAEGVALTNATGVVESTSQAGDR,KAEGVALTNATGAVESTSQAGDR,AtoV,13,334,A,V,human,keep,Q9BY11,PACSIN1,False
fcb4_10,fcb4,MYGPLPWNAFPGK,MYGVLPWNAFPGK,VtoP,4,209,V,P,human,keep,P60201,PLP1,False
fcb4_11,fcb4,AHIDLGCAADVEAVQTGLDLLEILR,AHITLGCAADVEAVQTGLDLLEILR,TtoD,4,332,T,D,human,keep,P09543,CNP,False
fcb4_13,fcb4,AGPHLQGGAK,AGAHLQGGAK,AtoP,3,110,A,P,human,keep,P04406,GAPDH,False
fcb4_14,fcb4,CICNQLSLTTK,CICSQLSLTTK,StoN,4,209,S,N,human,keep,Q12765-2,SCRN1,False
fcb4_15,fcb4,MSATFIGANTAIQELFK,MSATFIGNNTAIQELFK,NtoA,8,370,N,A,human,keep,Q3ZCM7,TUBB8,False
fcb4_17,fcb4,GATAVAETFK,GATAIAETFK,ItoV,5,669,I,V,human,keep,Q8N1K5-4,THEMIS,False
fcb4_18,fcb4,ILTITGPTDAIFK,IVTITGPTDAIFK,VtoL,2,91,V,L,human,keep,P57721,PCBP3,False
fcb4_19,fcb4,SILSLLDK,SILSALDK,AtoL,5,588,A,L,human,keep,P21817,RYR1,True
fcb4_20,fcb4,SGPFGQIFRPDNFVFGQSGAGNNSAK,SGPFGQIFRPDNFVFGQSGAGNNWAK,WtoS,24,29,W,S,human,keep,M0R1I1,TUBB4A,True
fcb4_21,fcb4,SGPFGQIFRPDNFTFGQSGAGNNWAK,SGPFGQIFRPDNFVFGQSGAGNNWAK,VtoT,14,19,V,T,human,keep,M0R1I1,TUBB4A,True
fcb4_22,fcb4,LAAENGWGVMVSHR,LAQENGWGVMVSHR,QtoA,3,361,Q,A,human,keep,P09104,ENO2,False
fcb4_23,fcb4,TMQGSEVVSVLK,TMQGSEVVNVLK,NtoS,9,555,N,S,human,keep,Q8WUM4-2,PDCD6IP,False
fcb4_24,fcb4,NSSYFPEWIPNNVK,NSSYFVEWIPNNVK,VtoP,6,689,V,P,human,keep,A0A0B4J269,TUBB3,True
fcb4_25,fcb4,FTVGDHSR,FTIGDHSR,ItoV,3,185,I,V,human,keep,O75083,WDR1,False
fcb4_26,fcb4,QEQVDNQTR,QEQIDNQTR,ItoV,4,1049,I,V,human,keep,Q13813-2,SPTAN1,False
fcb4_27,fcb4,GLTSIVNEK,GLTSIQNEK,QtoV,6,92,Q,V,human,keep,Q7Z3T8,ZFYVE16,False
fcb4_28,fcb4,NTGQGCVCSNQFLVQR,NTGQTCVCSNQFLVQR,TtoG,5,352,T,G,human,keep,P51649-2,ALDH5A1,False
fcb4_29,fcb4,AFDQGADAIYDHVNEGK,AFDQGADAIYDHINEGK,ItoV,13,47,I,V,human,keep,Q9UDW1,UQCR10,False
fcb4_30,fcb4,YLADASTMDHAR,YLATASTMDHAR,TtoD,4,18,T,D,human,keep,E9PLU9,MBP,False
fcb4_31,fcb4,AVLVDLEPGQMDSVR,AVLVDLEPGTMDSVR,TtoQ,10,72,T,Q,human,keep,P68371,TUBB4B,True
fcb4_32,fcb4,ILAAQGQVSAQGGAQPSVEAPAAPRPTATQLTR,ILAAQGQLSAQGGAQPSVEAPAAPRPTATQLTR,LtoV,8,150,L,V,human,keep,Q9H936,SLC25A22,False
fcb4_33,fcb4,VGINYQPPTVVPQGDLAK,VGINYQPPTVVPGGDLAK,GtoQ,13,435,G,Q,human,keep,F5H5D3,TUBA1C,True
fcb4_34,fcb4,SSEEAETQCR,SWEEAETQCR,WtoS,2,709,W,S,human,keep,Q96GW7,BCAN,False
fcb4_35,fcb4,SVATGSSEAAGGASGGGAR,SVATGSSETAGGASGGGAR,TtoA,9,10,T,A,human,keep,Q8TAE6,PPP1R14C,False
fcb4_36,fcb4,ILITWLLSPESLDIK,ILIPWLLSPESLDIK,PtoT,4,302,P,T,human,keep,Q8WXF7,ATL1,False
fcb4_37,fcb4,EGVVDGVATVAEK,EGVVHGVATVAEK,HtoD,5,50,H,D,human,keep,P37840,SNCA,False
fcb4_38,fcb4,SSMSPTTNVLLSPLSVATALSALSLGAEQR,SSTSPTTNVLLSPLSVATALSALSLGAEQR,TtoM,3,72,T,M,human,keep,I3L3Z3,SERPINF1,False
fcb4_39,fcb4,YLATASQMDHAR,YLATASTMDHAR,TtoQ,7,21,T,Q,human,keep,E9PLU9,MBP,False
fcb4_40,fcb4,GDSAPAAAK,GDSAPATAK,TtoA,7,107,T,A,human,keep,O75781,PALM,False
fcb4_41,fcb4,TCSFDFTGAVEDISK,TCGFDFTGAVEDISK,GtoS,3,188,G,S,human,keep,P00505,GOT2,False
fcb4_42,fcb4,QLAEEDAAQQR,QLAEEDLAQQR,LtoA,7,1961,L,A,human,keep,Q15149,PLEC,False
fcb4_43,fcb4,DCEQAENSMAAR,DCEQAENWMAAR,WtoS,8,1460,W,S,human,keep,Q13813-2,SPTAN1,False
fcb4_44,fcb4,ENTDLAGELR,ENADLAGELR,AtoT,3,1241,A,T,human,keep,B1PS43,MYH11,False
fcb4_46,fcb4,SSQESGEEAGSQENHPQESK,SSQESGEETGSQENHPQESK,TtoA,9,243,T,A,human,keep,P05060,CHGB,False
fcb4_48,fcb4,AGEGDATIHLK,AGEQDATIHLK,QtoG,4,296,Q,G,human,keep,A0A087WWD4,NCAM1,False
fcb4_49,fcb4,AAATSPDSGAK,ATATSPDSGAK,TtoA,2,511,T,A,human,keep,Q0VF96,CGNL1,False
fcb4_50,fcb4,SDSELNNEVAAR,SDSELNSEVAAR,StoN,7,266,S,N,human,keep,Q53TN4,CYBRD1,False
fcb4_51,fcb4,TQSIYDDTK,TQSIYDDMK,MtoT,8,526,M,T,human,keep,P43004,SLC1A2,False
fcb4_52,fcb4,LYTWGIVEVENQAHCDFVK,LYPWGIVEVENQAHCDFVK,PtoT,3,275,P,T,human,keep,G3XAH0,SEPT5,False
fcb4_53,fcb4,VAVAIPNRPPDTVLTDTTSLNQAALYR,VAVAIPNRPPDAVLTDTTSLNQAALYR,AtoT,12,516,A,T,human,keep,P51659-2,HSD17B4,False
fcb4_54,fcb4,NRPTSISSDGLDSGK,NRPTSISWDGLDSGK,WtoS,8,55,W,S,human,keep,P30086,PEBP1,False
fcb4_55,fcb4,GVDAQGTSSK,GVDAQGTLSK,LtoS,8,284,L,S,human,keep,P02686,MBP,False
fcb4_56,fcb4,ETEELQSQAQALSQEGK,EIEELQSQAQALSQEGK,ItoT,2,1438,I,T,human,keep,A0A087WUZ3,SPTBN1,False
fcb4_57,fcb4,SQGGEPDYNVAVGR,SQGGEPTYNVAVGR,TtoD,7,98,T,D,human,keep,G5E9Q6,PFN2,False
fcb4_58,fcb4,NMQNAEESFK,NMQNAEEWFK,WtoS,8,279,W,S,human,keep,P07196,NEFL,False
fcb4_59,fcb4,TTGIVMDSGDGVQHTVPIYEGYALPHAILR,TTGIVMDSGDGVTHTVPIYEGYALPHAILR,TtoQ,13,160,T,Q,human,keep,P63261,ACTG1,True
fcb4_60,fcb4,FSSACDMGGCTGALAR,FSSACDVGGCTGALAR,VtoM,7,458,V,M,human,keep,O95671,ASMTL,False
fcb4_61,fcb4,ENAEQGEVDVESHR,ENAEQGEVDMESHR,MtoV,10,166,M,V,human,keep,P14209,CD99,False
fcb4_62,fcb4,GCEENLDEAR,GSEENLDEAR,StoC,2,617,S,C,human,keep,P35611-3,ADD1,False
fcb4_64,fcb4,EAATSNTNTLNR,EAAASNTNTLNR,AtoT,4,412,A,T,human,keep,Q8WXS5,CACNG8,False
fcb4_65,fcb4,ELVDDSLNNVR,ELVDDSVNNVR,VtoL,7,178,V,L,human,keep,H7BY58,PCMT1,False
fcb4_67,fcb4,DSPETEESPAPEPR,DSPETEENPAPEPR,NtoS,8,324,N,S,human,keep,Q14CZ8,HEPACAM,False
fcb4_68,fcb4,EEIPEEELDEDVEEIDHAER,EEIPEEELAEDVEEIDHAER,AtoD,9,1110,A,D,human,keep,Q01814,ATP2B2,True
fcb4_69,fcb4,AEDEENEK,AEAEENEK,AtoD,3,49,A,D,human,keep,Q14515,SPARCL1,False
fcb4_72,fcb4,ASGNNQDGVVASQPAR,AWGNNQDGVVASQPAR,WtoS,2,105,W,S,human,keep,P60880-2,SNAP25,False
fcb4_73,fcb4,DGPNALTPPPTTTEWVK,DGPNALTPPPTTPEWVK,PtoT,13,77,P,T,human,keep,A0A0A0MT26,ATP1A3,True
fcb4_74,fcb4,AYHEQLSVAEITNACFEPAMQMVK,AYHEQLSVAEITNACFEPANQMVK,NtoM,20,300,N,M,human,keep,Q71U36,TUBA1A,True
fcb4_75,fcb4,DFENSLNQVK,DFENSMNQVK,MtoL,6,47,M,L,human,keep,O75521,ECI2,False
fcb4_76,fcb4,GIQEEDEALVK,GIQEEMEALVK,MtoD,6,152,M,D,human,keep,Q16555,DPYSL2,False
fcb4_77,fcb4,EPLQDVEDENQ,EALQDVEDENQ,AtoP,2,29,A,P,human,keep,I3L0W5,YWHAE,False
fcb4_78,fcb4,DDDIAALVVDNGSGTCK,DDDIAALVVDNGSGMCK,MtoT,15,16,M,T,human,keep,P60709,ACTB,False
fcb5_1,fcb5,EDTAALEK,EDMAALEK,MtoT,3,495,M,T,human,keep,F5H5D3,TUBA1C,True
fcb5_2,fcb5,MDEMQFVAVTSTNAAK,MDENQFVAVTSTNAAK,NtoM,4,492,N,M,human,keep,Q14194-2,CRMP1,True
fcb5_3,fcb5,ALQASALSAWR,ALQASALNAWR,NtoS,8,312,N,S,human,keep,P09972,ALDOC,False
fcb5_4,fcb5,QASVSGPAPPK,QTSVSGPAPPK,TtoA,2,567,T,A,human,keep,P17600,SYN1,False
fcb5_5,fcb5,LLVVYTWTQR,LLVVYPWTQR,PtoT,6,37,P,T,human,keep,P69892,HBG2,True
fcb5_6,fcb5,AHIDLGCAADVEAVQTGLDLLEILR,AHITLGCAADVEAVQTGLDLLEILR,TtoD,4,332,T,D,human,keep,P09543,CNP,False
fcb5_8,fcb5,LAQEGGWGVMVSHR,LAQENGWGVMVSHR,NtoG,5,363,N,G,human,keep,P09104,ENO2,False
fcb5_9,fcb5,DGGADGTEQR,DGGAWGTEQR,WtoD,5,69,W,D,human,keep,P09382,LGALS1,False
fcb5_10,fcb5,EQLYTTASLK,EQLYTPASLK,PtoT,6,71,P,T,human,keep,P41217-3,CD200,False
fcb5_11,fcb5,YLSTASTMDHAR,YLATASTMDHAR,AtoS,3,17,A,S,human,keep,E9PLU9,MBP,False
fcb5_12,fcb5,YISVIYTNYEAGK,YISLIYTNYEAGK,LtoV,4,107,L,V,human,keep,P09211,GSTP1,False
fcb5_13,fcb5,AQEALLQLSQALSLMETVK,AQEALLQLSQVLSLMETVK,VtoA,11,275,V,A,human,keep,O60664,PLIN3,False
fcb5_14,fcb5,LCYVALDFENEMTTAASSSSLEK,LCYVALDFENEMATAASSSSLEK,AtoT,13,230,A,T,human,keep,P68133,ACTA1,True
fcb5_15,fcb5,EVDEQTLNVQNK,EVDEQMLNVQNK,MtoT,6,330,M,T,human,keep,Q9BVA1,TUBB2B,True
fcb5_16,fcb5,SVATGSSEAAGGASGGGAR,SVATGSSETAGGASGGGAR,TtoA,9,10,T,A,human,keep,Q8TAE6,PPP1R14C,False
fcb5_17,fcb5,AEMEQGEQQR,AETEQGEQQR,TtoM,3,1859,T,M,human,keep,Q15149,PLEC,False
fcb5_18,fcb5,GTPSEDETK,GTPSEDEAK,AtoT,8,562,A,T,human,keep,O14994,SYN3,False
fcb5_19,fcb5,DVTWGVDSLITLAFQDQR,DVPWGVDSLITLAFQDQR,PtoT,3,170,P,T,human,keep,Q16658,FSCN1,False
fcb5_20,fcb5,ILITWLLSPESLDIK,ILIPWLLSPESLDIK,PtoT,4,302,P,T,human,keep,Q8WXF7,ATL1,False
fcb5_21,fcb5,QIVWNGTVGVFEWEAFAR,QIVWNGPVGVFEWEAFAR,PtoT,7,339,P,T,human,keep,P00558,PGK1,False
fcb5_22,fcb5,AGEGDATIHLK,AGEQDATIHLK,QtoG,4,296,Q,G,human,keep,A0A087WWD4,NCAM1,False
fcb5_23,fcb5,TSASIGSLCGDAR,TSASIGSLCADAR,AtoG,10,202,A,G,human,keep,P60201,PLP1,False
fcb5_24,fcb5,QEYFVVASTLQDIIR,QEYFVVAATLQDIIR,AtoS,8,303,A,S,human,keep,P06737,PYGL,True
fcb5_26,fcb5,AEDEENEK,AEAEENEK,AtoD,3,49,A,D,human,keep,Q14515,SPARCL1,False
fcb5_27,fcb5,DGPNALTPPPTTSEWIK,DGPNALTPPPTTPEWIK,PtoS,13,87,P,S,human,keep,P05023-4,ATP1A1,False
fcb5_28,fcb5,AATASAGAGGVDGKPR,AATASAGAGGIDGKPR,ItoV,11,12,I,V,human,keep,Q02978,SLC25A11,False
acgb1_1,acgb1,LLGMVLVCVLAHHFGK,LLGNVLVCVLAHHFGK,NtoM,4,109,N,M,human,keep,P68871,HBB,False
acgb1_2,acgb1,ASSSSLSMDEK,ASWSSLSMDEK,WtoS,3,70,W,S,human,keep,P13073,COX4I1,False
acgb1_3,acgb1,MMADEALSSGLVSR,MMADEALGSGLVSR,GtoS,8,239,G,S,human,keep,Q13011,ECH1,False
acgb1_4,acgb1,LISSYDNEFGYSNR,LISWYDNEFGYSNR,WtoS,4,313,W,S,human,keep,P04406,GAPDH,False
acgb1_5,acgb1,EPESCDCLQGFQLTHSLGGGTGSGMGTLLLSK,EAESCDCLQGFQLTHSLGGGTGSGMGTLLLSK,AtoP,2,124,A,P,human,keep,Q3ZCM7,TUBB8,False
acgb1_6,acgb1,AGMFVNK,AGMFVSK,StoN,6,662,S,N,human,keep,P56192,MARS,False
acgb1_7,acgb1,MYGVLTWNAFPGK,MYGVLPWNAFPGK,PtoT,6,211,P,T,human,keep,P60201,PLP1,False
acgb1_8,acgb1,YDDMSAAMK,YDDMAAAMK,AtoS,5,24,A,S,human,keep,P61981,YWHAG,True
acgb1_9,acgb1,FYLGGPTSVR,FYLGGPTSIR,ItoV,9,345,I,V,human,keep,Q9Y512,SAMM50,False
acgb1_10,acgb1,DFTPVGTTELGR,DFTPVCTTELGR,CtoG,6,47,C,G,human,keep,P30041,PRDX6,False
acgb1_11,acgb1,LLVVYTWTQR,LLVVYPWTQR,PtoT,6,37,P,T,human,keep,P69892,HBG2,True
acgb1_12,acgb1,QVTSTASTFVK,QATSTASTFVK,AtoV,2,35,A,V,human,keep,P56556,NDUFA6,False
acgb1_14,acgb1,LDSTDFTSTIK,LDSTDFTGTIK,GtoS,8,142,G,S,human,keep,P02786,TFRC,False
acgb1_15,acgb1,HMAGAAAAGAVVGGLGGYVLGSAMSR,HMAGAAAAGAVVGGLGGYMLGSAMSR,MtoV,19,129,M,V,human,keep,P04156,PRNP,False
acgb1_16,acgb1,QPIGVAAVITTWNFPSAMITR,QPIGVAAVITPWNFPSAMITR,PtoT,11,203,P,T,human,keep,P51649-2,ALDH5A1,False
acgb1_18,acgb1,CICNQLSLTTK,CICSQLSLTTK,StoN,4,209,S,N,human,keep,Q12765-2,SCRN1,False
acgb1_19,acgb1,FQLGNSGPNSTIK,FQLSNSGPNSTIK,StoG,4,659,S,G,human,keep,A0FGR8-6,ESYT2,False
acgb1_20,acgb1,APQAQPTPGPGPAGVK,APQAQPAPGPGPAGVK,AtoT,7,3863,A,T,human,keep,Q9UPA5,BSN,False
acgb1_21,acgb1,LYTWGVVEVENPEHNDFLK,LYPWGVVEVENPEHNDFLK,PtoT,3,294,P,T,human,keep,Q15019-2,SEPT2,False
acgb1_22,acgb1,VLMVEEPSMMLEWLYGCPPPYHTFEEPVYMK,VLMVEEPSMNLEWLYGCPPPYHTFEEPVYMK,NtoM,10,491,N,M,human,keep,P00395,MT-CO1,False
acgb1_23,acgb1,LVVGQNGILSTPAVSCIIR,LVIGQNGILSTPAVSCIIR,ItoV,3,106,I,V,human,keep,P36871-2,PGM1,False
acgb1_24,acgb1,IISNAGCTTNCLAPLAK,IISNASCTTNCLAPLAK,StoG,6,151,S,G,human,keep,P04406,GAPDH,False
acgb1_25,acgb1,GPSGPQGPR,GPAGPQGPR,AtoS,3,1087,A,S,human,keep,P02452,COL1A1,True
acgb1_27,acgb1,LFGGLLLDIK,LFGGLVLDIK,VtoL,6,595,V,L,human,keep,Q9Y6M7-7,SLC4A7,True
acgb1_28,acgb1,ACNCNPYGTMK,ACNCNLYGTMK,LtoP,6,888,L,P,human,keep,P11047,LAMC1,False
acgb1_29,acgb1,QLIMAMPQMQQLIQR,QLIMANPQMQQLIQR,NtoM,6,208,N,M,human,keep,Q9UHD9,UBQLN2,True
acgb1_30,acgb1,AGVAAPATQVVQVTLQSVQR,AGVAAPATQVAQVTLQSVQR,AtoV,11,641,A,V,human,keep,Q15149,PLEC,False
acgb1_34,acgb1,SGPFGQIFRPDNFTFGQSGAGNNWAK,SGPFGQIFRPDNFVFGQSGAGNNWAK,VtoT,14,19,V,T,human,keep,M0R1I1,TUBB4A,True
acgb1_35,acgb1,IYIDDNSK,IYIDDNNK,NtoS,7,251,N,S,human,keep,P48426,PIP4K2A,False
acgb1_37,acgb1,AGAGSATLNMAYAGAR,AGAGSATLSMAYAGAR,StoN,9,250,S,N,human,keep,P40926,MDH2,False
acgb1_38,acgb1,SGPFGQIFRPDNFVFGQSGAGNNSAK,SGPFGQIFRPDNFVFGQSGAGNNWAK,WtoS,24,29,W,S,human,keep,M0R1I1,TUBB4A,True
acgb1_39,acgb1,ILTITGPTDAIFK,IVTITGPTDAIFK,VtoL,2,91,V,L,human,keep,P57721,PCBP3,False
acgb1_40,acgb1,SGPFGQLFRPDNFTFGQTGAGNNWAK,SGPFGQLFRPDNFIFGQTGAGNNWAK,ItoT,14,19,I,T,human,keep,K7ES63,TUBB6,False
acgb1_41,acgb1,LAAENGWGVMVSHR,LAQENGWGVMVSHR,QtoA,3,361,Q,A,human,keep,P09104,ENO2,False
acgb1_42,acgb1,QDLSILVAK,QDLPILVAK,PtoS,4,92,P,S,human,keep,O14594,NCAN,False
acgb1_43,acgb1,VGSSMRPLLQAQGLTPSER,VGSSMRPLLQAQGLAPSER,AtoT,15,741,A,T,human,keep,Q9UPA5,BSN,False
acgb1_44,acgb1,DVTNDVHYENYR,DVTCDVHYENYR,CtoN,4,302,C,N,human,keep,Q16181,SEPT7,True
acgb1_45,acgb1,LAQEGGWGVMVSHR,LAQENGWGVMVSHR,NtoG,5,363,N,G,human,keep,P09104,ENO2,False
acgb1_46,acgb1,YLSGEENGVLSPEK,YLSGEENGVVSPEK,VtoL,10,307,V,L,human,keep,Q9NQ66,PLCB1,False
acgb1_47,acgb1,FFESFGDLSGPDAVMGNPK,FFESFGDLSTPDAVMGNPK,TtoG,10,51,T,G,human,keep,P02042,HBD,True
acgb1_48,acgb1,MWSIEMIAFGSGGGLLQK,MWSIENIAFGSGGGLLQK,NtoM,6,377,N,M,human,keep,P43490,NAMPT,False
acgb1_49,acgb1,LTTPTYEDLNHLVSATMSGVTTCLR,LTTPTYGDLNHLVSATMSGVTTCLR,GtoE,7,223,G,E,human,keep,Q9BVA1,TUBB2B,True
acgb1_50,acgb1,AYHEQLSTAEITNACFEPANQMVK,AYHEQLSVAEITNACFEPANQMVK,VtoT,8,288,V,T,human,keep,Q71U36,TUBA1A,True
acgb1_51,acgb1,FTVGDHSR,FTIGDHSR,ItoV,3,185,I,V,human,keep,O75083,WDR1,False
acgb1_52,acgb1,LASENGWGVMVSHR,LAQENGWGVMVSHR,QtoS,3,361,Q,S,human,keep,P09104,ENO2,False
acgb1_54,acgb1,FFESFQDLSTPDAVMGNPK,FFESFGDLSTPDAVMGNPK,GtoQ,6,47,G,Q,human,keep,P68871,HBB,False
acgb1_55,acgb1,SIQFVDSCPTGFK,SIQFVDWCPTGFK,WtoS,7,346,W,S,human,keep,P68363,TUBA1B,True
acgb1_56,acgb1,LLLAGYDDFNCNPWDALK,LLLAGYDDFNCNVWDALK,VtoP,13,296,V,P,human,keep,P62873,GNB1,False
acgb1_58,acgb1,AGGVFLEELGNHK,AGQVFLEELGNHK,QtoG,3,207,Q,G,human,keep,P09543,CNP,False
acgb1_59,acgb1,GLTSIVNEK,GLTSIQNEK,QtoV,6,92,Q,V,human,keep,Q7Z3T8,ZFYVE16,False
acgb1_60,acgb1,EQLYTTASLK,EQLYTPASLK,PtoT,6,71,P,T,human,keep,P41217-3,CD200,False
acgb1_61,acgb1,GMNLNLEPDNVGVVVFGNDK,GMSLNLEPDNVGVVVFGNDK,StoN,3,106,S,N,human,keep,P25705,ATP5A1,False
acgb1_62,acgb1,DLTTGYDSSQPNK,DVTTGYDSSQPNK,VtoL,2,531,V,L,human,keep,Q6PCE3,PGM2L1,False
acgb1_63,acgb1,EANALAAGHPAQAAAINAR,EANALAAGHPAQAVAINAR,VtoA,14,1034,V,A,human,keep,O15020,SPTBN2,False
acgb1_64,acgb1,EVDEQDLSVQSK,EVDEQMLSVQSK,MtoD,6,330,M,D,human,keep,P04350,TUBB4A,False
acgb1_65,acgb1,AVLVDLEPGQMDSVR,AVLVDLEPGTMDSVR,TtoQ,10,72,T,Q,human,keep,P68371,TUBB4B,True
acgb1_66,acgb1,YVSLIYTNYEAGK,YISLIYTNYEAGK,ItoV,2,105,I,V,human,keep,P09211,GSTP1,False
acgb1_67,acgb1,ILAAQGQVSAQGGAQPSVEAPAAPRPTATQLTR,ILAAQGQLSAQGGAQPSVEAPAAPRPTATQLTR,LtoV,8,150,L,V,human,keep,Q9H936,SLC25A22,False
acgb1_68,acgb1,ALTFWNEEIVPQIK,ALPFWNEEIVPQIK,PtoT,3,165,P,T,human,keep,Q8N0Y7,PGAM4,True
acgb1_69,acgb1,VLEAFSDGLAHLDNLK,VLGAFSDGLAHLDNLK,GtoE,3,70,G,E,human,keep,P68871,HBB,True
acgb1_70,acgb1,SVATGSSEAAGGASGGGAR,SVATGSSETAGGASGGGAR,TtoA,9,10,T,A,human,keep,Q8TAE6,PPP1R14C,False
acgb1_71,acgb1,LSPQGQQPLNPQSGSPQQQR,LSPQGQQPLSPQSGSPQQQR,StoN,10,470,S,N,human,keep,O14994,SYN3,False
acgb1_72,acgb1,AVCMLSNTTAIAESWAR,AVCMLSNTTAIAEAWAR,AtoS,14,411,A,S,human,keep,C9J2C0,TUBA8,True
acgb1_73,acgb1,VALPDDHLK,VVLPDDHLK,VtoA,2,471,V,A,human,keep,O95197,RTN3,False
acgb1_74,acgb1,YLSTASTMDHAR,YLATASTMDHAR,AtoS,3,17,A,S,human,keep,E9PLU9,MBP,False
acgb1_75,acgb1,AAAPAPVSEAVSR,AAAPAPVSEAVCR,CtoS,12,491,C,S,human,keep,P20810-6,CAST,False
acgb1_76,acgb1,TCSFDFTGAVEDISK,TCGFDFTGAVEDISK,GtoS,3,188,G,S,human,keep,P00505,GOT2,False
acgb1_77,acgb1,QIDQFASEVER,QIDQFANEVER,NtoS,7,70,N,S,human,keep,Q9BUT1,BDH2,False
acgb1_78,acgb1,VNMDEVGGEALGR,VNVDEVGGEALGR,VtoM,3,21,V,M,human,keep,P68871,HBB,False
acgb1_79,acgb1,AEGVALTNATGVVESTSQAGDR,AEGVALTNATGAVESTSQAGDR,AtoV,12,334,A,V,human,keep,Q9BY11,PACSIN1,False
acgb1_81,acgb1,GDSAPAAAK,GDSAPATAK,TtoA,7,107,T,A,human,keep,O75781,PALM,False
acgb1_82,acgb1,VFEISPFETWITR,VFEISPFEPWITR,PtoT,9,312,P,T,human,keep,Q16795,NDUFA9,True
acgb1_83,acgb1,KDEAPAAPAAQETK,KTEAPAAPAAQETK,TtoD,2,151,T,D,human,keep,P80723,BASP1,False
acgb1_84,acgb1,GVDAQGTLGK,GVDAQGTLSK,StoG,9,285,S,G,human,keep,P02686,MBP,False
acgb1_85,acgb1,NYTSMYDK,NYTSVYDK,VtoM,5,264,V,M,human,keep,Q9Y2T3-3,GDA,False
acgb1_86,acgb1,DCEQAENSMAAR,DCEQAENWMAAR,WtoS,8,1460,W,S,human,keep,Q13813-2,SPTAN1,False
acgb1_87,acgb1,WLTLEANPEVTNQFLK,WLPLEANPEVTNQFLK,PtoT,3,8,P,T,human,keep,P15374,UCHL3,False
acgb1_88,acgb1,ETPPATEAPSSTPK,ETPAATEAPSSTPK,AtoP,4,188,A,P,human,keep,P80723,BASP1,False
acgb1_89,acgb1,TTWGIIEVENLNHCEFALLR,TPWGIIEVENLNHCEFALLR,PtoT,2,283,P,T,human,keep,Q9UH03,SEPT3,False
acgb1_90,acgb1,LVTSPCCIVTSTYGWTAMMER,LVTSPCCIVTSTYGWTANMER,NtoM,18,731,N,M,human,keep,P07900-2,HSP90AA1,False
acgb1_91,acgb1,NTGQGCVCSNQFLVQR,NTGQTCVCSNQFLVQR,TtoG,5,352,T,G,human,keep,P51649-2,ALDH5A1,False
acgb1_92,acgb1,IEMLLTEWNK,IETLLTEWNK,TtoM,3,497,T,M,human,keep,Q8TDJ6-3,DMXL2,False
acgb1_94,acgb1,VLQAFSDGLAHLDNLK,VLGAFSDGLAHLDNLK,GtoQ,3,70,G,Q,human,keep,P68871,HBB,True
acgb1_95,acgb1,DNFFIELGQTQWLK,DNFFIELGQPQWLK,PtoT,10,614,P,T,human,keep,Q9UPR5,SLC8A2,False
acgb1_96,acgb1,GTDWILGEIK,GPDWILGEIK,PtoT,2,73,P,T,human,keep,P49821,NDUFV1,False
acgb1_97,acgb1,NRPTSISSDGLDSGK,NRPTSISWDGLDSGK,WtoS,8,55,W,S,human,keep,P30086,PEBP1,False
acgb1_98,acgb1,NRPTSISDDGLDSGK,NRPTSISWDGLDSGK,WtoD,8,55,W,D,human,keep,P30086,PEBP1,False
acgb1_99,acgb1,QTAASAGLVDAPAAAPAAAR,QTAASAGLVDAPAPAPAAAR,PtoA,14,105,P,A,human,keep,Q92777,SYN2,False
acgb1_100,acgb1,SDSELNNEVAAR,SDSELNSEVAAR,StoN,7,266,S,N,human,keep,Q53TN4,CYBRD1,False
acgb1_101,acgb1,TTTTGWTLDQCIQTGVDNPGHPFIK,TTPTGWTLDQCIQTGVDNPGHPFIK,PtoT,3,81,P,T,human,keep,C9JJX8,CKMT1B,True
acgb1_102,acgb1,HLGGITWTYAEDAVPTLTPCR,HLGGIPWTYAEDAVPTLTPCR,PtoT,6,254,P,T,human,keep,P31930,UQCRC1,False
acgb1_103,acgb1,IVSAGEQQSPQPVSSALSWTITGGR,IVSAGEQQSPQPVSSALSWPITGGR,PtoT,20,431,P,T,human,keep,Q15334,LLGL1,False
acgb1_104,acgb1,LYTWGIVEVENQAHCDFVK,LYPWGIVEVENQAHCDFVK,PtoT,3,275,P,T,human,keep,G3XAH0,SEPT5,False
acgb1_105,acgb1,QTMTGHESDINAICFFPNGNAFATGSDDATCR,QTFTGHESDINAICFFPNGNAFATGSDDATCR,FtoM,3,222,F,M,human,keep,P62873,GNB1,False
acgb1_106,acgb1,DYEFMWNTHLGYILTCPSNLGTGLR,DYEFMWNPHLGYILTCPSNLGTGLR,PtoT,8,26,P,T,human,keep,H0YJK0,CKB,False
acgb1_107,acgb1,QFGIPTIGEEK,QFGIVTIGEEK,VtoP,5,183,V,P,human,keep,P51674,GPM6A,False
acgb1_108,acgb1,STESLQTNVQR,STESLQANVQR,AtoT,7,112,A,T,human,keep,P26373,RPL13,False
acgb1_109,acgb1,NMQNAEESFK,NMQNAEEWFK,WtoS,8,279,W,S,human,keep,P07196,NEFL,False
acgb1_110,acgb1,SADCSVEEETWK,SADCSVEEEPWK,PtoT,10,569,P,T,human,keep,P43004,SLC1A2,False
acgb1_111,acgb1,GCEENLDEAR,GSEENLDEAR,StoC,2,617,S,C,human,keep,P35611-3,ADD1,False
acgb1_112,acgb1,ELVDDSLNNVR,ELVDDSVNNVR,VtoL,7,178,V,L,human,keep,H7BY58,PCMT1,False
acgb1_113,acgb1,TQTDSEAQESTATSDETK,TQTDSEVQESTATSDETK,VtoA,7,2369,V,A,human,keep,Q01484,ANK2,False
acgb1_114,acgb1,VLMEDDDLYSCVVENPISQGR,VLMEDDDLYSCMVENPISQGR,MtoV,12,218,M,V,human,keep,Q14CZ8,HEPACAM,False
acgb1_115,acgb1,YVSLIYTNYEAGKDDYVK,YISLIYTNYEAGKDDYVK,ItoV,2,105,I,V,human,keep,P09211,GSTP1,False
acgb1_116,acgb1,EIIEGAIR,EIIEGCIR,CtoA,6,459,C,A,human,keep,Q9H4A3-7,WNK1,True
acgb1_117,acgb1,DKGDGEEEGEEK,DKGDEEEEGEEK,EtoG,5,575,E,G,human,keep,P27824-2,CANX,False
acgb1_118,acgb1,DKDSPETEESPAPEPR,DKDSPETEENPAPEPR,NtoS,10,324,N,S,human,keep,Q14CZ8,HEPACAM,False
acgb1_120,acgb1,ALPNSEDLVK,ALPSSEDLVK,StoN,4,158,S,N,human,keep,E5KLJ5,OPA1,False
acgb1_121,acgb1,DSPETEESPAPEPR,DSPETEENPAPEPR,NtoS,8,324,N,S,human,keep,Q14CZ8,HEPACAM,False
acgb1_122,acgb1,ITEDLIEAINNGDFEAYTK,ITEQLIEAINNGDFEAYTK,QtoD,4,466,Q,D,human,keep,Q13555-6,CAMK2G,False
acgb1_123,acgb1,GYPGVQGPEDLEWER,GYPGVQAPEDLEWER,AtoG,7,353,A,G,human,keep,P05060,CHGB,False
acgb1_125,acgb1,LLEGEEDR,LLEGEEER,EtoD,7,385,E,D,human,keep,P02545,LMNA,True
acgb1_126,acgb1,EPFSLFDK,EAFSLFDK,AtoP,2,63,A,P,human,keep,E7EMB3,CALM2,True
acgb1_127,acgb1,APQEADAFMGVESGHVK,APQEADAFMGVESGHMK,MtoV,16,1099,M,V,human,keep,P11137,MAP2,False
acgb1_128,acgb1,VELSEQQLQLWTSDVDK,VELSEQQLQLWPSDVDK,PtoT,12,311,P,T,human,keep,P09543,CNP,False
acgb1_129,acgb1,YLTLDSFDAMFR,YLTLDGFDAMFR,GtoS,6,820,G,S,human,keep,Q7L576,CYFIP1,False
acgb2_1,acgb2,GGFDEAAK,GSFDEAAK,StoG,2,401,S,G,human,keep,Q6PGP7,TTC37,False
acgb2_2,acgb2,ETWLNENQR,ETWLSENQR,StoN,5,446,S,N,human,keep,Q9H254,SPTBN4,True
acgb2_3,acgb2,DFTPVGTTELGR,DFTPVCTTELGR,CtoG,6,47,C,G,human,keep,P30041,PRDX6,False
acgb2_4,acgb2,NQSQLSADDLK,NQWQLSADDLK,WtoS,3,167,W,S,human,keep,P09543,CNP,False
acgb2_5,acgb2,LSGDSGIQECFNR,LWGDSGIQECFNR,WtoS,2,132,W,S,human,keep,P09471-2,GNAO1,False
acgb2_6,acgb2,KAEGVALTNATGVVESTSQAGDR,KAEGVALTNATGAVESTSQAGDR,AtoV,13,334,A,V,human,keep,Q9BY11,PACSIN1,False
acgb2_7,acgb2,AATYWITAPQNLVLSPGEDGTLICR,AAPYWITAPQNLVLSPGEDGTLICR,PtoT,3,361,P,T,human,keep,Q92823-5,NRCAM,False
acgb2_8,acgb2,SAVTALSGK,SAVTALWGK,WtoS,7,16,W,S,human,keep,P68871,HBB,False
acgb2_9,acgb2,AGPHLQGGAK,AGAHLQGGAK,AtoP,3,110,A,P,human,keep,P04406,GAPDH,False
acgb2_10,acgb2,DHGVNGFLVYMAFK,DHGVNSFLVYMAFK,StoG,6,163,S,G,human,keep,Q16555,DPYSL2,False
acgb2_11,acgb2,LLVVYTWTQR,LLVVYPWTQR,PtoT,6,37,P,T,human,keep,P69892,HBG2,True
acgb2_12,acgb2,MYGVLPSNAFPGK,MYGVLPWNAFPGK,WtoS,7,212,W,S,human,keep,P60201,PLP1,False
acgb2_13,acgb2,MYGVLTWNAFPGK,MYGVLPWNAFPGK,PtoT,6,211,P,T,human,keep,P60201,PLP1,False
acgb2_14,acgb2,FYLGGPTSVR,FYLGGPTSIR,ItoV,9,345,I,V,human,keep,Q9Y512,SAMM50,False
acgb2_15,acgb2,ALQASALSAWR,ALQASALNAWR,NtoS,8,312,N,S,human,keep,P09972,ALDOC,False
acgb2_16,acgb2,AHAFVVQQK,AHAFAVQQK,AtoV,5,2194,A,V,human,keep,Q15149,PLEC,False
acgb2_17,acgb2,QVTSTASTFVK,QATSTASTFVK,AtoV,2,35,A,V,human,keep,P56556,NDUFA6,False
acgb2_18,acgb2,HMAGAAAAGAVVGGLGGYVLGSAMSR,HMAGAAAAGAVVGGLGGYMLGSAMSR,MtoV,19,129,M,V,human,keep,P04156,PRNP,False
acgb2_19,acgb2,CICNQLSLTTK,CICSQLSLTTK,StoN,4,209,S,N,human,keep,Q12765-2,SCRN1,False
acgb2_20,acgb2,FQLGNSGPNSTIK,FQLSNSGPNSTIK,StoG,4,659,S,G,human,keep,A0FGR8-6,ESYT2,False
acgb2_21,acgb2,APQAQPTPGPGPAGVK,APQAQPAPGPGPAGVK,AtoT,7,3863,A,T,human,keep,Q9UPA5,BSN,False
acgb2_22,acgb2,IGEMNLTDSILCDGLTDAFHNCHMGITAENVAK,IGEMPLTDSILCDGLTDAFHNCHMGITAENVAK,PtoN,5,170,P,N,human,keep,Q9BWD1-2,ACAT2,False
acgb2_23,acgb2,AQGPAASAEEPKPVEVPAANSDQTVTVK,AQGPAASAEEPKPVEAPAANSDQTVTVK,AtoV,16,214,A,V,human,keep,P80723,BASP1,False
acgb2_24,acgb2,LVVGQNGILSTPAVSCIIR,LVIGQNGILSTPAVSCIIR,ItoV,3,106,I,V,human,keep,P36871-2,PGM1,False
acgb2_26,acgb2,MVDFAGMK,MVDFAGVK,VtoM,7,158,V,M,human,keep,P21964,COMT,False
acgb2_27,acgb2,ITSSNPPAQGAR,ITWSNPPAQGAR,WtoS,3,296,W,S,human,keep,P17174,GOT1,False
acgb2_29,acgb2,AGVAAPATQVVQVTLQSVQR,AGVAAPATQVAQVTLQSVQR,AtoV,11,641,A,V,human,keep,Q15149,PLEC,False
acgb2_30,acgb2,LAQEGGWGVMVSHR,LAQENGWGVMVSHR,NtoG,5,363,N,G,human,keep,P09104,ENO2,False
acgb2_32,acgb2,QDEVNAASQR,QDEVNAAWQR,WtoS,8,237,W,S,human,keep,Q13813-2,SPTAN1,False
acgb2_33,acgb2,DTELWGSVLLESNPYR,DPELWGSVLLESNPYR,PtoT,2,957,P,T,human,keep,A0A087WVQ6,CLTC,False
acgb2_35,acgb2,SGPFGQIFRPDNFVFGQSGAGNNSAK,SGPFGQIFRPDNFVFGQSGAGNNWAK,WtoS,24,29,W,S,human,keep,M0R1I1,TUBB4A,True
acgb2_36,acgb2,LQGASWDTQSGPQER,LQGASWDTQNGPQER,NtoS,10,344,N,S,human,keep,Q15049,MLC1,False
acgb2_37,acgb2,EANELQQSINEK,EANELQQWINEK,WtoS,8,1106,W,S,human,keep,Q13813-2,SPTAN1,False
acgb2_38,acgb2,DVTNDVHYENYR,DVTCDVHYENYR,CtoN,4,302,C,N,human,keep,Q16181,SEPT7,True
acgb2_39,acgb2,ASENAIVSK,ASENAIVWK,WtoS,8,378,W,S,human,keep,E9PFW3,AP2M1,False
acgb2_41,acgb2,VGSSMRPLLQAQGLTPSER,VGSSMRPLLQAQGLAPSER,AtoT,15,741,A,T,human,keep,Q9UPA5,BSN,False
acgb2_42,acgb2,NLSTFAMDGK,NLSTFAVDGK,VtoM,7,148,V,M,human,keep,P30042,C21orf33,True
acgb2_43,acgb2,YPIEHGIITNSDDMEK,YPIEHGIITNWDDMEK,WtoS,11,81,W,S,human,keep,P68133,ACTA1,True
acgb2_44,acgb2,LLLAGYDDFNLNIWDAMK,LLLAGYDDFNCNIWDAMK,CtoL,11,294,C,L,human,keep,P62879,GNB2,False
acgb2_45,acgb2,EQGVLSFSR,EQGVLSFWR,WtoS,8,71,W,S,human,keep,P12236,SLC25A6,True
acgb2_47,acgb2,AGGVFLEELGNHK,AGQVFLEELGNHK,QtoG,3,207,Q,G,human,keep,P09543,CNP,False
acgb2_48,acgb2,SIQFVDDCPTGFK,SIQFVDWCPTGFK,WtoD,7,346,W,D,human,keep,P68363,TUBA1B,True
acgb2_49,acgb2,DQDGTITTK,DGDGTITTK,GtoQ,2,71,G,Q,human,keep,E7EMB3,CALM2,True
acgb2_50,acgb2,LEEEQQSLK,LEEEGQSLK,GtoQ,5,335,G,Q,human,keep,P14136-2,GFAP,False
acgb2_51,acgb2,YPIEHSIITNWDDMEK,YPIEHGIITNWDDMEK,GtoS,6,76,G,S,human,keep,P68133,ACTA1,True
acgb2_52,acgb2,LDEHQGEGTTPCTSSILQEK,LDEHQGEGTAPCTSSILQEK,AtoT,10,80,A,T,human,keep,Q9BZ71,PITPNM3,False
acgb2_53,acgb2,SIQFVDSCPTGFK,SIQFVDWCPTGFK,WtoS,7,346,W,S,human,keep,P68363,TUBA1B,True
acgb2_54,acgb2,AVCMLSNTTAIAEASAR,AVCMLSNTTAIAEAWAR,WtoS,15,412,W,S,human,keep,C9J2C0,TUBA8,True
acgb2_55,acgb2,AVCMLSNTTAIAESWAR,AVCMLSNTTAIAEAWAR,AtoS,14,411,A,S,human,keep,C9J2C0,TUBA8,True
acgb2_56,acgb2,LTTPTYEDLNHLVSATMSGVTTCLR,LTTPTYGDLNHLVSATMSGVTTCLR,GtoE,7,223,G,E,human,keep,Q9BVA1,TUBB2B,True
acgb2_57,acgb2,FTVGDHSR,FTIGDHSR,ItoV,3,185,I,V,human,keep,O75083,WDR1,False
acgb2_58,acgb2,LAAENGWGVMVSHR,LAQENGWGVMVSHR,QtoA,3,361,Q,A,human,keep,P09104,ENO2,False
acgb2_59,acgb2,NVDCLLLAR,NVDCVLLAR,VtoL,5,56,V,L,human,keep,Q13126-2,MTAP,True
acgb2_60,acgb2,EIPHLQAGQCGNQIGAK,EIVHLQAGQCGNQIGAK,VtoP,3,5,V,P,human,keep,P68371,TUBB4B,True
acgb2_61,acgb2,SSTQSSAPPAPGAR,SSAQSSAPPAPGAR,AtoT,3,102,A,T,human,keep,Q9H9H5,MAP6D1,False
acgb2_62,acgb2,EFTPPPQAAYQK,EFTPPVQAAYQK,VtoP,6,127,V,P,human,keep,P68871,HBB,False
acgb2_63,acgb2,NSSYFVESIPNNVK,NSSYFVEWIPNNVK,WtoS,8,691,W,S,human,keep,A0A0B4J269,TUBB3,True
acgb2_64,acgb2,NTGQGCVCSNQFLVQR,NTGQTCVCSNQFLVQR,TtoG,5,352,T,G,human,keep,P51649-2,ALDH5A1,False
acgb2_65,acgb2,NNPETWNK,NNPEPWNK,PtoT,5,52,P,T,human,keep,O00483,NDUFA4,False
acgb2_66,acgb2,AFDQGADAIYDHVNEGK,AFDQGADAIYDHINEGK,ItoV,13,47,I,V,human,keep,Q9UDW1,UQCR10,False
acgb2_68,acgb2,FFESFGDLSTPDSVMGNPK,FFESFGDLSTPDAVMGNPK,AtoS,13,54,A,S,human,keep,F8W6P5,HBB,False
acgb2_69,acgb2,YADDTFTPAFVSNVGIDFK,YADDTFTPAFVSTVGIDFK,TtoN,13,54,T,N,human,keep,P20337,RAB3B,False
acgb2_71,acgb2,MQDAFSAIGQNADLDLPQIAVVGGQSAGK,LQDAFSAIGQNADLDLPQIAVVGGQSAGK,LtoM,1,16,L,M,human,keep,Q05193-2,DNM1,False
acgb2_72,acgb2,AQGPAASAEEPKPVEVPAANSDQTVTVKE,AQGPAASAEEPKPVEAPAANSDQTVTVKE,AtoV,16,214,A,V,human,keep,P80723,BASP1,False
acgb2_73,acgb2,TPSAGDQDR,TPAAGDQDR,AtoS,3,863,A,S,human,keep,F6RH32,CACNA1B,False
acgb2_74,acgb2,LCYVALMFEQEMATAASSSSLEK,LCYVALDFEQEMATAASSSSLEK,DtoM,7,922,D,M,human,keep,Q6S8J3,POTEE,True
acgb2_75,acgb2,AILVDLEPGQMDSVR,AILVDLEPGTMDSVR,TtoQ,10,419,T,Q,human,keep,A0A0B4J269,TUBB3,True
acgb2_76,acgb2,ILAAQGQVSAQGGAQPSVEAPAAPRPTATQLTR,ILAAQGQLSAQGGAQPSVEAPAAPRPTATQLTR,LtoV,8,150,L,V,human,keep,Q9H936,SLC25A22,False
acgb2_77,acgb2,VFEISPFETWITR,VFEISPFEPWITR,PtoT,9,312,P,T,human,keep,Q16795,NDUFA9,True
acgb2_78,acgb2,AAAPAPVSEAVSR,AAAPAPVSEAVCR,CtoS,12,491,C,S,human,keep,P20810-6,CAST,False
acgb2_80,acgb2,ALTFWNEEIVPQIK,ALPFWNEEIVPQIK,PtoT,3,165,P,T,human,keep,Q8N0Y7,PGAM4,True
acgb2_81,acgb2,DSRPSQAAGDNQGDEVK,DSRPSQAAGDNQGDEAK,AtoV,16,201,A,V,human,keep,Q9Y2W1,THRAP3,False
acgb2_82,acgb2,GVDAQTTLSK,GVDAQGTLSK,GtoT,6,282,G,T,human,keep,P02686,MBP,False
acgb2_83,acgb2,VLQAFSDGLAHLDNLK,VLGAFSDGLAHLDNLK,GtoQ,3,70,G,Q,human,keep,P68871,HBB,True
acgb2_84,acgb2,WLTLEANPEVTNQFLK,WLPLEANPEVTNQFLK,PtoT,3,8,P,T,human,keep,P15374,UCHL3,False
acgb2_85,acgb2,SVATGSSEAAGGASGGGAR,SVATGSSETAGGASGGGAR,TtoA,9,10,T,A,human,keep,Q8TAE6,PPP1R14C,False
acgb2_86,acgb2,TCSFDFTGAVEDISK,TCGFDFTGAVEDISK,GtoS,3,188,G,S,human,keep,P00505,GOT2,False
acgb2_87,acgb2,GDSAPAAAK,GDSAPATAK,TtoA,7,107,T,A,human,keep,O75781,PALM,False
acgb2_88,acgb2,GTFATLSELHSDK,GTFATLSELHCDK,CtoS,11,94,C,S,human,keep,P68871,HBB,False
acgb2_89,acgb2,AEGAPNQGK,AEGTPNQGK,TtoA,4,583,T,A,human,keep,Q9P2E9,RRBP1,False
acgb2_90,acgb2,ENTDLAGELR,ENADLAGELR,AtoT,3,1241,A,T,human,keep,B1PS43,MYH11,False
acgb2_91,acgb2,AEMEQGEQQR,AETEQGEQQR,TtoM,3,1859,T,M,human,keep,Q15149,PLEC,False
acgb2_92,acgb2,DCEQAENSMAAR,DCEQAENWMAAR,WtoS,8,1460,W,S,human,keep,Q13813-2,SPTAN1,False
acgb2_93,acgb2,PQPPPPPPGAHSPGASPGPGTATAER,PQPPPPPPGAHSPGATPGPGTATAER,TtoS,16,43,T,S,human,keep,P17600,SYN1,False
acgb2_94,acgb2,TTWGIIEVENLNHCEFALLR,TPWGIIEVENLNHCEFALLR,PtoT,2,283,P,T,human,keep,Q9UH03,SEPT3,False
acgb2_95,acgb2,DLEESNQR,DLEEWNQR,WtoS,5,139,W,S,human,keep,P09497,CLTB,True
acgb2_96,acgb2,IFELSELR,IFELTELR,TtoS,5,341,T,S,human,keep,Q86YM7,HOMER1,False
acgb2_98,acgb2,NTSSAGSWNSGSSGPGSTGNR,NPSSAGSWNSGSSGPGSTGNR,PtoT,2,289,P,T,human,keep,P02671,FGA,False
acgb2_99,acgb2,LAMQEFMILPVGAEGFR,LAMQEFMILPVGAESFR,StoG,15,177,S,G,human,keep,P09104,ENO2,False
acgb2_100,acgb2,SDSELNNEVAAR,SDSELNSEVAAR,StoN,7,266,S,N,human,keep,Q53TN4,CYBRD1,False
acgb2_101,acgb2,LNSVTAADTAVYYCAR,LSSVTAADTAVYYCAR,StoN,2,103,S,N,human,keep,P06331,HV209,True
acgb2_102,acgb2,LTTPTYGMLNHLVSATMSGVTTCLR,LTTPTYGDLNHLVSATMSGVTTCLR,DtoM,8,224,D,M,human,keep,Q9BVA1,TUBB2B,True
acgb2_103,acgb2,NRPTSISSDGLDSGK,NRPTSISWDGLDSGK,WtoS,8,55,W,S,human,keep,P30086,PEBP1,False
acgb2_104,acgb2,GHLDNISNNLLIGAINVENGK,GHLDNISNNLLIGAINIENGK,ItoV,17,649,I,V,human,keep,A2A274,ACO2,False
acgb2_105,acgb2,NRPTSISDDGLDSGK,NRPTSISWDGLDSGK,WtoD,8,55,W,D,human,keep,P30086,PEBP1,False
acgb2_106,acgb2,QTAASAGLVDAPAAAPAAAR,QTAASAGLVDAPAPAPAAAR,PtoA,14,105,P,A,human,keep,Q92777,SYN2,False
acgb2_108,acgb2,IINEPTSAAIAYGLDK,IINEPTAAAIAYGLDK,AtoS,7,204,A,S,human,keep,P11021,HSPA5,True
acgb2_110,acgb2,DLYANDVLSGGTTMYPGIADR,DLYANTVLSGGTTMYPGIADR,TtoD,6,299,T,D,human,keep,P68032,ACTC1,True
acgb2_111,acgb2,LYTWGIVEVENQAHCDFVK,LYPWGIVEVENQAHCDFVK,PtoT,3,275,P,T,human,keep,G3XAH0,SEPT5,False
acgb2_112,acgb2,SAGLAPDCEASATAETTVSSVGTCEAAAK,SAGLAPDCEASATAETTVSSVGTCEAAGK,GtoA,28,36,G,A,human,keep,Q9NQE9,HINT3,False
acgb2_113,acgb2,ENAEQGEVDVESHR,ENAEQGEVDMESHR,MtoV,10,166,M,V,human,keep,P14209,CD99,False
acgb2_114,acgb2,GVDAQGTSSK,GVDAQGTLSK,LtoS,8,284,L,S,human,keep,P02686,MBP,False
acgb2_115,acgb2,EVAQQAVDADVHAVGVSTLAAGHK,EVAQQAVDADVHAVGISTLAAGHK,ItoV,16,671,I,V,human,keep,P22033,MUT,False
acgb2_116,acgb2,ELVDDSLNNVR,ELVDDSVNNVR,VtoL,7,178,V,L,human,keep,H7BY58,PCMT1,False
acgb2_117,acgb2,VAPEEHPPLLTEAPLNPK,VAPEEHPVLLTEAPLNPK,VtoP,8,105,V,P,human,keep,P68133,ACTA1,True
acgb2_118,acgb2,NMQNAEESFK,NMQNAEEWFK,WtoS,8,279,W,S,human,keep,P07196,NEFL,False
acgb2_119,acgb2,SQGGEPTYMVAVGR,SQGGEPTYNVAVGR,NtoM,9,100,N,M,human,keep,G5E9Q6,PFN2,False
acgb2_120,acgb2,DSYVGDESQSK,DSYVGDEAQSK,AtoS,8,60,A,S,human,keep,P68133,ACTA1,True
acgb2_121,acgb2,HLGGITWTYAEDAVPTLTPCR,HLGGIPWTYAEDAVPTLTPCR,PtoT,6,254,P,T,human,keep,P31930,UQCRC1,False
acgb2_122,acgb2,GFTGGVATVTLIPGDGIGPEISAAVMK,GFTGGVQTVTLIPGDGIGPEISAAVMK,QtoA,7,32,Q,A,human,keep,H0YNF8,IDH3A,False
acgb2_125,acgb2,TSASIGSLCGDAR,TSASIGSLCADAR,AtoG,10,202,A,G,human,keep,P60201,PLP1,False
acgb2_126,acgb2,ALPNSEDLVK,ALPSSEDLVK,StoN,4,158,S,N,human,keep,E5KLJ5,OPA1,False
acgb2_127,acgb2,ILAAQGQVSAQGGAQPSVEAPAAPR,ILAAQGQLSAQGGAQPSVEAPAAPR,LtoV,8,150,L,V,human,keep,Q9H936,SLC25A22,False
acgb2_128,acgb2,LLEGEEDR,LLEGEEER,EtoD,7,385,E,D,human,keep,P02545,LMNA,True
acgb2_129,acgb2,EPFSLFDK,EAFSLFDK,AtoP,2,63,A,P,human,keep,E7EMB3,CALM2,True
acgb2_130,acgb2,GCEENLDEAR,GSEENLDEAR,StoC,2,617,S,C,human,keep,P35611-3,ADD1,False
acgb2_131,acgb2,SGDRGETGPAGPSGPVGPVGAR,SGDRGETGPAGPTGPVGPVGAR,TtoS,13,1075,T,S,human,keep,P02452,COL1A1,False
acgb2_132,acgb2,SGDRGETGPAGPAGPVGPVGAR,SGDRGETGPAGPTGPVGPVGAR,TtoA,13,1075,T,A,human,keep,P02452,COL1A1,False
acgb2_133,acgb2,EGEDMIVEEHFGSEK,EGEDMIAEEHFGSEK,AtoV,7,706,A,V,human,keep,A0A087WUZ3,SPTBN1,False
acgb2_134,acgb2,DKDSPETEESPAPEPR,DKDSPETEENPAPEPR,NtoS,10,324,N,S,human,keep,Q14CZ8,HEPACAM,False
acgb2_135,acgb2,DATNVGDEGGFAPNILESK,DATNVGDEGGFAPNILENK,NtoS,18,220,N,S,human,keep,P06733,ENO1,False
acgb2_136,acgb2,AGAYDFPSTEWDTVTPEAK,AGAYDFPSPEWDTVTPEAK,PtoT,9,236,P,T,human,keep,Q13554,CAMK2B,True
acgb2_137,acgb2,DSPETEESPAPEPR,DSPETEENPAPEPR,NtoS,8,324,N,S,human,keep,Q14CZ8,HEPACAM,False
acgb2_138,acgb2,GYPGVQGPEDLEWER,GYPGVQAPEDLEWER,AtoG,7,353,A,G,human,keep,P05060,CHGB,False
acgb2_139,acgb2,TQTDSEAQESTATSDETK,TQTDSEVQESTATSDETK,VtoA,7,2369,V,A,human,keep,Q01484,ANK2,False
acgb2_140,acgb2,DNPLLAQLIQDK,DNALLAQLIQDK,AtoP,3,199,A,P,human,keep,P61764-2,STXBP1,False
acgb2_141,acgb2,KPEGAGEEQAAK,KVEGAGEEQAAK,VtoP,2,530,V,P,human,keep,P07196,NEFL,False
acgb2_142,acgb2,RYEQEHSAIQDK,RYEQEHAAIQDK,AtoS,7,95,A,S,human,keep,J3QTA6,CHCHD6,False
acgb2_143,acgb2,APQEADAFMGVESGHVK,APQEADAFMGVESGHMK,MtoV,16,1099,M,V,human,keep,P11137,MAP2,False
acgb2_144,acgb2,DGPNALTPPPTTTEWVK,DGPNALTPPPTTPEWVK,PtoT,13,77,P,T,human,keep,A0A0A0MT26,ATP1A3,True
acgb2_145,acgb2,LTQAQIFDYSEIPNFPR,LTQAQIFDYGEIPNFPR,GtoS,10,51,G,S,human,keep,P00491,PNP,False
acgb2_146,acgb2,VDYIMQLPVNMDAALNK,VDYIMQLPVPMDAALNK,PtoN,10,492,P,N,human,keep,P45974,USP5,False
acgb2_147,acgb2,AAHVFFTDSCPDALFNELPK,AAHVFFTDSCPDALFNELVK,VtoP,19,119,V,P,human,keep,P61764-2,STXBP1,False
acgb2_148,acgb2,QYTWGVVQVENENHCDFVK,QYPWGVVQVENENHCDFVK,PtoT,3,281,P,T,human,keep,B5ME97,SEPT10,True
acgb2_149,acgb2,ATSWFDTGLSEMR,APSWFDTGLSEMR,PtoT,2,58,P,T,human,keep,P02511,CRYAB,False
acgb2_150,acgb2,EAPSYQEALAR,EAASYQEALAR,AtoP,3,322,A,P,human,keep,P14136-2,GFAP,False
acgb2_151,acgb2,ASSSSLSMDEK,ASWSSLSMDEK,WtoS,3,70,W,S,human,keep,P13073,COX4I1,False
acgb2_152,acgb2,VLGTAGTEEGQK,ILGTAGTEEGQK,ItoV,1,176,I,V,human,keep,Q08257,CRYZ,False
acgb2_153,acgb2,GILAADESVGNMAK,GILAADESVGSMAK,StoN,11,39,S,N,human,keep,P09972,ALDOC,False
acgb2_155,acgb2,ELVDDSLNNVRK,ELVDDSVNNVRK,VtoL,7,178,V,L,human,keep,H7BY58,PCMT1,False
acgb2_156,acgb2,IGEAEATVIEAMGK,IGEAEAAVIEAMGK,AtoT,7,383,A,T,human,keep,E7EMK3,FLOT2,False
acgb2_157,acgb2,AGPESDAGYQFTGIK,AGPESDAQYQFTGIK,QtoG,8,9,Q,G,human,keep,Q96IX5,USMG5,False
acgb2_160,acgb2,AEDDAAIASCK,AEMDAAIASCK,MtoD,3,79,M,D,human,keep,Q02252,ALDH6A1,False
acgb2_161,acgb2,FDLGQDVIMFTGHALALYR,FDLGQDVIDFTGHALALYR,DtoM,9,183,D,M,human,keep,P31150,GDI1,True
acgb2_162,acgb2,ETPAATEAPSSGPK,ETPAATEAPSSTPK,TtoG,12,196,T,G,human,keep,P80723,BASP1,False
acgb2_163,acgb2,LLTQDEGPALVPSGR,LLTQDEGPALVPGGR,GtoS,13,210,G,S,human,keep,Q5T440,IBA57,False
acgb2_164,acgb2,QLQSLDCDLESLR,QLQSLTCDLESLR,TtoD,6,293,T,D,human,keep,P14136-2,GFAP,False
acgb2_166,acgb2,TQETPSAQDEGFLNR,TQETPSAQMEGFLNR,MtoD,9,2202,M,D,human,keep,A0A087WUZ3,SPTBN1,False
acgb2_167,acgb2,LISSYDNEFGYSNR,LISWYDNEFGYSNR,WtoS,4,313,W,S,human,keep,P04406,GAPDH,False
acgb2_168,acgb2,ADLEEQSSDEEK,ADLEEQLSDEEK,LtoS,7,8,L,S,human,keep,F8WED3,CAPZA2,False
acgb2_169,acgb2,DDDTAALVVDNGSGMCK,DDDIAALVVDNGSGMCK,ItoT,4,5,I,T,human,keep,P60709,ACTB,False
acgb2_170,acgb2,DDDISALVVDNGSGMCK,DDDIAALVVDNGSGMCK,AtoS,5,6,A,S,human,keep,P60709,ACTB,False
acgb2_171,acgb2,DDDIAALVVDNGSGTCK,DDDIAALVVDNGSGMCK,MtoT,15,16,M,T,human,keep,P60709,ACTB,False
acgb2_172,acgb2,DDDIAALPVDNGSGMCK,DDDIAALVVDNGSGMCK,VtoP,8,9,V,P,human,keep,P60709,ACTB,False
acgb3_1,acgb3,LLQNVLVCVLAHHFGK,LLGNVLVCVLAHHFGK,GtoQ,3,108,G,Q,human,keep,P68871,HBB,False
acgb3_2,acgb3,DFTPVGTTELGR,DFTPVCTTELGR,CtoG,6,47,C,G,human,keep,P30041,PRDX6,False
acgb3_3,acgb3,LSGDSGIQECFNR,LWGDSGIQECFNR,WtoS,2,132,W,S,human,keep,P09471-2,GNAO1,False
acgb3_5,acgb3,KAEGVALTNATGVVESTSQAGDR,KAEGVALTNATGAVESTSQAGDR,AtoV,13,334,A,V,human,keep,Q9BY11,PACSIN1,False
acgb3_6,acgb3,MYGVLTWNAFPGK,MYGVLPWNAFPGK,PtoT,6,211,P,T,human,keep,P60201,PLP1,False
acgb3_7,acgb3,ITSEAGDGATK,ITSEGGDGATK,GtoA,5,865,G,A,human,keep,P07197,NEFM,False
acgb3_8,acgb3,LLVVYTWTQR,LLVVYPWTQR,PtoT,6,37,P,T,human,keep,P69892,HBG2,True
acgb3_9,acgb3,FYLGGPTSVR,FYLGGPTSIR,ItoV,9,345,I,V,human,keep,Q9Y512,SAMM50,False
acgb3_10,acgb3,LLLTWLEAR,LLLPWLEAR,PtoT,4,864,P,T,human,keep,A0A087WVQ6,CLTC,False
acgb3_11,acgb3,VVLPIETPIR,VVLPIEAPIR,AtoT,7,148,A,T,human,keep,P00403,MT-CO2,False
acgb3_12,acgb3,VVLAYETVWAIGTGK,VVLAYEPVWAIGTGK,PtoT,7,204,P,T,human,keep,P60174,TPI1,False
acgb3_13,acgb3,IYIDDNSK,IYIDDNNK,NtoS,7,251,N,S,human,keep,P48426,PIP4K2A,False
acgb3_14,acgb3,QVTSTASTFVK,QATSTASTFVK,AtoV,2,35,A,V,human,keep,P56556,NDUFA6,False
acgb3_15,acgb3,HMAGAAAAGAVVGGLGGYVLGSAMSR,HMAGAAAAGAVVGGLGGYMLGSAMSR,MtoV,19,129,M,V,human,keep,P04156,PRNP,False
acgb3_16,acgb3,APQAQPTPGPGPAGVK,APQAQPAPGPGPAGVK,AtoT,7,3863,A,T,human,keep,Q9UPA5,BSN,False
acgb3_17,acgb3,LVVGQNGILSTPAVSCIIR,LVIGQNGILSTPAVSCIIR,ItoV,3,106,I,V,human,keep,P36871-2,PGM1,False
acgb3_18,acgb3,LFGGLLLDIK,LFGGLVLDIK,VtoL,6,595,V,L,human,keep,Q9Y6M7-7,SLC4A7,True
acgb3_19,acgb3,ITSSNPPAQGAR,ITWSNPPAQGAR,WtoS,3,296,W,S,human,keep,P17174,GOT1,False
acgb3_20,acgb3,AYHEQLSVAEITNACFENANQMVK,AYHEQLSVAEITNACFEPANQMVK,PtoN,18,298,P,N,human,keep,Q71U36,TUBA1A,True
acgb3_21,acgb3,QIQENLIVPGGVK,QIGENLIVPGGVK,GtoQ,3,160,G,Q,human,keep,Q14194-2,CRMP1,True
acgb3_23,acgb3,SAVENCQDSSR,SAVENCQDSWR,WtoS,10,406,W,S,human,keep,P52209,PGD,False
acgb3_24,acgb3,FFESFGDLSGPDAVMGNPK,FFESFGDLSTPDAVMGNPK,TtoG,10,51,T,G,human,keep,P02042,HBD,True
acgb3_25,acgb3,LLLAGYDDFNCNPWDALK,LLLAGYDDFNCNVWDALK,VtoP,13,296,V,P,human,keep,P62873,GNB1,False
acgb3_26,acgb3,QYTWGVAEVENGEHCDFTILR,QYPWGVAEVENGEHCDFTILR,PtoT,3,268,P,T,human,keep,Q16181,SEPT7,False
acgb3_27,acgb3,SGPFGQIFRPDNFVFGQSGAGNNSAK,SGPFGQIFRPDNFVFGQSGAGNNWAK,WtoS,24,29,W,S,human,keep,M0R1I1,TUBB4A,True
acgb3_29,acgb3,DVTNDVHYENYR,DVTCDVHYENYR,CtoN,4,302,C,N,human,keep,Q16181,SEPT7,True
acgb3_30,acgb3,LAQEGGWGVMVSHR,LAQENGWGVMVSHR,NtoG,5,363,N,G,human,keep,P09104,ENO2,False
acgb3_31,acgb3,HWTFQVINDGDKPK,HWPFQVINDGDKPK,PtoT,3,91,P,T,human,keep,P08107,HSPA1A,False
acgb3_34,acgb3,DGDGTITDK,DGDGTITTK,TtoD,8,77,T,D,human,keep,E7EMB3,CALM2,True
acgb3_35,acgb3,GHYDEGAELVDSVLDVVR,GHYTEGAELVDSVLDVVR,TtoD,4,454,T,D,human,keep,A0A0B4J269,TUBB3,True
acgb3_36,acgb3,LEEEQQSLK,LEEEGQSLK,GtoQ,5,335,G,Q,human,keep,P14136-2,GFAP,False
acgb3_37,acgb3,YPIEHGIITNSDDMEK,YPIEHGIITNWDDMEK,WtoS,11,81,W,S,human,keep,P68133,ACTA1,True
acgb3_39,acgb3,LASENGWGVMVSHR,LAQENGWGVMVSHR,QtoS,3,361,Q,S,human,keep,P09104,ENO2,False
acgb3_40,acgb3,AGGVFLEELGNHK,AGQVFLEELGNHK,QtoG,3,207,Q,G,human,keep,P09543,CNP,False
acgb3_41,acgb3,TVPGEAVTSK,TVPVEAVTSK,VtoG,4,303,V,G,human,keep,Q14247-2,CTTN,False
acgb3_42,acgb3,EQLYTTASLK,EQLYTPASLK,PtoT,6,71,P,T,human,keep,P41217-3,CD200,False
acgb3_43,acgb3,FFESFGDLSTPDAVDGNPK,FFESFGDLSTPDAVMGNPK,MtoD,15,56,M,D,human,keep,P68871,HBB,False
acgb3_44,acgb3,FFESFQDLSTPDAVMGNPK,FFESFGDLSTPDAVMGNPK,GtoQ,6,47,G,Q,human,keep,P68871,HBB,False
acgb3_45,acgb3,SIQFVDSCPTGFK,SIQFVDWCPTGFK,WtoS,7,346,W,S,human,keep,P68363,TUBA1B,True
acgb3_46,acgb3,YVSLIYTNYEAGK,YISLIYTNYEAGK,ItoV,2,105,I,V,human,keep,P09211,GSTP1,False
acgb3_47,acgb3,NSSYFVESIPNNVK,NSSYFVEWIPNNVK,WtoS,8,691,W,S,human,keep,A0A0B4J269,TUBB3,True
acgb3_48,acgb3,NSSYFPEWIPNNVK,NSSYFVEWIPNNVK,VtoP,6,689,V,P,human,keep,A0A0B4J269,TUBB3,True
acgb3_49,acgb3,FTVGDHSR,FTIGDHSR,ItoV,3,185,I,V,human,keep,O75083,WDR1,False
acgb3_50,acgb3,YLSTASTMDHAR,YLATASTMDHAR,AtoS,3,17,A,S,human,keep,E9PLU9,MBP,False
acgb3_51,acgb3,VIATFSCSGEK,VIATFTCSGEK,TtoS,6,44,T,S,human,keep,P49189,ALDH9A1,False
acgb3_52,acgb3,NTGQGCVCSNQFLVQR,NTGQTCVCSNQFLVQR,TtoG,5,352,T,G,human,keep,P51649-2,ALDH5A1,False
acgb3_53,acgb3,DDAANNYAR,EDAANNYAR,EtoD,1,167,E,D,human,keep,F5H5D3,TUBA1C,True
acgb3_54,acgb3,SSVLEGLVGR,SSVLESLVGR,StoG,6,44,S,G,human,keep,O00429-6,DNM1L,False
acgb3_55,acgb3,VLGPFSDGLAHLDNLK,VLGAFSDGLAHLDNLK,AtoP,4,71,A,P,human,keep,P68871,HBB,True
acgb3_56,acgb3,VLEAFSDGLAHLDNLK,VLGAFSDGLAHLDNLK,GtoE,3,70,G,E,human,keep,P68871,HBB,True
acgb3_57,acgb3,ILAAQGQVSAQGGAQPSVEAPAAPRPTATQLTR,ILAAQGQLSAQGGAQPSVEAPAAPRPTATQLTR,LtoV,8,150,L,V,human,keep,Q9H936,SLC25A22,False
acgb3_58,acgb3,AILVDLEPGQMDSVR,AILVDLEPGTMDSVR,TtoQ,10,419,T,Q,human,keep,A0A0B4J269,TUBB3,True
acgb3_59,acgb3,CQPGFHSLTEAGCRPCSCDPSGSIDECNVETGR,CQPGFHSLTEAGCRPCSCDPSGSIDECNIETGR,ItoV,29,458,I,V,human,keep,P11047,LAMC1,False
acgb3_60,acgb3,TGTAEMNSILEER,TGTAEMSSILEER,StoN,7,52,S,N,human,keep,P25705,ATP5A1,False
acgb3_61,acgb3,VQAQHDYMATDTDELQLK,VQAQHDYTATDTDELQLK,TtoM,8,532,T,M,human,keep,O00499,BIN1,False
acgb3_62,acgb3,RMNCAEDYLSVVLNQLCVLHEK,RMPCAEDYLSVVLNQLCVLHEK,PtoN,3,471,P,N,human,keep,P02768,ALB,False
acgb3_63,acgb3,GAAAVQQLQAEGLSPR,GQAAVQQLQAEGLSPR,QtoA,2,44,Q,A,human,keep,P16152,CBR1,True
acgb3_64,acgb3,AVLVDLEPGQMDSVR,AVLVDLEPGTMDSVR,TtoQ,10,72,T,Q,human,keep,P68371,TUBB4B,True
acgb3_65,acgb3,GIEEEEILPGFILCDANNLCHSGR,GIEEEEILPGFILCDPNNLCHSGR,PtoA,16,521,P,A,human,keep,P15170-3,GSPT1,False
acgb3_66,acgb3,MCDNGMTAFEPEALGNLVEGLDFHR,MCDPGMTAFEPEALGNLVEGLDFHR,PtoN,4,386,P,N,human,keep,Q9UQM7-2,CAMK2A,False
acgb3_67,acgb3,LAPEALSSLDGDLAGR,LAVEALSSLDGDLAGR,VtoP,3,159,V,P,human,keep,P12277,CKB,False
acgb3_68,acgb3,RPGEDMEEEQAFK,RPAEDMEEEQAFK,AtoG,3,24,A,G,human,keep,P61978-2,HNRNPK,False
acgb3_69,acgb3,AGGENISVSK,AGQENISVSK,QtoG,3,435,Q,G,human,keep,P50993,ATP1A2,False
acgb3_70,acgb3,GVDAQTTLSK,GVDAQGTLSK,GtoT,6,282,G,T,human,keep,P02686,MBP,False
acgb3_71,acgb3,AEGVALTNATGVVESTSQAGDR,AEGVALTNATGAVESTSQAGDR,AtoV,12,334,A,V,human,keep,Q9BY11,PACSIN1,False
acgb3_72,acgb3,SVATGSSEAAGGASGGGAR,SVATGSSETAGGASGGGAR,TtoA,9,10,T,A,human,keep,Q8TAE6,PPP1R14C,False
acgb3_73,acgb3,TTWGIIEVENLNHCEFALLR,TPWGIIEVENLNHCEFALLR,PtoT,2,283,P,T,human,keep,Q9UH03,SEPT3,False
acgb3_74,acgb3,TCSFDFTGAVEDISK,TCGFDFTGAVEDISK,GtoS,3,188,G,S,human,keep,P00505,GOT2,False
acgb3_75,acgb3,YASICQQMGIVPIVEPEILPDGDHDLK,YASICQQNGIVPIVEPEILPDGDHDLK,NtoM,8,235,N,M,human,keep,P04075-2,ALDOA,True
acgb3_76,acgb3,GDSAPAAAK,GDSAPATAK,TtoA,7,107,T,A,human,keep,O75781,PALM,False
acgb3_77,acgb3,ENTDLAGELR,ENADLAGELR,AtoT,3,1241,A,T,human,keep,B1PS43,MYH11,False
acgb3_78,acgb3,IQAADYQPTEQDILR,IGAADYQPTEQDILR,GtoQ,2,164,G,Q,human,keep,P09471-2,GNAO1,False
acgb3_79,acgb3,ATGPAPGPTSEREPAAGPGR,ATGPAPGPTGEREPAAGPGR,GtoS,10,91,G,S,human,keep,Q96JE9,MAP6,False
acgb3_80,acgb3,SDSELNNEVAAR,SDSELNSEVAAR,StoN,7,266,S,N,human,keep,Q53TN4,CYBRD1,False
acgb3_81,acgb3,MLMAEDIVNTPKPDER,MLDAEDIVNTPKPDER,DtoM,3,230,D,M,human,keep,P35609,ACTN2,False
acgb3_82,acgb3,SSQESGEEAGSQENHPQESK,SSQESGEETGSQENHPQESK,TtoA,9,243,T,A,human,keep,P05060,CHGB,False
acgb3_83,acgb3,DYEFDWNPHLGYILTCPSNLGTGLR,DYEFMWNPHLGYILTCPSNLGTGLR,MtoD,5,23,M,D,human,keep,H0YJK0,CKB,False
acgb3_84,acgb3,AATYWLDEPK,AAPYWLDEPK,PtoT,3,337,P,T,human,keep,O94856,NFASC,False
acgb3_85,acgb3,NRPTSISSDGLDSGK,NRPTSISWDGLDSGK,WtoS,8,55,W,S,human,keep,P30086,PEBP1,False
acgb3_86,acgb3,QTAASAGLVDAPAAAPAAAR,QTAASAGLVDAPAPAPAAAR,PtoA,14,105,P,A,human,keep,Q92777,SYN2,False
acgb3_87,acgb3,NPSSAGSSNSGSSGPGSTGNR,NPSSAGSWNSGSSGPGSTGNR,WtoS,8,295,W,S,human,keep,P02671,FGA,False
acgb3_88,acgb3,LYTWGIVEVENQAHCDFVK,LYPWGIVEVENQAHCDFVK,PtoT,3,275,P,T,human,keep,G3XAH0,SEPT5,False
acgb3_89,acgb3,EAEGSGASGGGGGDTSQLR,EAEGSGASGGGGGDTTQLR,TtoS,16,875,T,S,human,keep,Q8TF21-2,ANKRD24,False
acgb3_90,acgb3,TTTTGWTLDQCIQTGVDNPGHPFIK,TTPTGWTLDQCIQTGVDNPGHPFIK,PtoT,3,81,P,T,human,keep,C9JJX8,CKMT1B,True
acgb3_92,acgb3,ALTVPELTQQDFDAK,ALTVPELTQQVFDAK,VtoD,11,293,V,D,human,keep,P07437,TUBB,True
acgb3_93,acgb3,ALDVPELTQQVFDAK,ALTVPELTQQVFDAK,TtoD,3,285,T,D,human,keep,P07437,TUBB,False
acgb3_94,acgb3,ELVDDSLNNVR,ELVDDSVNNVR,VtoL,7,178,V,L,human,keep,H7BY58,PCMT1,False
acgb3_96,acgb3,VAPEEHPPLLTEAPLNPK,VAPEEHPVLLTEAPLNPK,VtoP,8,105,V,P,human,keep,P68133,ACTA1,True
acgb3_97,acgb3,NMQNAEESFK,NMQNAEEWFK,WtoS,8,279,W,S,human,keep,P07196,NEFL,False
acgb3_98,acgb3,HLGGITWTYAEDAVPTLTPCR,HLGGIPWTYAEDAVPTLTPCR,PtoT,6,254,P,T,human,keep,P31930,UQCRC1,False
acgb3_99,acgb3,EPFSLFDK,EAFSLFDK,AtoP,2,63,A,P,human,keep,E7EMB3,CALM2,True
acgb3_100,acgb3,GVDAQGTSSK,GVDAQGTLSK,LtoS,8,284,L,S,human,keep,P02686,MBP,False
acgb3_102,acgb3,STESLQTNVQR,STESLQANVQR,AtoT,7,112,A,T,human,keep,P26373,RPL13,False
acgb3_103,acgb3,QEFEVMEDHAGMYGLGDR,QEFEVMEDHAGTYGLGDR,TtoM,12,17,T,M,human,keep,I3L2Z2,MAPT,False
acgb3_104,acgb3,ALPNSEDLVK,ALPSSEDLVK,StoN,4,158,S,N,human,keep,E5KLJ5,OPA1,False
acgb3_105,acgb3,AMGIMMSFVNDIFER,AMGIMNSFVNDIFER,NtoM,6,64,N,M,human,keep,U3KQK0,HIST1H2BN,True
acgb3_106,acgb3,LLEGEEDR,LLEGEEER,EtoD,7,385,E,D,human,keep,P02545,LMNA,True
acgb3_107,acgb3,GCEENLDEAR,GSEENLDEAR,StoC,2,617,S,C,human,keep,P35611-3,ADD1,False
acgb3_109,acgb3,DSPETEESPAPEPR,DSPETEENPAPEPR,NtoS,8,324,N,S,human,keep,Q14CZ8,HEPACAM,False
acgb3_110,acgb3,EQSGDYECSASNDVATPVVR,EQSGDYECSASNDVAAPVVR,AtoT,16,209,A,T,human,keep,Q9P121-4,NTM,False
acgb3_112,acgb3,APQEADAFMGVESGHVK,APQEADAFMGVESGHMK,MtoV,16,1099,M,V,human,keep,P11137,MAP2,False
acgb3_113,acgb3,QYTWGVVQVENENHCDFVK,QYPWGVVQVENENHCDFVK,PtoT,3,281,P,T,human,keep,B5ME97,SEPT10,True
acgb3_114,acgb3,QYPWNVVQVENENHCDFVK,QYPWGVVQVENENHCDFVK,GtoN,5,283,G,N,human,keep,B5ME97,SEPT10,True
acgb3_115,acgb3,ATSWFDTGLSEMR,APSWFDTGLSEMR,PtoT,2,58,P,T,human,keep,P02511,CRYAB,False
acgb3_117,acgb3,VLGTAGTEEGQK,ILGTAGTEEGQK,ItoV,1,176,I,V,human,keep,Q08257,CRYZ,False
acgb3_118,acgb3,GIQEEDEALVK,GIQEEMEALVK,MtoD,6,152,M,D,human,keep,Q16555,DPYSL2,False
acgb3_120,acgb3,TLNEADCATLPPAIR,TLNEADCATVPPAIR,VtoL,10,657,V,L,human,keep,P31040,SDHA,False
acgb3_121,acgb3,LYTWGVVEVENPEHNDFLK,LYPWGVVEVENPEHNDFLK,PtoT,3,294,P,T,human,keep,Q15019-2,SEPT2,False
acgb3_122,acgb3,AVDLITWMEYEFR,AVDLIPWMEYEFR,PtoT,6,673,P,T,human,keep,Q12860,CNTN1,False
acgb3_123,acgb3,EPLQDVEDENQ,EALQDVEDENQ,AtoP,2,29,A,P,human,keep,I3L0W5,YWHAE,False
acgb4_2,acgb4,DFTPVGTTELGR,DFTPVCTTELGR,CtoG,6,47,C,G,human,keep,P30041,PRDX6,False
acgb4_3,acgb4,NQSQLSADDLK,NQWQLSADDLK,WtoS,3,167,W,S,human,keep,P09543,CNP,False
acgb4_4,acgb4,NQDQLSADDLK,NQWQLSADDLK,WtoD,3,167,W,D,human,keep,P09543,CNP,False
acgb4_5,acgb4,NISFTVSDVGGQDK,NISFTVWDVGGQDK,WtoS,7,66,W,S,human,keep,F5H423,F5H423,True
acgb4_6,acgb4,FFESFGMLSTPDAVMGNPK,FFESFGDLSTPDAVMGNPK,DtoM,7,48,D,M,human,keep,P68871,HBB,False
acgb4_7,acgb4,LLQNVLVCVLAHHFGK,LLGNVLVCVLAHHFGK,GtoQ,3,108,G,Q,human,keep,P68871,HBB,False
acgb4_8,acgb4,SAVTALSGK,SAVTALWGK,WtoS,7,16,W,S,human,keep,P68871,HBB,False
acgb4_9,acgb4,MYGVLPWMAFPGK,MYGVLPWNAFPGK,NtoM,8,213,N,M,human,keep,P60201,PLP1,False
acgb4_10,acgb4,MYGVLTWNAFPGK,MYGVLPWNAFPGK,PtoT,6,211,P,T,human,keep,P60201,PLP1,False
acgb4_11,acgb4,MYGLLPWNAFPGK,MYGVLPWNAFPGK,VtoL,4,209,V,L,human,keep,P60201,PLP1,False
acgb4_12,acgb4,FYLGGPTSVR,FYLGGPTSIR,ItoV,9,345,I,V,human,keep,Q9Y512,SAMM50,False
acgb4_13,acgb4,LLVVYTWTQR,LLVVYPWTQR,PtoT,6,37,P,T,human,keep,P69892,HBG2,True
acgb4_14,acgb4,LLLTWLEAR,LLLPWLEAR,PtoT,4,864,P,T,human,keep,A0A087WVQ6,CLTC,False
acgb4_15,acgb4,QVTSTASTFVK,QATSTASTFVK,AtoV,2,35,A,V,human,keep,P56556,NDUFA6,False
acgb4_16,acgb4,CICNQLSLTTK,CICSQLSLTTK,StoN,4,209,S,N,human,keep,Q12765-2,SCRN1,False
acgb4_17,acgb4,FQLGNSGPNSTIK,FQLSNSGPNSTIK,StoG,4,659,S,G,human,keep,A0FGR8-6,ESYT2,False
acgb4_18,acgb4,TPCAVSCNIPVVSGK,TPCTVSCNIPVVSGK,TtoA,4,228,T,A,human,keep,P02675,FGB,False
acgb4_19,acgb4,IISNAGCTTNCLAPLAK,IISNASCTTNCLAPLAK,StoG,6,151,S,G,human,keep,P04406,GAPDH,False
acgb4_20,acgb4,LEVNMVPFPR,LAVNMVPFPR,AtoE,2,601,A,E,human,keep,A0A0B4J269,TUBB3,True
acgb4_21,acgb4,AGVAAPATQVVQVTLQSVQR,AGVAAPATQVAQVTLQSVQR,AtoV,11,641,A,V,human,keep,Q15149,PLEC,False
acgb4_23,acgb4,LAQEGGWGVMVSHR,LAQENGWGVMVSHR,NtoG,5,363,N,G,human,keep,P09104,ENO2,False
acgb4_24,acgb4,YPIEHGIITNSDDMEK,YPIEHGIITNWDDMEK,WtoS,11,81,W,S,human,keep,P68133,ACTA1,True
acgb4_26,acgb4,SGPFGQIFRPDNFVFGQSGAGNNSAK,SGPFGQIFRPDNFVFGQSGAGNNWAK,WtoS,24,29,W,S,human,keep,M0R1I1,TUBB4A,True
acgb4_27,acgb4,MDIAIHHTWIR,MDIAIHHPWIR,PtoT,8,8,P,T,human,keep,P02511,CRYAB,False
acgb4_28,acgb4,LAAENGWGVMVSHR,LAQENGWGVMVSHR,QtoA,3,361,Q,A,human,keep,P09104,ENO2,False
acgb4_29,acgb4,TVGMLSMMIAFYDMAR,TVGMLSNMIAFYDMAR,NtoM,7,543,N,M,human,keep,P38606,ATP6V1A,False
acgb4_30,acgb4,VGSSMRPLLQAQGLTPSER,VGSSMRPLLQAQGLAPSER,AtoT,15,741,A,T,human,keep,Q9UPA5,BSN,False
acgb4_31,acgb4,TMQGSEVVSVLK,TMQGSEVVNVLK,NtoS,9,555,N,S,human,keep,Q8WUM4-2,PDCD6IP,False
acgb4_32,acgb4,FFESFGDLSTPDAVMGMPK,FFESFGDLSTPDAVMGNPK,NtoM,17,58,N,M,human,keep,P68871,HBB,False
acgb4_33,acgb4,AGGVFLEELGNHK,AGQVFLEELGNHK,QtoG,3,207,Q,G,human,keep,P09543,CNP,False
acgb4_34,acgb4,SIQFVDSCPTGFK,SIQFVDWCPTGFK,WtoS,7,346,W,S,human,keep,P68363,TUBA1B,True
acgb4_35,acgb4,DGGAASPANEGR,DGGAASPATEGR,TtoN,9,1226,T,N,human,keep,Q7Z460,CLASP1,False
acgb4_37,acgb4,EQLYTTASLK,EQLYTPASLK,PtoT,6,71,P,T,human,keep,P41217-3,CD200,False
acgb4_38,acgb4,NSSYFPEWIPNNVK,NSSYFVEWIPNNVK,VtoP,6,689,V,P,human,keep,A0A0B4J269,TUBB3,True
acgb4_39,acgb4,YLSTASTMDHAR,YLATASTMDHAR,AtoS,3,17,A,S,human,keep,E9PLU9,MBP,False
acgb4_40,acgb4,HNMVGETEEEK,HNMCGETEEEK,CtoV,4,91,C,V,human,keep,P21266,GSTM3,False
acgb4_41,acgb4,TIDFVDWCPTGFK,TIQFVDWCPTGFK,QtoD,3,412,Q,D,human,keep,F5H5D3,TUBA1C,True
acgb4_42,acgb4,VLEAFSDGLAHLDNLK,VLGAFSDGLAHLDNLK,GtoE,3,70,G,E,human,keep,P68871,HBB,True
acgb4_43,acgb4,NTGQGCVCSNQFLVQR,NTGQTCVCSNQFLVQR,TtoG,5,352,T,G,human,keep,P51649-2,ALDH5A1,False
acgb4_44,acgb4,FDQALNVDLTEFQTNLVPYPR,FDGALNVDLTEFQTNLVPYPR,GtoQ,3,316,G,Q,human,keep,F5H5D3,TUBA1C,True
acgb4_45,acgb4,EANALAAGHPAQAAAINAR,EANALAAGHPAQAVAINAR,VtoA,14,1034,V,A,human,keep,O15020,SPTBN2,False
acgb4_46,acgb4,DLTTGYDSSQPNK,DVTTGYDSSQPNK,VtoL,2,531,V,L,human,keep,Q6PCE3,PGM2L1,False
acgb4_47,acgb4,AAAPAPVSEAVSR,AAAPAPVSEAVCR,CtoS,12,491,C,S,human,keep,P20810-6,CAST,False
acgb4_48,acgb4,TGTAEMNSILEER,TGTAEMSSILEER,StoN,7,52,S,N,human,keep,P25705,ATP5A1,False
acgb4_49,acgb4,MQDAFSAIGQNADLDLPQIAVVGGQSAGK,LQDAFSAIGQNADLDLPQIAVVGGQSAGK,LtoM,1,16,L,M,human,keep,Q05193-2,DNM1,False
acgb4_50,acgb4,ILAAQGQVSAQGGAQPSVEAPAAPRPTATQLTR,ILAAQGQLSAQGGAQPSVEAPAAPRPTATQLTR,LtoV,8,150,L,V,human,keep,Q9H936,SLC25A22,False
acgb4_51,acgb4,TTWGIIEVENLNHCEFALLR,TPWGIIEVENLNHCEFALLR,PtoT,2,283,P,T,human,keep,Q9UH03,SEPT3,False
acgb4_52,acgb4,GFEVVYGTEPIDEYCVQQLK,GFEVVYMTEPIDEYCVQQLK,MtoG,7,513,M,G,human,keep,P08238,HSP90AB1,True
acgb4_54,acgb4,GVDAQTTLSK,GVDAQGTLSK,GtoT,6,282,G,T,human,keep,P02686,MBP,False
acgb4_55,acgb4,SVATGSSEAAGGASGGGAR,SVATGSSETAGGASGGGAR,TtoA,9,10,T,A,human,keep,Q8TAE6,PPP1R14C,False
acgb4_56,acgb4,LEIWDTAGQER,FEIWDTAGQER,FtoL,1,94,F,L,human,keep,P61018-2,RAB4B,True
acgb4_57,acgb4,NRDVEMGMSVIEENEMK,NRDVEMGNSVIEENEMK,NtoM,8,511,N,M,human,keep,P43003,SLC1A3,False
acgb4_59,acgb4,GDSAPAAAK,GDSAPATAK,TtoA,7,107,T,A,human,keep,O75781,PALM,False
acgb4_60,acgb4,FSWGQEGQR,FSWGAEGQR,AtoQ,5,252,A,Q,human,keep,P02686,MBP,False
acgb4_61,acgb4,ENTDLAGELR,ENADLAGELR,AtoT,3,1241,A,T,human,keep,B1PS43,MYH11,False
acgb4_62,acgb4,QLAEEDAAQQR,QLAEEDLAQQR,LtoA,7,1961,L,A,human,keep,Q15149,PLEC,False
acgb4_63,acgb4,HNDVIPSMAQGVIEYK,HNDVIPTMAQGVIEYK,TtoS,7,175,T,S,human,keep,Q15118-2,PDK1,False
acgb4_64,acgb4,WGMAGAEYVVESTGVFTTMEK,WGDAGAEYVVESTGVFTTMEK,DtoM,3,89,D,M,human,keep,P04406,GAPDH,False
acgb4_65,acgb4,TIGGGDDSFMTFFSETGAGK,TIGGGDDSFNTFFSETGAGK,NtoM,10,15,N,M,human,keep,F8VXZ7,TUBA1A,True
acgb4_66,acgb4,SDSELNNEVAAR,SDSELNSEVAAR,StoN,7,266,S,N,human,keep,Q53TN4,CYBRD1,False
acgb4_67,acgb4,VGEQAQVVIIDMMDPSNPIR,VGEQAQVVIIDMNDPSNPIR,NtoM,13,56,N,M,human,keep,A0A087WVQ6,CLTC,False
acgb4_68,acgb4,QTAASAGLVDAPAAAPAAAR,QTAASAGLVDAPAPAPAAAR,PtoA,14,105,P,A,human,keep,Q92777,SYN2,False
acgb4_70,acgb4,MNSPIPILPLPTPDAETEK,MESPIPILPLPTPDAETEK,EtoN,2,335,E,N,human,keep,G3XAH0,SEPT5,False
acgb4_71,acgb4,GVDAQGTSSK,GVDAQGTLSK,LtoS,8,284,L,S,human,keep,P02686,MBP,False
acgb4_72,acgb4,ELVDDSLNNVR,ELVDDSVNNVR,VtoL,7,178,V,L,human,keep,H7BY58,PCMT1,False
acgb4_73,acgb4,VAPEEHPVLLDEAPLNPK,VAPEEHPVLLTEAPLNPK,TtoD,11,106,T,D,human,keep,P63261,ACTG1,True
acgb4_74,acgb4,HLGGITWTYAEDAVPTLTPCR,HLGGIPWTYAEDAVPTLTPCR,PtoT,6,254,P,T,human,keep,P31930,UQCRC1,False
acgb4_75,acgb4,VMQVVDEK,IMQVVDEK,ItoV,1,109,I,V,human,keep,Q13510-2,ASAH1,False
acgb4_77,acgb4,DSYVQDEAQSK,DSYVGDEAQSK,GtoQ,5,57,G,Q,human,keep,P68133,ACTA1,True
acgb4_78,acgb4,TTGIVMMSGDGVTHTVPIYEGYALPHAILR,TTGIVMDSGDGVTHTVPIYEGYALPHAILR,DtoM,7,154,D,M,human,keep,P63261,ACTG1,True
acgb4_79,acgb4,YPGAWLAWCQEEHK,YPGAELAWCQEEHK,EtoW,5,938,E,W,human,keep,Q9ULD0,OGDHL,False
acgb4_80,acgb4,NLIPFMQMTIEDLNEAFPETK,NLIPFDQMTIEDLNEAFPETK,DtoM,6,129,D,M,human,keep,O75947,ATP5H,False
acgb4_81,acgb4,LTQAQIFDYSEIPNFPR,LTQAQIFDYGEIPNFPR,GtoS,10,51,G,S,human,keep,P00491,PNP,False
acgb4_82,acgb4,GYFIQPTVFGDVQMGMTIAK,GYFIQPTVFGDVQDGMTIAK,DtoM,14,408,D,M,human,keep,P05091,ALDH2,False
acgb4_83,acgb4,VGAHAGEDGAEALER,VGAHAGEYGAEALER,YtoD,8,25,Y,D,human,keep,P69905,HBA1,False
acgb4_84,acgb4,VGANAGEYGAEALER,VGAHAGEYGAEALER,HtoN,4,21,H,N,human,keep,P69905,HBA1,False
acgb4_85,acgb4,ATSWFDTGLSEMR,APSWFDTGLSEMR,PtoT,2,58,P,T,human,keep,P02511,CRYAB,False
acgb4_87,acgb4,VGAHSGEYGAEALER,VGAHAGEYGAEALER,AtoS,5,22,A,S,human,keep,P69905,HBA1,False
acgb4_88,acgb4,GAEATETPAK,GAEATETQAK,QtoP,8,638,Q,P,human,keep,Q8WUH2,TGFBRAP1,False
acgb4_89,acgb4,TLNEADCATLPPAIR,TLNEADCATVPPAIR,VtoL,10,657,V,L,human,keep,P31040,SDHA,False
acgb4_90,acgb4,DDDIAALPVDNGSGMCK,DDDIAALVVDNGSGMCK,VtoP,8,9,V,P,human,keep,P60709,ACTB,False
acgb4_91,acgb4,DDDIAALVVDNGSGDCK,DDDIAALVVDNGSGMCK,MtoD,15,16,M,D,human,keep,P60709,ACTB,False
acgb5_4,acgb5,DFTPVGTTELGR,DFTPVCTTELGR,CtoG,6,47,C,G,human,keep,P30041,PRDX6,False
acgb5_5,acgb5,NQSQLSADDLK,NQWQLSADDLK,WtoS,3,167,W,S,human,keep,P09543,CNP,False
acgb5_6,acgb5,LRDEQLNSPYSCQAEGPCLTR,LRDEQLNAPYSCQAEGPCLTR,AtoS,8,39,A,S,human,keep,A2RTX5,TARSL2,False
acgb5_7,acgb5,KAEGVALTNATGVVESTSQAGDR,KAEGVALTNATGAVESTSQAGDR,AtoV,13,334,A,V,human,keep,Q9BY11,PACSIN1,False
acgb5_8,acgb5,VAVIGSPVDLTYTYDHLGDSPK,VALIGSPVDLTYTYDHLGDSPK,LtoV,3,445,L,V,human,keep,P28331-2,NDUFS1,False
acgb5_9,acgb5,GFVPMMQVEGVFYVNDALEK,GFVPNMQVEGVFYVNDALEK,NtoM,5,29,N,M,human,keep,Q9Y3I0,RTCB,False
acgb5_10,acgb5,EAESCDCLQGFQLTHSLGGGTGNGMGTLLLSK,EAESCDCLQGFQLTHSLGGGTGSGMGTLLLSK,StoN,23,145,S,N,human,keep,Q3ZCM7,TUBB8,False
acgb5_11,acgb5,VVAQVANALAHK,VVAGVANALAHK,GtoQ,4,137,G,Q,human,keep,P68871,HBB,True
acgb5_13,acgb5,MYGVLTWNAFPGK,MYGVLPWNAFPGK,PtoT,6,211,P,T,human,keep,P60201,PLP1,False
acgb5_14,acgb5,MYQVLPWNAFPGK,MYGVLPWNAFPGK,GtoQ,3,208,G,Q,human,keep,P60201,PLP1,False
acgb5_15,acgb5,QVTSTASTFVK,QATSTASTFVK,AtoV,2,35,A,V,human,keep,P56556,NDUFA6,False
acgb5_16,acgb5,VCGSGLLSICK,VCGSNLLSICK,NtoG,5,223,N,G,human,keep,P60201,PLP1,False
acgb5_17,acgb5,HMAGAAAAGAVVGGLGGYVLGSAMSR,HMAGAAAAGAVVGGLGGYMLGSAMSR,MtoV,19,129,M,V,human,keep,P04156,PRNP,False
acgb5_19,acgb5,IISNAGCTTNCLAPLAK,IISNASCTTNCLAPLAK,StoG,6,151,S,G,human,keep,P04406,GAPDH,False
acgb5_20,acgb5,LVVGQNGILSTPAVSCIIR,LVIGQNGILSTPAVSCIIR,ItoV,3,106,I,V,human,keep,P36871-2,PGM1,False
acgb5_21,acgb5,VGNTWDPNVLYGPLHTK,VGNPWDPNVLYGPLHTK,PtoT,4,362,P,T,human,keep,P49419,ALDH7A1,False
acgb5_22,acgb5,EITALSPSTMK,EITALAPSTMK,AtoS,6,323,A,S,human,keep,P68133,ACTA1,True
acgb5_25,acgb5,LAAENGWGVMVSHR,LAQENGWGVMVSHR,QtoA,3,361,Q,A,human,keep,P09104,ENO2,False
acgb5_26,acgb5,STMMNPTTTQYASLMHSFILK,STMDNPTTTQYASLMHSFILK,DtoM,4,35,D,M,human,keep,Q9NP97,DYNLRB1,False
acgb5_27,acgb5,DLYANTVLSGGTQMYPGIADR,DLYANTVLSGGTTMYPGIADR,TtoQ,13,304,T,Q,human,keep,P63261,ACTG1,True
acgb5_28,acgb5,VGSSMRPLLQAQGLTPSER,VGSSMRPLLQAQGLAPSER,AtoT,15,741,A,T,human,keep,Q9UPA5,BSN,False
acgb5_29,acgb5,DVTNDVHYENYR,DVTCDVHYENYR,CtoN,4,302,C,N,human,keep,Q16181,SEPT7,True
acgb5_30,acgb5,MSATFIQNSTAIQELFK,MSATFIGNSTAIQELFK,GtoQ,7,369,G,Q,human,keep,Q9BVA1,TUBB2B,True
acgb5_31,acgb5,TIQFVDSCPTGFK,TIQFVDWCPTGFK,WtoS,7,416,W,S,human,keep,F5H5D3,TUBA1C,True
acgb5_32,acgb5,EDAANNDAR,EDAANNYAR,YtoD,7,173,Y,D,human,keep,F5H5D3,TUBA1C,True
acgb5_33,acgb5,AGGVFLEELGNHK,AGQVFLEELGNHK,QtoG,3,207,Q,G,human,keep,P09543,CNP,False
acgb5_35,acgb5,VGSTENLK,IGSTENLK,ItoV,1,595,I,V,human,keep,P10636-9,MAPT,True
acgb5_38,acgb5,LDEHQGEGTTPCTSSILQEK,LDEHQGEGTAPCTSSILQEK,AtoT,10,80,A,T,human,keep,Q9BZ71,PITPNM3,False
acgb5_39,acgb5,SIQFVDSCPTGFK,SIQFVDWCPTGFK,WtoS,7,346,W,S,human,keep,P68363,TUBA1B,True
acgb5_40,acgb5,GLTSIVNEK,GLTSIQNEK,QtoV,6,92,Q,V,human,keep,Q7Z3T8,ZFYVE16,False
acgb5_41,acgb5,VLEAFSDGLAHLDNLK,VLGAFSDGLAHLDNLK,GtoE,3,70,G,E,human,keep,P68871,HBB,True
acgb5_42,acgb5,TSIAVDTIINQK,TSIAIDTIINQK,ItoV,5,223,I,V,human,keep,P25705,ATP5A1,False
acgb5_43,acgb5,PVSPALSEGSSSEATTPVISSVAER,PASPALSEGSSSEATTPVISSVAER,AtoV,2,2489,A,V,human,keep,E9PGC8,MAP1A,False
acgb5_44,acgb5,FFESFQDLSTPDAVMGNPK,FFESFGDLSTPDAVMGNPK,GtoQ,6,47,G,Q,human,keep,P68871,HBB,False
acgb5_45,acgb5,YVSLIYTNYEAGK,YISLIYTNYEAGK,ItoV,2,105,I,V,human,keep,P09211,GSTP1,False
acgb5_46,acgb5,NTGQGCVCSNQFLVQR,NTGQTCVCSNQFLVQR,TtoG,5,352,T,G,human,keep,P51649-2,ALDH5A1,False
acgb5_47,acgb5,EANALAAGHPAQAAAINAR,EANALAAGHPAQAVAINAR,VtoA,14,1034,V,A,human,keep,O15020,SPTBN2,False
acgb5_48,acgb5,GVQDIVVGEGTHFLITWVQK,GVQDIVVGEGTHFLIPWVQK,PtoT,16,59,P,T,human,keep,P35232,PHB,False
acgb5_49,acgb5,AFDQGADAIYDHVNEGK,AFDQGADAIYDHINEGK,ItoV,13,47,I,V,human,keep,Q9UDW1,UQCR10,False
acgb5_50,acgb5,ALTFWNEEIVPQIK,ALPFWNEEIVPQIK,PtoT,3,165,P,T,human,keep,Q8N0Y7,PGAM4,True
acgb5_52,acgb5,TGTAEMNSILEER,TGTAEMSSILEER,StoN,7,52,S,N,human,keep,P25705,ATP5A1,False
acgb5_53,acgb5,GFEVVYGTEPIDEYCVQQLK,GFEVVYMTEPIDEYCVQQLK,MtoG,7,513,M,G,human,keep,P08238,HSP90AB1,True
acgb5_54,acgb5,TQDENPPVHFFK,TQDENPVVHFFK,VtoP,7,220,V,P,human,keep,P02686,MBP,False
acgb5_55,acgb5,TCSFDFTGAVEDISK,TCGFDFTGAVEDISK,GtoS,3,188,G,S,human,keep,P00505,GOT2,False
acgb5_57,acgb5,VLGAFSDGLAHLDNVK,VLGAFSDGLAHLDNLK,LtoV,15,82,L,V,human,keep,P68871,HBB,True
acgb5_58,acgb5,GVDAQTTLSK,GVDAQGTLSK,GtoT,6,282,G,T,human,keep,P02686,MBP,False
acgb5_59,acgb5,NYTSMYDK,NYTSVYDK,VtoM,5,264,V,M,human,keep,Q9Y2T3-3,GDA,False
acgb5_60,acgb5,SVATGSSEAAGGASGGGAR,SVATGSSETAGGASGGGAR,TtoA,9,10,T,A,human,keep,Q8TAE6,PPP1R14C,False
acgb5_61,acgb5,WLTLEANPEVTNQFLK,WLPLEANPEVTNQFLK,PtoT,3,8,P,T,human,keep,P15374,UCHL3,False
acgb5_62,acgb5,EGVVDGVATVAEK,EGVVHGVATVAEK,HtoD,5,50,H,D,human,keep,P37840,SNCA,False
acgb5_63,acgb5,AEGAPNQGK,AEGTPNQGK,TtoA,4,583,T,A,human,keep,Q9P2E9,RRBP1,False
acgb5_65,acgb5,DSRPSQAAGDNQGDEVK,DSRPSQAAGDNQGDEAK,AtoV,16,201,A,V,human,keep,Q9Y2W1,THRAP3,False
acgb5_66,acgb5,GDSAPAAAK,GDSAPATAK,TtoA,7,107,T,A,human,keep,O75781,PALM,False
acgb5_67,acgb5,VLNNMNIGTSLFDEEGAK,VLNNMEIGTSLFDEEGAK,EtoN,6,252,E,N,human,keep,P00558,PGK1,False
acgb5_68,acgb5,GFIGPGIDVPAPDDSTGER,GFIGPGIDVPAPDMSTGER,MtoD,14,226,M,D,human,keep,P00367,GLUD1,False
acgb5_69,acgb5,NRPTSISDDGLDSGK,NRPTSISWDGLDSGK,WtoD,8,55,W,D,human,keep,P30086,PEBP1,False
acgb5_70,acgb5,QTAASAGLVDAAAPAPAAAR,QTAASAGLVDAPAPAPAAAR,PtoA,12,103,P,A,human,keep,A0A087WW96,SYN2,False
acgb5_71,acgb5,QTAASAGLVDAPAAAPAAAR,QTAASAGLVDAPAPAPAAAR,PtoA,14,105,P,A,human,keep,Q92777,SYN2,False
acgb5_72,acgb5,SDSELNNEVAAR,SDSELNSEVAAR,StoN,7,266,S,N,human,keep,Q53TN4,CYBRD1,False
acgb5_73,acgb5,AAEAAAAPAESASPAAGEEPSK,AAEAAAAPAESAAPAAGEEPSK,AtoS,13,134,A,S,human,keep,P80723,BASP1,False
acgb5_75,acgb5,VDNSSLTGESEPQDR,VDNSSLTGESEPQTR,TtoD,14,234,T,D,human,keep,Q13733,ATP1A4,True
acgb5_76,acgb5,DYEFMWNTHLGYILTCPSNLGTGLR,DYEFMWNPHLGYILTCPSNLGTGLR,PtoT,8,26,P,T,human,keep,H0YJK0,CKB,False
acgb5_77,acgb5,GVDAQGTSSK,GVDAQGTLSK,LtoS,8,284,L,S,human,keep,P02686,MBP,False
acgb5_78,acgb5,ALTVPELDQQMFDAK,ALTVPELTQQMFDAK,TtoD,8,637,T,D,human,keep,A0A0B4J269,TUBB3,True
acgb5_80,acgb5,TSASIGSLCGDAR,TSASIGSLCADAR,AtoG,10,202,A,G,human,keep,P60201,PLP1,False
acgb5_81,acgb5,VAPEEHPPLLTEAPLNPK,VAPEEHPVLLTEAPLNPK,VtoP,8,105,V,P,human,keep,P68133,ACTA1,True
acgb5_83,acgb5,DIGAIAQPHAENGDIIAEEQQR,DIGAIAQVHAENGDIIAEEQQR,VtoP,8,197,V,P,human,keep,Q16555,DPYSL2,False
acgb5_84,acgb5,TTTTGWTLDQCIQTGVDNPGHPFIK,TTPTGWTLDQCIQTGVDNPGHPFIK,PtoT,3,81,P,T,human,keep,C9JJX8,CKMT1B,True
acgb5_85,acgb5,ENAEQGEVDVESHR,ENAEQGEVDMESHR,MtoV,10,166,M,V,human,keep,P14209,CD99,False
acgb5_86,acgb5,AMGIMNSPVNDIFER,AMGIMNSFVNDIFER,FtoP,8,66,F,P,human,keep,U3KQK0,HIST1H2BN,True
acgb5_87,acgb5,VMQVVDEK,IMQVVDEK,ItoV,1,109,I,V,human,keep,Q13510-2,ASAH1,False
acgb5_88,acgb5,STESLQTNVQR,STESLQANVQR,AtoT,7,112,A,T,human,keep,P26373,RPL13,False
acgb5_89,acgb5,ALPNSEDLVK,ALPSSEDLVK,StoN,4,158,S,N,human,keep,E5KLJ5,OPA1,False
acgb5_90,acgb5,VAPEEHPVLLTEAQLNPK,VAPEEHPVLLTEAPLNPK,PtoQ,14,109,P,Q,human,keep,P63261,ACTG1,True
acgb5_91,acgb5,YVSLIYTNYEAGKDDYVK,YISLIYTNYEAGKDDYVK,ItoV,2,105,I,V,human,keep,P09211,GSTP1,False
acgb5_92,acgb5,LLEGEEDR,LLEGEEER,EtoD,7,385,E,D,human,keep,P02545,LMNA,True
acgb5_93,acgb5,EPFSLFDK,EAFSLFDK,AtoP,2,63,A,P,human,keep,E7EMB3,CALM2,True
acgb5_94,acgb5,GCEENLDEAR,GSEENLDEAR,StoC,2,617,S,C,human,keep,P35611-3,ADD1,False
acgb5_96,acgb5,AVEEELDTEDRPAWNSK,AVEEELDAEDRPAWNSK,AtoT,8,57,A,T,human,keep,Q9H1V8,SLC6A17,False
acgb5_97,acgb5,EEIPEEELDEDVEEIDHAER,EEIPEEELAEDVEEIDHAER,AtoD,9,1110,A,D,human,keep,Q01814,ATP2B2,True
acgb5_98,acgb5,EYQLNDSAAYYLNDVER,EYQLNDSAAYYLNDLER,LtoV,15,160,L,V,human,keep,P04899-4,GNAI2,False
acgb5_99,acgb5,ELDQWLEQLNECK,ELDQWVEQLNECK,VtoL,6,14,V,L,human,keep,P67775,PPP2CA,True
acgb5_100,acgb5,VLMEDDDLYSCVVENPISQGR,VLMEDDDLYSCMVENPISQGR,MtoV,12,218,M,V,human,keep,Q14CZ8,HEPACAM,False
acgb5_101,acgb5,LTQAQIFDYSEIPNFPR,LTQAQIFDYGEIPNFPR,GtoS,10,51,G,S,human,keep,P00491,PNP,False
acgb5_102,acgb5,VLGTAGTEEGQK,ILGTAGTEEGQK,ItoV,1,176,I,V,human,keep,Q08257,CRYZ,False
acgb5_103,acgb5,ATSWFDTGLSEMR,APSWFDTGLSEMR,PtoT,2,58,P,T,human,keep,P02511,CRYAB,False
acgb5_104,acgb5,AMGRMNSFVNDIFER,AMGIMNSFVNDIFER,ItoR,4,62,I,R,human,keep,U3KQK0,HIST1H2BN,True
acgb5_105,acgb5,NHLDQNPQLQWNATEPSR,NHLDQNPQLQWNTTEPSR,TtoA,13,868,T,A,human,keep,O75899,GABBR2,False
acgb5_106,acgb5,LLTQDEGPALVPSGR,LLTQDEGPALVPGGR,GtoS,13,210,G,S,human,keep,Q5T440,IBA57,False
acgb5_107,acgb5,ELINNELSHFLEEVK,ELINNELSHFLEEIK,ItoV,14,48,I,V,human,keep,P04271,S100B,False
acgb5_108,acgb5,VGAHAGEYGAEASER,VGAHAGEYGAEALER,LtoS,13,30,L,S,human,keep,P69905,HBA1,False
acgb5_109,acgb5,MDENQFVSVTSTNAAK,MDENQFVAVTSTNAAK,AtoS,8,496,A,S,human,keep,Q14194-2,CRMP1,True
acgb5_110,acgb5,EPLQDVEDENQ,EALQDVEDENQ,AtoP,2,29,A,P,human,keep,I3L0W5,YWHAE,False
acgb5_111,acgb5,VGANAGEYGAEALER,VGAHAGEYGAEALER,HtoN,4,21,H,N,human,keep,P69905,HBA1,False
acgb5_112,acgb5,QLQSLDCDLESLR,QLQSLTCDLESLR,TtoD,6,293,T,D,human,keep,P14136-2,GFAP,False
acgb5_113,acgb5,ETPAATEAPSSDPK,ETPAATEAPSSTPK,TtoD,12,196,T,D,human,keep,P80723,BASP1,False
acgb5_114,acgb5,DDDIAALVVDNGSGFCK,DDDIAALVVDNGSGMCK,MtoF,15,16,M,F,human,keep,P60709,ACTB,False
acgb5_115,acgb5,DDDIAALVVMNGSGMCK,DDDIAALVVDNGSGMCK,DtoM,10,11,D,M,human,keep,P60709,ACTB,False
acgb5_116,acgb5,DDDIAALVVDNGSGDCK,DDDIAALVVDNGSGMCK,MtoD,15,16,M,D,human,keep,P60709,ACTB,False
acgb5_117,acgb5,SSSYDEASLAPEETTMSFWEVGNYK,SSSYDEASLAPEETTDSFWEVGNYK,DtoM,16,17,D,M,human,keep,Q9BY11,PACSIN1,False
